{"type":"FeatureCollection","features":[{"type":"Feature","geometry":{"type":"MultiPolygon","coordinates":[[[[-122.27053820799995,37.904439966000041],[-122.27419320899998,37.90502996500004],[-122.27989320899997,37.900629965000064],[-122.28849320999996,37.89792996400007],[-122.31299246999998,37.897330253000064],[-122.30918181799996,37.892627273000073],[-122.31658181799997,37.889627273000031],[-122.30783636299998,37.87079090900005],[-122.31407272699994,37.869600000000048],[-122.31678181799998,37.872727273000066],[-122.32225454499996,37.871118182000032],[-122.31865454499996,37.866845454000043],[-122.31552727199994,37.868745454000077],[-122.31181818199997,37.865109091000079],[-122.31648181799994,37.86422727300004],[-122.31784545399995,37.866245454000079],[-122.31658181799997,37.858727273000056],[-122.31598181799995,37.862327273000062],[-122.30688181799997,37.865727273000061],[-122.30618181799997,37.859327273000076],[-122.30469090899999,37.863018182000076],[-122.30359090899998,37.861618182000029],[-122.30069090899997,37.850854545000061],[-122.30299090899996,37.84655454500006],[-122.30038181799995,37.846354545000054],[-122.29826363599994,37.840336364000052],[-122.31117272699998,37.836718182000027],[-122.29949999999997,37.836654545000044],[-122.29539999999997,37.82941818200004],[-122.29979090899997,37.83061818200008],[-122.29979090899997,37.828218182000057],[-122.30918181799996,37.827327273000037],[-122.31428181799998,37.829427273000078],[-122.32068181799997,37.824227273000076],[-122.329181818,37.821827273000054],[-122.32898181799999,37.820427273000064],[-122.31918181799995,37.821727273000079],[-122.31918181799995,37.819027273000074],[-122.31568181799997,37.821827273000054],[-122.30848181799996,37.821127273000059],[-122.30868181799997,37.819127273000049],[-122.31338181799998,37.819327273000056],[-122.32008181799995,37.814227273000029],[-122.32248181799997,37.810427273000073],[-122.33286363599996,37.810763636000047],[-122.34149999999994,37.804736364000064],[-122.33999090899999,37.80292727300008],[-122.32837272699999,37.80773636400005],[-122.32517272699999,37.80693636400008],[-122.32727272699998,37.801327273000027],[-122.33198181799997,37.800527273000057],[-122.32728181799996,37.798427273000073],[-122.30577272699998,37.794209091000027],[-122.28110909099996,37.796145454000055],[-122.26884545399997,37.79001818200004],[-122.26359999999994,37.791254545000072],[-122.26471818199997,37.78832727300005],[-122.25988181799994,37.789927273000046],[-122.26198181799998,37.787127273000067],[-122.25908181799997,37.786127273000034],[-122.25379999999996,37.78801818200003],[-122.24768181799999,37.786527273000047],[-122.24340909099999,37.783563636000054],[-122.24390909099998,37.779072727000027],[-122.24038181799995,37.77492727300006],[-122.22439090899996,37.76464545400006],[-122.22238181799997,37.758527273000027],[-122.21258181799999,37.761190909000049],[-122.21126363599996,37.759000000000071],[-122.21413636299997,37.757145454000067],[-122.21308181799998,37.760445454000035],[-122.21689999999995,37.75923636400006],[-122.21273636299998,37.751581818000034],[-122.20820909099996,37.752790909000055],[-122.21490909099998,37.749536364000051],[-122.20839999999998,37.742036364000057],[-122.21778181799999,37.748736364000024],[-122.20819090899994,37.730481818000044],[-122.21458181799994,37.739927273000035],[-122.22532727199996,37.746881818000077],[-122.25018181799999,37.748036364000029],[-122.25888181799996,37.743318182000053],[-122.25887272699998,37.739627273000053],[-122.24478181799998,37.725327273000062],[-122.25004545399997,37.726327273000038],[-122.25138181799997,37.724227273000054],[-122.21338181799996,37.698727273000031],[-122.21047272699997,37.701327273000061],[-122.20977272699997,37.71042727300005],[-122.19388181799997,37.714027273000056],[-122.20128181799998,37.710327273000075],[-122.19788181799998,37.703027273000032],[-122.19078181799995,37.703927273000033],[-122.19238181799994,37.708827273000054],[-122.18938181799996,37.700254545000064],[-122.19418181799995,37.698327273000075],[-122.19498181799997,37.694927273000076],[-122.19338181799998,37.697927273000062],[-122.18888181799997,37.697927273000062],[-122.18848181799996,37.695627273000071],[-122.19318181799997,37.695027273000051],[-122.18639999999999,37.695172727000056],[-122.18768181799999,37.691127273000063],[-122.19267272699994,37.692427273000078],[-122.18917272699997,37.689527273000067],[-122.18397272699997,37.690627273000075],[-122.17667272699998,37.681427273000054],[-122.17327272699998,37.680627273000027],[-122.16268181799995,37.670254545000034],[-122.15687272699995,37.656436364000058],[-122.14997272699998,37.61680909100005],[-122.14517272699999,37.602136364000046],[-122.14780909099994,37.590936364000072],[-122.14599999999996,37.582927273000053],[-122.14279999999997,37.580345454000053],[-122.13407272699999,37.56287272700007],[-122.13117272699998,37.562136364000025],[-122.12957272699998,37.564236364000067],[-122.11217272699997,37.529936364000037],[-122.10947272699997,37.50353636400007],[-122.10277272699994,37.499836364000032],[-122.08747272699998,37.503736364000076],[-122.08627272699999,37.506836364000037],[-122.07907272699998,37.509936364000055],[-122.07777272699997,37.506336364000049],[-122.08027272699997,37.502036364000048],[-122.06057272699996,37.498336364000068],[-122.05357272699996,37.492936364000059],[-122.03827272699999,37.49383636400006],[-122.03437272699995,37.491336364000063],[-122.03137272699996,37.481436364000047],[-122.02777272699996,37.477936364000072],[-122.02577272699995,37.478336364000029],[-122.02427272699998,37.482736364000061],[-122.02507272699995,37.476836364000064],[-122.02817272699997,37.477336364000053],[-122.03317272699996,37.482836364000036],[-122.03527272699995,37.489936364000073],[-122.03957272699995,37.491836364000051],[-122.05627272699996,37.490736364000043],[-122.05237272699998,37.477536364000059],[-122.05387272699994,37.47213636400005],[-122.05039090899999,37.466763636000053],[-122.03758181799998,37.469581818000051],[-122.01787272699994,37.46783636400005],[-121.99967272699996,37.470036364000066],[-121.98687272699999,37.465936364000072],[-121.97927272699997,37.470954545000041],[-121.96746363599999,37.468454545000043],[-121.95817272699998,37.470836364000036],[-121.96667272699995,37.467536364000068],[-121.96747272699997,37.463236364000068],[-121.95916797499996,37.463490112000045],[-121.94813910799996,37.46184995200008],[-121.94492710899999,37.469167952000078],[-121.94423910799998,37.465826953000033],[-121.93925410699995,37.46249195300004],[-121.93121210599998,37.460648953000032],[-121.93263910499996,37.455151952000051],[-121.92845710499995,37.457398953000052],[-121.92505410399997,37.454190953000079],[-121.91134510299997,37.462240955000027],[-121.89086910099996,37.467986957000051],[-121.88775110099999,37.470940958000028],[-121.88116809899998,37.471080957000027],[-121.86528009799997,37.484641960000033],[-121.47266103799996,37.482174988000054],[-121.47193803799996,37.481787988000065],[-121.46928803899999,37.489692989000048],[-121.47937503999998,37.496488989000056],[-121.48207804199996,37.501443988000062],[-121.49319604399994,37.502425988000027],[-121.49603004399995,37.504942988000039],[-121.49724504499994,37.512467989000072],[-121.50238404699996,37.518474989000026],[-121.49828104699998,37.52243198900004],[-121.50148804699995,37.525007989000073],[-121.52234104999997,37.524709988000041],[-121.52883005199999,37.52806498700005],[-121.54062405399998,37.529826987000035],[-121.55666805799996,37.542736987000069],[-121.55694908999999,37.817223011000067],[-121.55917308999994,37.818932010000026],[-121.62417409699998,37.799132005000047],[-121.96078313999999,37.718633973000067],[-121.97248314299998,37.728532973000029],[-121.98998414499999,37.733632972000066],[-121.99358414699998,37.738132973000063],[-122.00108414799996,37.739032971000029],[-122.01178415099997,37.74743297200007],[-122.01078415199999,37.755131972000072],[-121.99778415099996,37.763231974000064],[-122.01408515499998,37.78023197400006],[-122.03048515799998,37.787731973000064],[-122.04548616099999,37.79813097300007],[-122.14056417699999,37.804598967000061],[-122.14882117899998,37.813764967000054],[-122.15740518099994,37.817956967000043],[-122.16688618099994,37.81342896600006],[-122.18599018599997,37.820730965000052],[-122.18719018599995,37.82873096600008],[-122.18419218699995,37.833926966000035],[-122.18529018799995,37.837030966000043],[-122.19611418999995,37.842009966000035],[-122.19528718999999,37.843591966000076],[-122.20410719199998,37.851391966000051],[-122.20849919299997,37.851694966000025],[-122.22150119599996,37.865030967000052],[-122.21628919599999,37.868826967000075],[-122.22389119799999,37.878330967000068],[-122.23869219999995,37.883329966000076],[-122.24198420099998,37.881931966000025],[-122.24892720199995,37.886871966000058],[-122.24949020399998,37.893090967000035],[-122.25554620499997,37.89597096600005],[-122.25691920599996,37.899827966000032],[-122.26085020599999,37.899689966000039],[-122.26537920699997,37.904265966000025],[-122.27053820799995,37.904439966000041]]],[[[-122.30338181799999,37.79090909100006],[-122.33218181799998,37.797927273000028],[-122.33227960899995,37.788119467000058],[-122.32888920199997,37.782727952000073],[-122.32767980699998,37.780813873000056],[-122.31778181799996,37.77922727300006],[-122.31528181799996,37.776427273000024],[-122.30728181799998,37.775627273000055],[-122.30208181799998,37.773627273000045],[-122.30278181799997,37.772218182000074],[-122.29149090899995,37.769027273000063],[-122.28208181799999,37.771327273000054],[-122.28082727199995,37.766600000000039],[-122.27542727199994,37.767709091000029],[-122.27551818199998,37.76350909100006],[-122.23654545399995,37.749018182000043],[-122.22516363599999,37.755254545000071],[-122.22539090899994,37.763854545000072],[-122.23042727199999,37.768254545000048],[-122.25058181799994,37.776627273000031],[-122.25538181799999,37.779027273000054],[-122.25488181799994,37.780427273000043],[-122.25688181799995,37.777527273000032],[-122.25878181799999,37.778627273000041],[-122.25718181799999,37.78122727300007],[-122.25998181799997,37.78262727300006],[-122.26148181799999,37.778327273000059],[-122.26158181799997,37.782927273000041],[-122.26878181799998,37.783527273000061],[-122.27038181799998,37.787027273000035],[-122.26898181799999,37.786427273000072],[-122.27719090899996,37.791790909000042],[-122.30338181799999,37.79090909100006]]],[[[-122.28549090899998,37.768218182000055],[-122.28898181799997,37.766127273000052],[-122.28208181799999,37.763627273000054],[-122.28698181799996,37.765527273000032],[-122.286381818,37.767627273000073],[-122.28438181799999,37.76722727300006],[-122.28549090899998,37.768218182000055]]]]},"properties":{"STATE_COUNTY_FIPS_CD":"06001","COUNTY_NM":"Alameda","MMG_PCT_OVERALL_FI_RATE":9.30000019,"MMG_YEAR":"2020"}},{"type":"Feature","geometry":{"type":"Polygon","coordinates":[[[-119.58544988299997,38.713217236000048],[-119.90432796199997,38.933329232000062],[-119.90523396199995,38.928092231000051],[-119.89213895799998,38.918425231000072],[-119.88732295699998,38.91794623100003],[-119.87987695399994,38.899424230000079],[-119.88450095399998,38.894211229000064],[-119.87955595299997,38.886541229000045],[-119.88282695299995,38.880994228000077],[-119.88881595299995,38.879151228000069],[-119.87838395099999,38.87445722800004],[-119.87729994999995,38.870198228000049],[-119.88031594999995,38.864781228000027],[-119.89350095099996,38.856704226000033],[-119.90077395299994,38.857413225000073],[-119.90632495299997,38.855510224000056],[-119.90850595099994,38.834351222000066],[-119.92272295199996,38.829960221000078],[-119.92381295199999,38.824954221000041],[-119.92131995099999,38.821742220000033],[-119.93095095199999,38.815187219000052],[-119.93153595199999,38.812149218000059],[-119.94252895199998,38.802639217000035],[-119.94398895199998,38.796834217000026],[-119.93978595099998,38.793565216000047],[-119.94690695099996,38.786404216000051],[-119.94793995099997,38.781647214000031],[-119.96496095299995,38.775991212000065],[-120.07240496099996,38.702772198000048],[-120.07249693699998,38.509874181000043],[-120.07257892999996,38.447086175000038],[-120.06668192899997,38.448132176000058],[-120.05366292799999,38.455612178000024],[-120.01996391999995,38.433526178000079],[-119.88476188899995,38.356190181000045],[-119.86967988699996,38.367602184000077],[-119.85499088499995,38.372484185000076],[-119.83756388399996,38.382416187000047],[-119.81470388099996,38.38752118900004],[-119.80140487999995,38.401498192000076],[-119.78449787799997,38.404880193000054],[-119.77990187799998,38.407719194000038],[-119.77056587599998,38.406668195000066],[-119.75065687399996,38.417396196000027],[-119.70792286699998,38.417309200000034],[-119.69868386399997,38.409843200000068],[-119.69430586099998,38.385139198000047],[-119.69363485999997,38.378904197000054],[-119.70004185999994,38.365220196000053],[-119.66953685299995,38.348293197000032],[-119.63921784499996,38.326885197000024],[-119.63505184399997,38.328990198000042],[-119.63186584499999,38.334746198000062],[-119.63208084599995,38.344207198000049],[-119.62792084599999,38.348056199000041],[-119.63558784799994,38.353913200000079],[-119.61704184599995,38.364630202000058],[-119.60663284399999,38.367187203000071],[-119.61351284699998,38.374917203000052],[-119.61478384699996,38.37996120300005],[-119.61844784899995,38.381837203000032],[-119.62210584999997,38.393880204000027],[-119.61582284999997,38.398922205000076],[-119.61152084899999,38.398977205000051],[-119.60122484799996,38.40535920700006],[-119.59242184599998,38.398882207000042],[-119.58370184399996,38.396948207000037],[-119.58080084399995,38.400491208000062],[-119.56962284299999,38.404007209000042],[-119.56304084299995,38.409004210000035],[-119.56137484299995,38.419835211000077],[-119.56580684499994,38.422580211000025],[-119.56606884499996,38.427755211000033],[-119.57002184699996,38.434865212000034],[-119.56265984599997,38.438597212000047],[-119.55643884599999,38.447470214000077],[-119.55899584799994,38.460442215000057],[-119.55624684799994,38.46973921600005],[-119.54608584699997,38.474100217000057],[-119.54234484799997,38.481226218000074],[-119.54538684899995,38.490037219000044],[-119.54287484999998,38.499699220000025],[-119.55752285299997,38.502143219000061],[-119.55922685299998,38.505496219000065],[-119.55622985399998,38.516626220000035],[-119.55878685499999,38.518101221000052],[-119.56095585599996,38.525544221000075],[-119.56688385699999,38.525275221000072],[-119.56806785899994,38.537712221000049],[-119.57100785899996,38.541734222000059],[-119.57412285999999,38.540829221000024],[-119.57940686199998,38.548706221000032],[-119.58431086299998,38.55202322100007],[-119.58737986499995,38.558359222000036],[-119.58690586499995,38.566539223000063],[-119.59053286599999,38.56868322300005],[-119.58931986599998,38.573568223000052],[-119.59155286799995,38.578639223000039],[-119.59603286899994,38.581856223000045],[-119.59555986899994,38.59033822400005],[-119.59982786999996,38.593353224000055],[-119.60887687199994,38.594723224000063],[-119.61254687299999,38.600487224000062],[-119.61907887499996,38.603534224000043],[-119.62052987599998,38.610674224000036],[-119.61946187799998,38.624284226000043],[-119.61665787699997,38.625915226000075],[-119.61824087799999,38.632123226000033],[-119.61494687899994,38.638157227000079],[-119.61687487999995,38.644632227000045],[-119.61314587999999,38.65577722900008],[-119.61467088199998,38.665884230000074],[-119.60744388099999,38.666361230000064],[-119.59933887999995,38.670238231000042],[-119.59622487999997,38.677884232000054],[-119.59147387999997,38.682179233000056],[-119.59185688099996,38.690131233000045],[-119.57953088099998,38.705614236000031],[-119.58544988299997,38.713217236000048]]]},"properties":{"STATE_COUNTY_FIPS_CD":"06003","COUNTY_NM":"Alpine","MMG_PCT_OVERALL_FI_RATE":11.6999998,"MMG_YEAR":"2020"}},{"type":"Feature","geometry":{"type":"Polygon","coordinates":[[[-120.07240496099996,38.702772198000048],[-120.08250396299997,38.700609197000063],[-120.07770596199998,38.702131198000075],[-120.07765196299999,38.708892198000058],[-120.09833496599998,38.709034197000051],[-120.09838196599998,38.703962196000077],[-120.10437496599997,38.706076196000026],[-120.11202196799996,38.705021196000075],[-120.12255096799998,38.695367194000028],[-120.12338196799999,38.686939193000057],[-120.11671396599996,38.679783193000048],[-120.12310696499998,38.666709191000052],[-120.12852596599998,38.665066190000061],[-120.13224596499998,38.660313190000068],[-120.13511696499995,38.654531189000068],[-120.13141296399999,38.649822189000076],[-120.14009696399995,38.638379187000055],[-120.14539796499997,38.639691187000039],[-120.15241796599997,38.63792318600008],[-120.15811496699996,38.633238186000028],[-120.17865696899997,38.633771184000068],[-120.19133197099995,38.63115618300003],[-120.20183197199998,38.624680181000031],[-120.20476097299996,38.627739182000028],[-120.21431697499997,38.629087181000045],[-120.21464097399996,38.62357718100003],[-120.22072697499999,38.621381180000071],[-120.22713897399996,38.610580178000077],[-120.22367497299996,38.604286178000052],[-120.23263697399994,38.600049177000074],[-120.23176897299999,38.592241177000062],[-120.23386197299999,38.588321176000079],[-120.25103897599996,38.584388174000026],[-120.26190297699998,38.579209173000038],[-120.26636497699997,38.573470172000043],[-120.26657297599996,38.567659171000059],[-120.27453497599998,38.55945717000003],[-120.28959897799996,38.556145169000047],[-120.29762097899999,38.556776168000056],[-120.30173397899995,38.549114167000027],[-120.31791198199994,38.544955166000079],[-120.32836898299996,38.545160165000027],[-120.33131098399997,38.54769916500004],[-120.35554798799996,38.548036164000052],[-120.36389498899996,38.544359162000035],[-120.37749699099999,38.544580161000056],[-120.38372199099996,38.538657160000071],[-120.38872799199999,38.540581160000045],[-120.39616699299995,38.53910116000003],[-120.41316199399995,38.531155157000057],[-120.42464999599997,38.530347157000051],[-120.43320899699995,38.526779156000032],[-120.43890499799994,38.528900155000031],[-120.45004899999998,38.528497154000036],[-120.45917000099996,38.523893154000064],[-120.48578900499996,38.521272151000062],[-120.50548200699996,38.512284149000038],[-120.53725201199995,38.509580146000076],[-120.55379301499994,38.511868145000051],[-120.57974901799997,38.503411143000051],[-120.59234501999998,38.50463914200003],[-120.60617002199996,38.502354140000079],[-120.61216002299994,38.504548140000054],[-120.62844102499997,38.503209139000035],[-120.65077002999999,38.510038138000027],[-120.65919603199995,38.515575137000042],[-120.67719303499996,38.517814136000027],[-120.68310203699997,38.526399137000055],[-120.69052103799999,38.527725136000072],[-120.70423304199994,38.536184136000031],[-120.70693604199994,38.53521913600008],[-120.71833404499995,38.541768135000041],[-120.72248904599996,38.547170136000034],[-120.73086004799995,38.548111135000056],[-120.73656104799994,38.54564913400003],[-120.73897504799999,38.548311134000073],[-120.74726404999996,38.548451133000071],[-120.74870105099995,38.550942134000024],[-120.74698105099998,38.552971134000074],[-120.75476505199998,38.551166133000038],[-120.75997205299996,38.554936134000059],[-120.76895205399995,38.552573133000067],[-120.77909105499998,38.554383132000055],[-120.78419105599994,38.550920131000055],[-120.79299305899997,38.554898131000073],[-120.79414605799997,38.557550131000028],[-120.80062305899997,38.555986130000065],[-120.80137705999999,38.558754131000057],[-120.80462906099996,38.55984213000005],[-120.80504905999999,38.558222130000047],[-120.81046906099999,38.557755130000032],[-120.81258806199997,38.559611130000064],[-120.80998606099996,38.561473131000071],[-120.81356706299999,38.56219813000007],[-120.81665906199999,38.558233130000076],[-120.82329606399998,38.559692129000041],[-120.82536606399998,38.55589412900008],[-120.83270706399998,38.555984128000034],[-120.83592006399999,38.551495127000067],[-120.84091906599997,38.556041127000071],[-120.84723106599995,38.553791126000078],[-120.84929806599996,38.550696126000048],[-120.85611906799994,38.548605125000051],[-120.85657306599995,38.542718125000079],[-120.86242206699995,38.543334125000058],[-120.86353806699998,38.535335124000028],[-120.87101306799997,38.536295124000048],[-120.87384606899997,38.538622123000039],[-120.87360906999999,38.542473124000026],[-120.87632806999994,38.543276124000045],[-120.87815506999999,38.539615123000033],[-120.88373006999996,38.536530123000034],[-120.88075906899996,38.529497122000066],[-120.88633806899998,38.524657121000075],[-120.88959806999998,38.524775121000062],[-120.89221806999996,38.528800121000074],[-120.90237907199997,38.531232120000027],[-120.90541607199998,38.524316120000037],[-120.90876807299998,38.523901119000072],[-120.91080807199995,38.520601119000048],[-120.92242907399998,38.519300118000046],[-120.92703507399995,38.514958118000038],[-120.93063807499999,38.518301117000078],[-120.93645807599995,38.51944611700003],[-120.93825807799999,38.527139117000047],[-120.94133107799996,38.528607118000025],[-120.94675107799998,38.523171117000061],[-120.95367207899994,38.520869116000028],[-120.95760807999994,38.522773116000053],[-120.96435507999996,38.520305115000042],[-120.96990908199996,38.521009114000037],[-120.97467608199997,38.515910114000064],[-120.98714108399997,38.516537113000027],[-120.99479808399997,38.513651112000048],[-121.00129908599996,38.518789112000036],[-121.00738408699999,38.519202112000073],[-121.01138508699995,38.512470110000038],[-121.01932208799997,38.50895311000005],[-121.02752008999994,38.508297109000068],[-121.02709706399997,38.300257091000049],[-120.99551004999995,38.225407087000065],[-120.97211704499995,38.217956088000051],[-120.96750804499999,38.220476089000044],[-120.96336004399996,38.21990708900006],[-120.95341704299994,38.226320090000058],[-120.93551503999998,38.220928091000076],[-120.92554103999998,38.227637093000055],[-120.91495303799996,38.230042094000055],[-120.90253603499997,38.222288094000078],[-120.89287703399998,38.221579095000038],[-120.88078003299995,38.233615096000051],[-120.88007303399996,38.240615097000045],[-120.87543303299998,38.239777097000058],[-120.86998403299998,38.244407098000067],[-120.85568003099996,38.248301099000059],[-120.84680203099998,38.264278102000048],[-120.83484202999995,38.267671103000055],[-120.82205702899995,38.275456105000046],[-120.81770602899996,38.283550106000064],[-120.81055902799994,38.281610106000073],[-120.80775302799998,38.288728106000065],[-120.80337802799994,38.288872107000032],[-120.79849502599996,38.28559610700006],[-120.79055502599999,38.288598108000031],[-120.77765902299996,38.287709109000048],[-120.76730402199996,38.290321110000036],[-120.75492701899998,38.288271111000029],[-120.75028501999998,38.297761112000046],[-120.73829901899995,38.307773114000042],[-120.73187901799997,38.307707114000038],[-120.71264001599997,38.31521811600004],[-120.68819701299998,38.318888118000075],[-120.67493801199998,38.330698120000079],[-120.67220501099996,38.329139120000036],[-120.66528901099997,38.331698121000045],[-120.65651300899998,38.330917122000074],[-120.64662600799994,38.334591123000052],[-120.63852000799994,38.340840124000067],[-120.63179600599995,38.339952125000025],[-120.62828600699999,38.35540912600004],[-120.61969500699996,38.357734127000072],[-120.61745600699999,38.362561127000049],[-120.61856000799997,38.366519127000061],[-120.61010100699997,38.370728128000053],[-120.61458900799994,38.372832129000074],[-120.61712000899996,38.378242128000068],[-120.61409200899999,38.382511129000079],[-120.61506600999996,38.389093130000049],[-120.61047000899998,38.391636130000052],[-120.60808400899998,38.39800013100006],[-120.57432900499998,38.401853133000031],[-120.57059400499998,38.40736413500008],[-120.57164000599994,38.413898135000068],[-120.56002700499999,38.415065136000067],[-120.54080900199995,38.423085139000079],[-120.53761700099994,38.418529138000054],[-120.53014299999995,38.418889139000044],[-120.50486599799996,38.439060143000063],[-120.50508999899995,38.444218143000057],[-120.49811499799995,38.444436143000075],[-120.49985799899997,38.447592143000065],[-120.49537699799998,38.449612144000071],[-120.49380599699998,38.447050144000059],[-120.48596699599995,38.445654144000059],[-120.46776099399995,38.448849146000043],[-120.46141699199995,38.446176147000074],[-120.44850599099999,38.452475148000076],[-120.44277799099996,38.462548149000042],[-120.43160298999999,38.467183150000039],[-120.42386598999997,38.473158151000064],[-120.41467698799994,38.47308015200008],[-120.41244198699997,38.46867115200007],[-120.38808098299995,38.466743154000028],[-120.38455998199998,38.461985153000057],[-120.38071998099997,38.461047153000038],[-120.36493297899995,38.466576156000031],[-120.35366197699994,38.465488156000049],[-120.33815197499996,38.46744215700005],[-120.33105297399999,38.465197157000034],[-120.31912697199999,38.471031159000063],[-120.30457696999997,38.47213116100005],[-120.29479796899994,38.47716616200006],[-120.28333096699998,38.475409162000062],[-120.26914496499995,38.477778163000039],[-120.25993896499995,38.48672216500006],[-120.24088396099995,38.485356167000077],[-120.23555896199997,38.489890167000055],[-120.22604295899998,38.490747168000041],[-120.21742995899996,38.49771116900007],[-120.20941795799996,38.50076217000003],[-120.16433194999996,38.494240173000037],[-120.14672094799994,38.495324174000075],[-120.13940294699995,38.498346175000052],[-120.12345794399999,38.495963176000032],[-120.11152294299995,38.498522177000041],[-120.10832794299995,38.503665178000062],[-120.10338194199994,38.505442179000056],[-120.10031194199996,38.504002178000064],[-120.09223393999997,38.507508180000059],[-120.08004293799996,38.507435180000073],[-120.07249693699998,38.509874181000043],[-120.07240496099996,38.702772198000048]]]},"properties":{"STATE_COUNTY_FIPS_CD":"06005","COUNTY_NM":"Amador","MMG_PCT_OVERALL_FI_RATE":10.6000004,"MMG_YEAR":"2020"}},{"type":"Feature","geometry":{"type":"Polygon","coordinates":[[[-121.43648736799997,40.152029212000059],[-121.43689936699997,40.151910212000075],[-121.44284936799994,40.148705212000039],[-121.44288236599999,40.129652210000074],[-121.45274036699999,40.129740209000033],[-121.45291136599997,40.122130208000044],[-121.48096737099996,40.122371206000025],[-121.48098336999999,40.115092205000053],[-121.49087137099997,40.115291205000062],[-121.49088636999994,40.108049205000043],[-121.51056437299997,40.107982203000063],[-121.51057237299995,40.100520203000031],[-121.58642038399995,40.10052719600003],[-121.58615438299995,40.09330019600003],[-121.59581538499998,40.093463194000037],[-121.59566037999997,40.057719192000036],[-121.59846937999998,40.057611192000024],[-121.59857137899996,40.055091191000031],[-121.60865438099995,40.055088190000049],[-121.60874237999997,40.046751190000066],[-121.61730238199999,40.047066190000066],[-121.61782237999995,40.039421189000052],[-121.62609938199995,40.039501188000031],[-121.62608337999995,40.025605187000053],[-121.63618738099996,40.025815186000045],[-121.63545337699998,39.99682718400004],[-121.64586237899999,39.99706318300008],[-121.64604537699995,39.982532182000057],[-121.70325438599997,39.984235177000073],[-121.70753038599997,39.976839177000045],[-121.72497938699996,39.967635175000055],[-121.72964238599997,39.95606117300008],[-121.73584138699999,39.95352117200008],[-121.74457138699995,39.941853171000048],[-121.74940638499999,39.925713169000062],[-121.75064738299994,39.90681016800005],[-121.76690438399999,39.897372166000025],[-121.77623738399996,39.888863164000043],[-121.80611738899995,39.888222162000034],[-121.80405438799994,39.884349161000046],[-122.04487842499998,39.883776142000045],[-122.04111942399999,39.882075142000076],[-122.04104342299996,39.879471141000067],[-122.05570642299995,39.863978139000039],[-122.05540142299998,39.857241138000063],[-122.05833142199998,39.850687138000069],[-122.06944442299999,39.840535136000028],[-122.05667841899998,39.827308136000056],[-122.05912441799995,39.819117135000056],[-122.06458441799998,39.814605135000079],[-122.06486441799996,39.811537134000048],[-122.04996741499997,39.803327135000075],[-122.04648441299997,39.797653135000076],[-122.04013941199997,39.792753135000055],[-122.03680941099998,39.794145136000054],[-122.03661041199996,39.797983136000028],[-122.03363341099998,39.799393136000049],[-122.02792441099996,39.800429137000037],[-122.02419540999995,39.798517137000033],[-122.02560740899997,39.788153136000062],[-122.03243040899997,39.778730134000057],[-122.01829140399997,39.762578135000069],[-122.00875140199997,39.759238135000032],[-121.99517739899994,39.749887135000051],[-121.98218939499998,39.733907135000038],[-121.97068939299999,39.732119136000051],[-121.96937639299995,39.739444137000078],[-121.96380939299996,39.741403137000077],[-121.96018139199998,39.734166136000056],[-121.96745639199997,39.724648135000052],[-121.96581739099997,39.719698135000044],[-121.96253738999997,39.717746135000027],[-121.95725238899996,39.719093136000026],[-121.95135538999995,39.732768137000051],[-121.94669438899996,39.729586137000069],[-121.95096438699994,39.715009136000049],[-121.94185638399995,39.699749135000047],[-121.94492838299999,39.690924135000046],[-121.95693238399997,39.687530134000042],[-121.95773138399994,39.68158713300005],[-121.96144838399999,39.677294133000032],[-121.97208638499995,39.676460131000056],[-121.98515838699996,39.67017713000007],[-121.99435638799997,39.671463129000074],[-121.99736138799994,39.668488129000025],[-121.996508388,39.663869128000044],[-121.99078438599997,39.660416128000065],[-121.97583638399999,39.663466130000074],[-121.96663638199999,39.652449130000036],[-121.96879138099996,39.648099130000048],[-121.97600038299998,39.648644129000047],[-121.98508538399994,39.645937128000071],[-121.99084238299997,39.636544127000036],[-121.99237738199997,39.629605126000058],[-121.99066038199999,39.626324126000043],[-121.98355937999997,39.623288126000034],[-121.97941737799999,39.617164126000034],[-121.98223537799998,39.611374126000044],[-121.99233637999998,39.608185124000045],[-121.99578037899994,39.603169124000033],[-121.99687137699999,39.587626123000064],[-121.99521437599998,39.581751122000071],[-122.00325637699996,39.574820121000073],[-122.00143837499996,39.569007120000038],[-121.99254937399996,39.567138121000028],[-121.99064737299994,39.564300121000031],[-122.00314737499997,39.559300120000046],[-121.99403436999995,39.533931118000055],[-121.98568336799997,39.531022119000056],[-121.98409136799995,39.532770120000066],[-121.97683336699998,39.532875120000028],[-121.97338236599995,39.531147120000071],[-121.97404436599999,39.52885511900007],[-121.94520736299995,39.536062123000079],[-121.85654534899999,39.536909129000037],[-121.85946134799997,39.52720412900004],[-121.87112734899995,39.518452127000046],[-121.87735434899997,39.509554126000069],[-121.87515034799998,39.503313125000034],[-121.87714634799994,39.501787125000078],[-121.87089634399996,39.485127125000076],[-121.87355534399995,39.478605124000069],[-121.87122434199995,39.467185123000036],[-121.86936434199998,39.466201123000076],[-121.87485634199999,39.460526122000033],[-121.87311533999997,39.450869121000039],[-121.87078333999995,39.448718122000059],[-121.87405933999997,39.447299121000071],[-121.87695333899995,39.43835112000005],[-121.87459233899995,39.434506120000037],[-121.87521233799998,39.427916119000031],[-121.87804533799999,39.427664119000042],[-121.87922533799997,39.423934118000034],[-121.87772033699997,39.422835119000069],[-121.88096433799996,39.419835119000027],[-121.88432933599995,39.410180118000028],[-121.88347333599995,39.406770118000054],[-121.89043233499996,39.390155116000074],[-121.89002633399997,39.383869115000039],[-121.88388333199998,39.373931114000072],[-121.89169533199998,39.366103113000065],[-121.89355133099997,39.358551112000043],[-121.89912233199999,39.357291112000041],[-121.89749732999996,39.344270111000071],[-121.89440232899994,39.341090111000028],[-121.90306232899997,39.330126110000037],[-121.90828232599995,39.303883107000047],[-121.63016328399999,39.30567312900007],[-121.63229828399994,39.302248128000031],[-121.62377328199995,39.295626129000027],[-121.61823028099997,39.30103912900006],[-121.62075128199996,39.303257129000031],[-121.61119028199994,39.319285132000061],[-121.60420928099995,39.318025132000059],[-121.60226727999998,39.311434132000045],[-121.59419627899996,39.307840132000081],[-121.58528127799997,39.311576133000074],[-121.57570627599995,39.31084213400004],[-121.56371327399995,39.304943134000041],[-121.54874627099997,39.308778135000068],[-121.54712227099998,39.31218713700008],[-121.53642626999999,39.314215138000066],[-121.53055826999997,39.318261138000025],[-121.50442326599995,39.318033140000068],[-121.49778326399996,39.314200140000025],[-121.49533026399996,39.319046141000058],[-121.48414026299997,39.317999142000076],[-121.48264126299995,39.320137142000078],[-121.48491826299994,39.32150714200003],[-121.48410026399995,39.326130143000057],[-121.47801126299998,39.328769143000045],[-121.47456426299999,39.333529143000078],[-121.46865926299995,39.333768144000032],[-121.46360126099995,39.330862144000037],[-121.45759126099995,39.335516145000042],[-121.44702725899998,39.330573146000063],[-121.43482625799999,39.337487147000047],[-121.42627125599995,39.334978148000062],[-121.41567325499994,39.340069149000044],[-121.40598125399998,39.340574150000066],[-121.40700925399995,39.344435150000038],[-121.40324325399996,39.345457151000062],[-121.40323125399999,39.349572151000075],[-121.38786825299997,39.356000152000036],[-121.38233925299994,39.36302515400007],[-121.37243425099996,39.364917154000068],[-121.37258625199996,39.37358415500006],[-121.36716425199995,39.378176156000052],[-121.35997525399995,39.399042158000043],[-121.36308025499994,39.404182158000026],[-121.35122925499996,39.41593916000005],[-121.33408425399995,39.425807162000069],[-121.33530625399999,39.430408162000049],[-121.34062925499995,39.431610162000027],[-121.34535125699995,39.438928163000071],[-121.34372525699996,39.440679163000027],[-121.34662525899995,39.445223163000037],[-121.34515225899997,39.45257216400006],[-121.33843325799995,39.454386164000027],[-121.33827725999998,39.465036165000072],[-121.33345125899996,39.465095166000026],[-121.33344025899999,39.468734166000047],[-121.32415425799996,39.468613166000068],[-121.32408025899997,39.475718167000025],[-121.31480025699994,39.475904168000056],[-121.31499325899995,39.486966168000038],[-121.31017725699996,39.486836169000071],[-121.31021325999995,39.497766170000034],[-121.30543825799998,39.497821171000055],[-121.30513526099998,39.519590172000051],[-121.27680225699999,39.52027617400006],[-121.27709025599995,39.512817174000077],[-121.24025524999996,39.513096176000033],[-121.24049625299995,39.526618178000035],[-121.21003524799994,39.527225180000073],[-121.18518624399996,39.52670018200007],[-121.18541224299997,39.519733182000039],[-121.15930923899998,39.519600184000069],[-121.15899123899999,39.526136185000041],[-121.14992023799999,39.526451185000042],[-121.14991124199997,39.555294188000062],[-121.14089824099995,39.555555188000028],[-121.14122624099997,39.562283188000038],[-121.11646423799999,39.563548190000063],[-121.11632723799994,39.567103191000058],[-121.10698323699995,39.56719619200004],[-121.10747823899999,39.585280193000074],[-121.07955623499998,39.585268196000072],[-121.07670823599994,39.59726919600007],[-121.07935823699995,39.603355197000042],[-121.08893423799998,39.60331119600005],[-121.08896023999995,39.613550197000052],[-121.09771624099994,39.613703196000074],[-121.09755124199995,39.620908197000063],[-121.11634424499999,39.621023195000078],[-121.11664624599996,39.628053196000053],[-121.13672824999998,39.628174194000053],[-121.13642525299997,39.656815197000071],[-121.15509025599999,39.656790195000042],[-121.15515725799997,39.663918196000054],[-121.16287725899997,39.663829195000062],[-121.16302825899999,39.670992196000043],[-121.17115625999998,39.671093195000026],[-121.17120126299994,39.685569196000074],[-121.19029726599996,39.685358195000049],[-121.19054526799999,39.699896196000054],[-121.20870026999995,39.700363195000079],[-121.21089127499999,39.725656197000035],[-121.22945927799998,39.725670195000077],[-121.22971927899999,39.740218196000058],[-121.24826928199997,39.740046195000048],[-121.25065428499994,39.753970196000068],[-121.26803828699997,39.754249195000057],[-121.26828528899995,39.76880419500003],[-121.28586529099999,39.767629194000051],[-121.28495929399998,39.781581195000058],[-121.28951829399995,39.781662195000081],[-121.28948129499997,39.785444195000025],[-121.29423729499996,39.785507195000037],[-121.29413929599997,39.789255195000067],[-121.30782129799996,39.789370194000071],[-121.30772229899998,39.796621195000057],[-121.31695129999997,39.796707193000032],[-121.31848430299999,39.810911195000074],[-121.33234630499999,39.811058194000054],[-121.33230630699995,39.825701195000079],[-121.35083430999998,39.82570919300008],[-121.35109231099995,39.84035519400004],[-121.36052931399996,39.840745193000032],[-121.36121931499997,39.855478195000046],[-121.38019631799995,39.855426193000028],[-121.38016331899996,39.862821194000048],[-121.39854232199997,39.862889193000058],[-121.39903132299997,39.871292193000045],[-121.41194932599996,39.871426192000058],[-121.41101332899996,39.900430195000069],[-121.42997033199998,39.900318193000032],[-121.43002533399999,39.914838194000026],[-121.41101433099999,39.915096196000036],[-121.41109933299998,39.929438196000035],[-121.42059033499999,39.929455196000049],[-121.41985733799999,39.958630198000037],[-121.41034033699998,39.958483199000057],[-121.41027634099999,39.987308201000076],[-121.41983034299994,39.987554200000034],[-121.41949334599997,40.015771203000043],[-121.40957534499995,40.015733203000025],[-121.40965534599997,40.030629204000036],[-121.40035134599998,40.030528206000042],[-121.40036634899997,40.05210020700008],[-121.38227934499997,40.051832209000054],[-121.38200934599996,40.056996209000033],[-121.37708934499994,40.05709420900007],[-121.37685734699994,40.071752211000046],[-121.36715534599995,40.071893212000077],[-121.36683134699996,40.086059213000055],[-121.37680534899999,40.08603921200006],[-121.37650235199999,40.10863121400007],[-121.38611835399996,40.108655213000077],[-121.38594735499998,40.115905214000065],[-121.40486835799999,40.115550212000073],[-121.40452236299996,40.151653215000067],[-121.43648736799997,40.152029212000059]]]},"properties":{"STATE_COUNTY_FIPS_CD":"06007","COUNTY_NM":"Butte","MMG_PCT_OVERALL_FI_RATE":14,"MMG_YEAR":"2020"}},{"type":"Feature","geometry":{"type":"Polygon","coordinates":[[[-120.01996391999995,38.433526178000079],[-120.05366292799999,38.455612178000024],[-120.06668192899997,38.448132176000058],[-120.07257892999996,38.447086175000038],[-120.07249693699998,38.509874181000043],[-120.08004293799996,38.507435180000073],[-120.09223393999997,38.507508180000059],[-120.10031194199996,38.504002178000064],[-120.10338194199994,38.505442179000056],[-120.10832794299995,38.503665178000062],[-120.11152294299995,38.498522177000041],[-120.12345794399999,38.495963176000032],[-120.13940294699995,38.498346175000052],[-120.14672094799994,38.495324174000075],[-120.16433194999996,38.494240173000037],[-120.20941795799996,38.50076217000003],[-120.21742995899996,38.49771116900007],[-120.22604295899998,38.490747168000041],[-120.23555896199997,38.489890167000055],[-120.24088396099995,38.485356167000077],[-120.25993896499995,38.48672216500006],[-120.26914496499995,38.477778163000039],[-120.28333096699998,38.475409162000062],[-120.29479796899994,38.47716616200006],[-120.30457696999997,38.47213116100005],[-120.31912697199999,38.471031159000063],[-120.33105297399999,38.465197157000034],[-120.33815197499996,38.46744215700005],[-120.35366197699994,38.465488156000049],[-120.36493297899995,38.466576156000031],[-120.38071998099997,38.461047153000038],[-120.38455998199998,38.461985153000057],[-120.38808098299995,38.466743154000028],[-120.41244198699997,38.46867115200007],[-120.41467698799994,38.47308015200008],[-120.42386598999997,38.473158151000064],[-120.43160298999999,38.467183150000039],[-120.44277799099996,38.462548149000042],[-120.44850599099999,38.452475148000076],[-120.46141699199995,38.446176147000074],[-120.46776099399995,38.448849146000043],[-120.48596699599995,38.445654144000059],[-120.49380599699998,38.447050144000059],[-120.49537699799998,38.449612144000071],[-120.49985799899997,38.447592143000065],[-120.49811499799995,38.444436143000075],[-120.50508999899995,38.444218143000057],[-120.50486599799996,38.439060143000063],[-120.53014299999995,38.418889139000044],[-120.53761700099994,38.418529138000054],[-120.54080900199995,38.423085139000079],[-120.56002700499999,38.415065136000067],[-120.57164000599994,38.413898135000068],[-120.57059400499998,38.40736413500008],[-120.57432900499998,38.401853133000031],[-120.60808400899998,38.39800013100006],[-120.61047000899998,38.391636130000052],[-120.61506600999996,38.389093130000049],[-120.61409200899999,38.382511129000079],[-120.61712000899996,38.378242128000068],[-120.61458900799994,38.372832129000074],[-120.61010100699997,38.370728128000053],[-120.61856000799997,38.366519127000061],[-120.61745600699999,38.362561127000049],[-120.61969500699996,38.357734127000072],[-120.62828600699999,38.35540912600004],[-120.63179600599995,38.339952125000025],[-120.63852000799994,38.340840124000067],[-120.64662600799994,38.334591123000052],[-120.65651300899998,38.330917122000074],[-120.66528901099997,38.331698121000045],[-120.67220501099996,38.329139120000036],[-120.67493801199998,38.330698120000079],[-120.68819701299998,38.318888118000075],[-120.71264001599997,38.31521811600004],[-120.73187901799997,38.307707114000038],[-120.73829901899995,38.307773114000042],[-120.75028501999998,38.297761112000046],[-120.75492701899998,38.288271111000029],[-120.76730402199996,38.290321110000036],[-120.77765902299996,38.287709109000048],[-120.79055502599999,38.288598108000031],[-120.79849502599996,38.28559610700006],[-120.80337802799994,38.288872107000032],[-120.80775302799998,38.288728106000065],[-120.81055902799994,38.281610106000073],[-120.81770602899996,38.283550106000064],[-120.82205702899995,38.275456105000046],[-120.83484202999995,38.267671103000055],[-120.84680203099998,38.264278102000048],[-120.85568003099996,38.248301099000059],[-120.86998403299998,38.244407098000067],[-120.87543303299998,38.239777097000058],[-120.88007303399996,38.240615097000045],[-120.88078003299995,38.233615096000051],[-120.89287703399998,38.221579095000038],[-120.90253603499997,38.222288094000078],[-120.91495303799996,38.230042094000055],[-120.92554103999998,38.227637093000055],[-120.93551503999998,38.220928091000076],[-120.95341704299994,38.226320090000058],[-120.96336004399996,38.21990708900006],[-120.96750804499999,38.220476089000044],[-120.97211704499995,38.217956088000051],[-120.99551004999995,38.225407087000065],[-120.93886302499999,38.088326079000069],[-120.92646202199995,38.077426079000077],[-120.87606000799997,38.028899079000041],[-120.83381299699994,37.994729079000024],[-120.76131397899997,37.931072079000046],[-120.72868796999995,37.897676078000075],[-120.65268594999998,37.831427078000047],[-120.65172694999995,37.834659078000072],[-120.64317694999994,37.840786079000054],[-120.64335494999995,37.844527080000034],[-120.63790694899996,37.847824080000066],[-120.63795194999994,37.85267108000005],[-120.63379895099996,37.860613082000043],[-120.61698694899997,37.870059084000047],[-120.60474894699996,37.873245085000065],[-120.60531094699996,37.876053085000081],[-120.59646094699997,37.882912087000079],[-120.59669394699995,37.888149087000045],[-120.58753794699999,37.895228088000067],[-120.57136094399999,37.894442089000052],[-120.56408694399994,37.90362009100005],[-120.56221094599999,37.914075092000076],[-120.55603594399997,37.916184092000037],[-120.55112094399999,37.921681093000075],[-120.54236394299994,37.920451094000043],[-120.53726994199997,37.927515094000057],[-120.54002894399997,37.935815095000066],[-120.53525494499996,37.944409096000072],[-120.51675794199997,37.951978098000041],[-120.51345194299995,37.956449099000054],[-120.51674594399998,37.964536099000043],[-120.52700894599997,37.969970099000079],[-120.52830494699998,37.975900099000057],[-120.54308794899998,37.975242098000024],[-120.54012494899996,37.97905509900005],[-120.52759694699995,37.982949100000042],[-120.53482694999997,37.991179101000057],[-120.52166594899995,37.995165102000044],[-120.51887294899996,38.002226102000066],[-120.51542494899996,38.004256103000046],[-120.50929794699999,37.999933103000046],[-120.51355994699998,37.995616102000042],[-120.50920794499996,37.991513103000045],[-120.50452894499995,37.991149102000065],[-120.49938694499997,37.996193104000042],[-120.50033594599995,38.007233105000068],[-120.49278694499998,38.011134106000043],[-120.48893894499997,38.009073105000027],[-120.48278494399995,38.012390106000055],[-120.46376194099997,38.010395108000068],[-120.46324494099997,38.012780107000026],[-120.46843894199998,38.014340107000066],[-120.46950494199996,38.018601108000041],[-120.46214594199995,38.022380109000039],[-120.45395394299999,38.041352111000037],[-120.44345794199995,38.051660113000025],[-120.44254194299998,38.058746113000041],[-120.43909994199998,38.060830113000065],[-120.43125794099996,38.060514115000046],[-120.43083194299999,38.073394115000042],[-120.42466894099999,38.072916116000044],[-120.42154594199997,38.078751116000035],[-120.41464294099995,38.081916117000048],[-120.41060894099996,38.087882118000039],[-120.40958394299997,38.102984120000031],[-120.38722194099995,38.116025122000053],[-120.38366194099996,38.126481124000065],[-120.37824494099999,38.130850125000052],[-120.37867894199996,38.134831125000062],[-120.37140894099997,38.137873126000045],[-120.37126294099994,38.140480126000057],[-120.37621594199999,38.142654126000025],[-120.37152294299995,38.149929127000064],[-120.36758194199996,38.152811127000064],[-120.35755694099998,38.153884128000072],[-120.35955494199999,38.161297129000047],[-120.35358494099995,38.163789129000065],[-120.34992994099997,38.170194130000027],[-120.34053993999999,38.171952131000069],[-120.34047893999997,38.17762513100007],[-120.33726193999996,38.178059132000044],[-120.33951894199998,38.183916132000036],[-120.33554693999997,38.184967133000043],[-120.33565994199995,38.187940132000051],[-120.33200694099997,38.188557133000074],[-120.33032194099997,38.19516713400003],[-120.32637993999998,38.195943134000061],[-120.32190894099995,38.201339135000069],[-120.30735894099996,38.224733138000033],[-120.30155393999996,38.22973913900006],[-120.29125293999999,38.234008140000071],[-120.28978594099999,38.245880141000043],[-120.27592693999998,38.258822144000078],[-120.27244493899997,38.259780144000047],[-120.27400493999994,38.264379144000031],[-120.27077494099996,38.270713145000059],[-120.26206093999997,38.276401146000069],[-120.25606693999998,38.286140147000026],[-120.24698593999995,38.290204149000033],[-120.23672493899994,38.298700150000059],[-120.23728093899996,38.30155915000006],[-120.23156893899994,38.307466151000028],[-120.22856093899998,38.314674152000066],[-120.20517393699998,38.329651155000079],[-120.19374793699996,38.349009157000069],[-120.19093293699996,38.350155158000064],[-120.18954393799999,38.356766158000028],[-120.18480993799994,38.358827159000043],[-120.17647993799994,38.373790161000045],[-120.16122893599999,38.380908162000026],[-120.15797593599996,38.385781164000036],[-120.14190493499996,38.393789166000033],[-120.13702293399996,38.393286166000053],[-120.13492893399996,38.396534166000038],[-120.12821593299998,38.395824167000058],[-120.11559893099997,38.401198168000064],[-120.08792692699996,38.403386170000033],[-120.08085892699995,38.410108171000047],[-120.07356092499998,38.411728172000039],[-120.07358792599996,38.413581172000079],[-120.04904492299994,38.41937417500003],[-120.04057592199996,38.42593217600006],[-120.02993591999996,38.424687177000067],[-120.01996391999995,38.433526178000079]]]},"properties":{"STATE_COUNTY_FIPS_CD":"06009","COUNTY_NM":"Calaveras","MMG_PCT_OVERALL_FI_RATE":11.3999996,"MMG_YEAR":"2020"}},{"type":"Feature","geometry":{"type":"Polygon","coordinates":[[[-121.89002633399997,39.383869115000039],[-122.00974835199997,39.383869105000031],[-122.00372235299994,39.397832107000056],[-122.00375335399997,39.403487107000046],[-122.00647535499996,39.40540310800003],[-122.00887035599999,39.413572108000039],[-122.12564037399994,39.414598098000056],[-122.13617437499994,39.414504098000066],[-122.13601937199996,39.385499095000057],[-122.43130341599999,39.383784072000026],[-122.59456144099994,39.385547059000032],[-122.73907546199996,39.38327104800004],[-122.78510346899998,39.382980043000032],[-122.77430346599999,39.374705044000052],[-122.76874746499999,39.373750044000076],[-122.75996346499994,39.378135045000079],[-122.75225746299998,39.370586045000039],[-122.74349546099995,39.368135046000077],[-122.74222545999999,39.365298046000078],[-122.74246245899997,39.357468045000076],[-122.74584845899994,39.356224044000044],[-122.75236845899997,39.346052043000043],[-122.76532346099998,39.342748042000039],[-122.76450445999996,39.336434042000064],[-122.76825545899999,39.331148041000063],[-122.76831045899996,39.325493040000026],[-122.77253145899999,39.323978040000043],[-122.77274645899996,39.318966040000078],[-122.77548345899999,39.315187040000069],[-122.77505645799999,39.311783039000034],[-122.77050545699996,39.310026039000036],[-122.76614245599995,39.30103303900006],[-122.75823945299999,39.293952039000033],[-122.75812745199994,39.285385038000072],[-122.73674644699997,39.272582039000042],[-122.72864944599996,39.273288040000068],[-122.72322044399999,39.26528404000004],[-122.71714344299994,39.263539040000069],[-122.71697544299997,39.260465040000042],[-122.71337244199998,39.259499040000037],[-122.71246744099994,39.257015040000056],[-122.69137443699998,39.247436041000071],[-122.68686543599995,39.241154041000073],[-122.68094043499997,39.238731041000051],[-122.68171343399996,39.234566041000051],[-122.67614643299999,39.23083304000005],[-122.67974243199995,39.224535040000035],[-122.67352443199997,39.225707040000032],[-122.66537542899999,39.217553040000041],[-122.65793042799999,39.214860041000065],[-122.64882742599997,39.21402504100007],[-122.63490842499999,39.223197044000074],[-122.62288142399996,39.223222044000067],[-122.61028942099995,39.216183044000047],[-122.58204941699995,39.211987047000036],[-122.57238241299996,39.20411604700007],[-122.54143140999997,39.206920049000075],[-122.53500640899995,39.211600050000072],[-122.51534440599994,39.209220051000045],[-122.51447240399995,39.197227050000038],[-122.50841840199996,39.190326050000067],[-122.49855140099999,39.191096052000034],[-122.49364839999998,39.183535052000025],[-122.49431839899995,39.179079051000031],[-122.49185239799999,39.175298051000027],[-122.47730339599997,39.173955052000053],[-122.47539639499996,39.170153052000046],[-122.48258739499994,39.162932051000041],[-122.47825539299998,39.154771050000079],[-122.48106239299995,39.152793050000071],[-122.47775539299994,39.15142405000006],[-122.47455439199996,39.14470405000003],[-122.48098239099994,39.13833304800005],[-122.48025939099995,39.13957104900004],[-122.48664739299994,39.141658049000057],[-122.49293639299998,39.139464048000036],[-122.49684839499997,39.140506048000077],[-122.49480039399998,39.135856047000061],[-122.49724539299996,39.133864048000078],[-122.49777739299998,39.126753046000033],[-122.50092239299994,39.121080046000031],[-122.49421838999996,39.115081046000057],[-122.49647438999995,39.107818045000045],[-122.48895238799997,39.098342045000038],[-122.48604938499994,39.085581044000037],[-122.49049238499998,39.074354043000028],[-122.48868938399994,39.069205043000068],[-122.48389238299995,39.066960043000051],[-122.49083738399997,39.064843043000053],[-122.48946638299998,39.061447042000054],[-122.49241138299999,39.059030042000074],[-122.49203638199998,39.053508041000043],[-122.46577637799999,39.048417043000029],[-122.46818737699999,39.044827042000065],[-122.46699037699995,39.042603042000053],[-122.46128337499999,39.038675043000069],[-122.45706237499996,39.038397043000032],[-122.45486737399995,39.034416043000078],[-122.45020137399996,39.032664043000068],[-122.43730337,39.021362043000067],[-122.43434936899996,39.02252104300004],[-122.41152036599999,39.019092045000036],[-122.40915836399995,39.01212204400008],[-122.41090036499997,39.010300045000065],[-122.40863036399998,39.006990044000077],[-122.41192236399996,39.005094044000032],[-122.41193036299995,38.99814204300003],[-122.41573936399999,38.997198042000036],[-122.41482736299997,38.993470043000059],[-122.41932336299999,38.989182042000039],[-122.41669936099998,38.978046042000074],[-122.40703535899996,38.971422041000039],[-122.40666735899998,38.969358041000078],[-122.40929135899995,38.968158041000038],[-122.40913135899996,38.962798040000052],[-122.40191635699995,38.95583804000006],[-122.39404435499995,38.955614041000047],[-122.37303634899996,38.93982204200006],[-122.36759634899994,38.93903804200005],[-122.35012434499998,38.928782043000069],[-122.34143634399999,38.927151043000038],[-122.34018534299997,38.924251043000027],[-122.02381729599995,38.925935068000058],[-121.83550126599999,38.924486082000044],[-121.83789126699997,38.927054082000041],[-121.83021126699998,38.938846084000033],[-121.83657926899997,38.943821084000035],[-121.83661126999999,38.949133084000039],[-121.84057927099997,38.954829084000039],[-121.83205126999997,38.960477085000036],[-121.83432327099996,38.968733086000043],[-121.82141127099999,38.974748088000069],[-121.81915527199999,38.988556089000042],[-121.80211526999994,38.989772090000031],[-121.79544326899997,38.996395091000068],[-121.80621527199997,39.003690091000067],[-121.81924527499996,39.006073090000029],[-121.82649627599994,39.011201089000053],[-121.82099727699995,39.020284091000065],[-121.82290427799995,39.029393092000078],[-121.82438827799996,39.031786092000061],[-121.83068627899996,39.032706092000069],[-121.82963427999999,39.03799009200003],[-121.83963028199997,39.046888091000028],[-121.84089328399995,39.051684092000073],[-121.83855828399999,39.064135093000061],[-121.84940228699998,39.071406093000064],[-121.86983028999998,39.066865091000068],[-121.88911429399997,39.072378090000029],[-121.89461829499999,39.07898109000007],[-121.88975129399995,39.081170091000047],[-121.89525229599997,39.086799091000046],[-121.89438229699999,39.096131091000075],[-121.89852729799998,39.096694092000064],[-121.90005229899998,39.10021609100005],[-121.90584729999995,39.103092091000065],[-121.90353629999998,39.108063092000066],[-121.90554830099995,39.114771092000069],[-121.91067730199995,39.112916092000034],[-121.91310030299996,39.114321092000068],[-121.90996930199998,39.119294092000075],[-121.91110830299999,39.123152092000055],[-121.92144230499997,39.122248091000074],[-121.92497230599997,39.128202092000038],[-121.93394130699994,39.130046091000054],[-121.93918530899998,39.136150091000047],[-121.93777630999995,39.143989092000027],[-121.92055430699997,39.141343093000046],[-121.91722730699996,39.147283093000055],[-121.92013830799999,39.152997094000057],[-121.93424231199998,39.161033093000071],[-121.93891531399998,39.173389094000072],[-121.94539931599996,39.180146094000065],[-121.94141631599996,39.18649709500005],[-121.93455031499997,39.189861096000072],[-121.93655831599995,39.194715096000039],[-121.92834531599999,39.198734097000056],[-121.93335031799995,39.209272098000042],[-121.93243031799994,39.21157609800008],[-121.93786931999995,39.218227098000057],[-121.93608831999995,39.221028098000033],[-121.94145932099997,39.221748098000035],[-121.94006132099997,39.228679099000033],[-121.94830732499997,39.240850099000056],[-121.94683432499994,39.249847099000078],[-121.93692932599998,39.26795510200003],[-121.92900332499994,39.271089103000065],[-121.92761232599997,39.275689103000047],[-121.92103832499998,39.281105104000062],[-121.92206732599999,39.288292105000039],[-121.91895332599995,39.28943210500006],[-121.91874832599996,39.292317105000052],[-121.91645032599996,39.292410106000034],[-121.91689332599998,39.295730105000075],[-121.90794532599995,39.301911106000034],[-121.90828232599995,39.303883107000047],[-121.90306232899997,39.330126110000037],[-121.89440232899994,39.341090111000028],[-121.89749732999996,39.344270111000071],[-121.89912233199999,39.357291112000041],[-121.89355133099997,39.358551112000043],[-121.89169533199998,39.366103113000065],[-121.88388333199998,39.373931114000072],[-121.89002633399997,39.383869115000039]]]},"properties":{"STATE_COUNTY_FIPS_CD":"06011","COUNTY_NM":"Colusa","MMG_PCT_OVERALL_FI_RATE":12.8999996,"MMG_YEAR":"2020"}},{"type":"Feature","geometry":{"type":"Polygon","coordinates":[[[-121.58003512599998,38.094419033000065],[-121.60493612999994,38.099883031000047],[-121.62738913399994,38.098365030000025],[-121.63260813299996,38.088616029000036],[-121.63810113299996,38.086136028000055],[-121.64519613399995,38.087418027000069],[-121.66187813799996,38.095623026000055],[-121.67307813999997,38.093523026000071],[-121.67927813999995,38.089324025000053],[-121.68187813899999,38.082024024000077],[-121.67963613699999,38.069474023000055],[-121.68087213699999,38.062134022000066],[-121.69977813799994,38.045225020000032],[-121.73783714199999,38.026635015000068],[-121.76348714499994,38.023523013000045],[-121.77749814599997,38.018922011000029],[-121.78962614799997,38.018472010000039],[-121.80128315099995,38.021627010000032],[-121.81066615199995,38.020295009000051],[-121.81818815299999,38.02219500800004],[-121.83213515699998,38.031106009000041],[-121.83794915899995,38.038949009000078],[-121.84167216099996,38.051979009000036],[-121.84681516199998,38.059960010000054],[-121.85365216299999,38.064781010000047],[-121.86247516499998,38.066035009000075],[-121.87111416499999,38.05303200700007],[-121.88725766199997,38.047121640000057],[-121.88446363599996,38.04776363600007],[-121.88687272699997,38.041718182000068],[-121.90837272699997,38.039618182000027],[-121.91127272699998,38.041718182000068],[-121.93757272699997,38.045418182000049],[-121.94987272699996,38.050818182000057],[-121.95314545399998,38.048136364000072],[-121.97837272699996,38.048018182000078],[-121.99257272699998,38.054418182000063],[-121.99847272699998,38.054118182000025],[-122.00047272699999,38.056518182000048],[-122.00947272699995,38.056018182000059],[-122.01177272699999,38.058618182000032],[-122.02339090899994,38.059054545000038],[-122.04002727199997,38.056418182000073],[-122.05108181799994,38.050618182000051],[-122.07037272699995,38.05321818200008],[-122.07217272699995,38.051518182000052],[-122.07077272699996,38.049418182000068],[-122.08656363599999,38.045754545000079],[-122.08538181799997,38.043672727000057],[-122.08954545399996,38.045363636000047],[-122.09187272699995,38.044418182000072],[-122.09057272699999,38.042218182000056],[-122.09608181799996,38.043036364000045],[-122.11397272699998,38.037618182000074],[-122.13194545399995,38.026427273000024],[-122.14618181799995,38.022118182000042],[-122.16818181799999,38.029218182000079],[-122.17897272699997,38.044518182000047],[-122.19038181799999,38.052418182000054],[-122.21478181799995,38.05742727300003],[-122.22439090899996,38.057827273000044],[-122.22499090899998,38.056227273000047],[-122.24428181799999,38.058418182000025],[-122.25768181799998,38.051918182000065],[-122.26078181799994,38.052418182000054],[-122.26198181799998,38.057218182000042],[-122.26448181799998,38.056818182000029],[-122.26228181799996,38.056718182000054],[-122.26148181799999,38.052318182000079],[-122.26548181799996,38.040718182000035],[-122.27421818199997,38.039400000000057],[-122.28268181799996,38.023518182000032],[-122.28728181799994,38.021918182000036],[-122.29028181799998,38.023618182000064],[-122.29218181799996,38.01782727300008],[-122.30067272699995,38.011027273000025],[-122.31686363599999,38.011954545000037],[-122.33065454499996,38.00242727300008],[-122.33498181799996,38.002118182000061],[-122.36738181799996,38.012418182000033],[-122.36858181799994,38.006918182000049],[-122.36638181799998,37.999418182000056],[-122.36028181799998,37.991618182000025],[-122.36258181799997,37.986718182000061],[-122.36428181799999,37.987327273000062],[-122.36328181799996,37.984827273000064],[-122.37218181799994,37.974827273000074],[-122.38361818199996,37.976509091000025],[-122.38669090899998,37.968000000000075],[-122.38449999999995,37.967700000000036],[-122.38689090899999,37.964018182000075],[-122.39396363599997,37.962936364000029],[-122.39346363599998,37.958554545000027],[-122.39912727199999,37.958363636000058],[-122.39528181799994,37.95552727300003],[-122.39858181799997,37.952827273000025],[-122.41128181799996,37.956527273000063],[-122.41088181799995,37.95982727300003],[-122.41368181799999,37.962927273000048],[-122.42978181799998,37.964618182000038],[-122.42948181799994,37.96182727300004],[-122.41849090899996,37.951427273000036],[-122.42238181799996,37.947072727000034],[-122.41258181799998,37.943727273000036],[-122.41127272699998,37.939309091000041],[-122.41388181799999,37.936400000000049],[-122.40956363599997,37.931800000000067],[-122.40159090899999,37.931509091000066],[-122.40039090899995,37.929518182000038],[-122.41018181799996,37.922827273000053],[-122.41408181799994,37.926227273000052],[-122.40908181799995,37.920827273000043],[-122.40988181799997,37.922427273000039],[-122.39868181799994,37.929827273000058],[-122.38667272699996,37.920536364000043],[-122.38977272699998,37.910718182000039],[-122.39308181799998,37.908109091000028],[-122.38408181799997,37.909027273000049],[-122.38148181799994,37.911736364000035],[-122.38189999999997,37.90905454500006],[-122.38079090899998,37.911500000000046],[-122.37769999999995,37.910472727000069],[-122.38024545399998,37.908545454000034],[-122.37696363599997,37.910109091000038],[-122.37149090899999,37.906327273000045],[-122.37279090899995,37.905418182000062],[-122.36358181799994,37.905327273000069],[-122.36609090899998,37.917754545000037],[-122.37684545399998,37.923790909000047],[-122.37314545399994,37.92476363600008],[-122.36808181799995,37.920827273000043],[-122.36688181799997,37.924627273000056],[-122.36718181799995,37.919527273000028],[-122.36304545399997,37.919327273000079],[-122.36264545399996,37.920936364000056],[-122.36109090899998,37.909209091000037],[-122.33698181799997,37.909027273000049],[-122.33808181799998,37.913127273000043],[-122.33579090899997,37.909836364000057],[-122.33459090899999,37.911127273000034],[-122.33509090899997,37.909336364000069],[-122.32645454499999,37.909927273000051],[-122.32837272699999,37.908918182000036],[-122.31808181799994,37.904027273000054],[-122.32748181799997,37.901390909000042],[-122.32237272699996,37.895409091000033],[-122.31747272699999,37.898945454000057],[-122.31299246999998,37.897330253000064],[-122.28849320999996,37.89792996400007],[-122.27989320899997,37.900629965000064],[-122.27419320899998,37.90502996500004],[-122.27053820799995,37.904439966000041],[-122.26537920699997,37.904265966000025],[-122.26085020599999,37.899689966000039],[-122.25691920599996,37.899827966000032],[-122.25554620499997,37.89597096600005],[-122.24949020399998,37.893090967000035],[-122.24892720199995,37.886871966000058],[-122.24198420099998,37.881931966000025],[-122.23869219999995,37.883329966000076],[-122.22389119799999,37.878330967000068],[-122.21628919599999,37.868826967000075],[-122.22150119599996,37.865030967000052],[-122.20849919299997,37.851694966000025],[-122.20410719199998,37.851391966000051],[-122.19528718999999,37.843591966000076],[-122.19611418999995,37.842009966000035],[-122.18529018799995,37.837030966000043],[-122.18419218699995,37.833926966000035],[-122.18719018599995,37.82873096600008],[-122.18599018599997,37.820730965000052],[-122.16688618099994,37.81342896600006],[-122.15740518099994,37.817956967000043],[-122.14882117899998,37.813764967000054],[-122.14056417699999,37.804598967000061],[-122.04548616099999,37.79813097300007],[-122.03048515799998,37.787731973000064],[-122.01408515499998,37.78023197400006],[-121.99778415099996,37.763231974000064],[-122.01078415199999,37.755131972000072],[-122.01178415099997,37.74743297200007],[-122.00108414799996,37.739032971000029],[-121.99358414699998,37.738132973000063],[-121.98998414499999,37.733632972000066],[-121.97248314299998,37.728532973000029],[-121.96078313999999,37.718633973000067],[-121.62417409699998,37.799132005000047],[-121.55917308999994,37.818932010000026],[-121.55694908999999,37.817223011000067],[-121.55352408899995,37.818391011000074],[-121.55116708899999,37.825106012000049],[-121.55210808999999,37.829708012000026],[-121.54947208999999,37.833574013000032],[-121.54400808899999,37.832657013000073],[-121.53798708899996,37.837575013000048],[-121.54028508999994,37.841499014000078],[-121.53411508899995,37.849462015000029],[-121.53722208999994,37.850843015000066],[-121.54004808999997,37.848847014000057],[-121.54202309099998,37.851319015000058],[-121.54065609099996,37.857602015000055],[-121.54750909299997,37.855231015000072],[-121.55253709399994,37.861121015000037],[-121.55526809399998,37.858012014000053],[-121.56110709399996,37.857815014000039],[-121.56199009399995,37.853143013000079],[-121.56591609599997,37.857868014000076],[-121.57046709599996,37.857590013000049],[-121.56899109599999,37.860578014000055],[-121.57803409699994,37.857826013000079],[-121.57944209799996,37.860165013000028],[-121.57340209799997,37.865756013000066],[-121.57934709899996,37.870642014000055],[-121.57388309899994,37.883400015000063],[-121.57586410099998,37.888298015000032],[-121.56838809999999,37.891685016000054],[-121.56591709999998,37.897677016000046],[-121.57283710199999,37.904306017000067],[-121.56330210099998,37.910606019000056],[-121.56599410199999,37.916264018000049],[-121.56512710199996,37.919178019000071],[-121.55642110199994,37.92364402000004],[-121.55891210299995,37.927931020000074],[-121.55728710299996,37.932252021000068],[-121.56146810399997,37.935890020000045],[-121.56089310399994,37.939885021000066],[-121.56363110499996,37.943445021000059],[-121.55759610399997,37.946501022000064],[-121.56069610499998,37.947584021000068],[-121.56742210599998,37.943987021000055],[-121.56885910699998,37.948457021000024],[-121.56352710599998,37.954750022000042],[-121.57520110899998,37.95505002200008],[-121.57330210799995,37.95732402200008],[-121.56559910699997,37.95779002200004],[-121.56515110699996,37.959854022000059],[-121.57372610899995,37.966439023000078],[-121.57443710999996,37.972482023000055],[-121.58022311099995,37.97637502300006],[-121.57240611099996,37.97905002300007],[-121.58247611299998,37.983927023000035],[-121.58103811299998,37.989530023000043],[-121.57609711299995,37.994860024000047],[-121.57895811399999,37.99855502500003],[-121.57057311299997,37.999030025000025],[-121.56899111299998,38.001395025000079],[-121.56962511299997,38.003165025000044],[-121.57825811499998,38.003903025000056],[-121.57985511499999,38.006441025000072],[-121.57789211499994,38.010825026000077],[-121.56716211399998,38.011988027000029],[-121.57263311499997,38.018007026000078],[-121.56801111399994,38.018526027000064],[-121.56108211299994,38.015446028000042],[-121.55754111299996,38.016620027000045],[-121.56376711499996,38.024762028000055],[-121.56465111599999,38.030241028000034],[-121.57140111599995,38.030428028000074],[-121.57083211799994,38.038008029000025],[-121.57302211799998,38.042155029000071],[-121.58019811899999,38.041273028000035],[-121.57884711799994,38.032645028000047],[-121.58169911799996,38.032360027000038],[-121.58440111899995,38.036030027000038],[-121.58221612299997,38.068428030000064],[-121.57290612199995,38.073747031000039],[-121.57676212299998,38.078198032000046],[-121.58003512599998,38.094419033000065]]]},"properties":{"STATE_COUNTY_FIPS_CD":"06013","COUNTY_NM":"Contra Costa","MMG_PCT_OVERALL_FI_RATE":8.5,"MMG_YEAR":"2020"}},{"type":"Feature","geometry":{"type":"Polygon","coordinates":[[[-123.51792096099996,42.000859166000055],[-123.62456797699997,41.999842157000046],[-123.65701398099998,41.995142154000064],[-123.72817799199998,41.997013148000065],[-123.82148600499994,41.995478139000056],[-124.211609383,41.998464935000072],[-124.20494545399998,41.983445454000048],[-124.20604545399999,41.962509091000072],[-124.21023636299998,41.950681818000078],[-124.20772727199994,41.945972727000026],[-124.20239090899997,41.947327273000042],[-124.19914545399996,41.944854545000055],[-124.19799999999998,41.935500000000047],[-124.20069999999998,41.931381818000034],[-124.20319090899994,41.935681818000035],[-124.20438181799994,41.933718182000064],[-124.20843636299998,41.888190909000059],[-124.21959090899998,41.846436364000056],[-124.24127272699997,41.798390909000034],[-124.24814545399994,41.78859090900005],[-124.25599090899999,41.783018182000035],[-124.24849090899994,41.773472727000069],[-124.25435454499996,41.770663636000052],[-124.24173636299997,41.771854545000053],[-124.22409999999996,41.760463636000054],[-124.22109999999998,41.755754545000059],[-124.21559999999999,41.753763636000031],[-124.21628181799997,41.750763636000045],[-124.20793636299999,41.749036364000062],[-124.19947272699994,41.743172727000058],[-124.19068181799997,41.74492727300003],[-124.18388181799997,41.739263636000032],[-124.17769090899998,41.745700000000056],[-124.17128181799995,41.743518182000059],[-124.16044545399996,41.73635454500004],[-124.15238181799998,41.726009091000037],[-124.14348181799994,41.709281818000079],[-124.14469999999994,41.706590909000056],[-124.14180909099997,41.697409091000054],[-124.14367272699997,41.696090909000077],[-124.14180909099997,41.693409091000035],[-124.14352727199997,41.687390909000044],[-124.13849090899998,41.679727273000026],[-124.14112727199995,41.672336364000046],[-124.138254545,41.67071818200003],[-124.13555454499999,41.657309091000059],[-124.12738181799995,41.650627273000055],[-124.11985454499995,41.639572727000029],[-124.11368181799998,41.617772727000045],[-124.11578181799996,41.615100000000041],[-124.11093636299995,41.613863636000076],[-124.10083636299998,41.602181818000076],[-124.10476363599997,41.594400000000064],[-124.09738181799997,41.585254545000055],[-124.10195454499996,41.57943636400006],[-124.10003636299996,41.577272727000036],[-124.10222727199999,41.574409091000064],[-124.10112727199999,41.569190909000042],[-124.09230909099995,41.553181818000041],[-124.08199090899996,41.54776363600007],[-124.08270909099997,41.525690909000048],[-124.08462727199998,41.524290909000058],[-124.08173636299995,41.522600000000068],[-124.08109090899995,41.509881818000053],[-124.07591818199995,41.50175454500004],[-124.07530909099995,41.494072727000059],[-124.07262727199998,41.491190909000068],[-124.06519750399997,41.464745617000062],[-123.89142093099997,41.46585109800003],[-123.88570892999996,41.465849099000025],[-123.88570492899998,41.463856099000054],[-123.77056491299999,41.464198109000051],[-123.77025289999995,41.38078110400005],[-123.66137688399999,41.382095113000048],[-123.65548388399998,41.38843511400006],[-123.65601888599997,41.395312115000024],[-123.64166188399997,41.400193116000025],[-123.64174988499997,41.404431116000069],[-123.63892688499999,41.407371117000025],[-123.64202888599999,41.415663117000065],[-123.64857388899998,41.420828117000042],[-123.63780588799995,41.428101118000029],[-123.62202288599997,41.432640119000041],[-123.61818788799997,41.442975120000028],[-123.61240888699996,41.448959122000076],[-123.61593588799997,41.452966122000078],[-123.61164088999999,41.461576123000043],[-123.62663589299996,41.466799122000054],[-123.63242189399995,41.47346512200005],[-123.63058089399999,41.477128122000067],[-123.63778489599997,41.482387122000034],[-123.63447689699996,41.486080122000033],[-123.64079089999996,41.502095123000061],[-123.64075590099998,41.507375123000031],[-123.64614590199994,41.512425123000071],[-123.64582690399999,41.519010124000033],[-123.64263390299999,41.522704124000029],[-123.64805990599996,41.535029124000062],[-123.65280990799999,41.539396124000064],[-123.65678390799997,41.538620124000033],[-123.67004791099998,41.544091123000044],[-123.682556912,41.543056122000053],[-123.69025991499996,41.55232512200007],[-123.69390091499997,41.551863122000043],[-123.69390291599996,41.556998122000039],[-123.68926591599995,41.560761123000077],[-123.68760191699999,41.566990123000039],[-123.68154791699999,41.57177712400005],[-123.68910891899998,41.582073124000033],[-123.68790791999999,41.58512812400005],[-123.68135891999998,41.586746125000047],[-123.68345091999998,41.591376125000068],[-123.68233392099995,41.594880125000032],[-123.69760092199999,41.590949124000076],[-123.69887992299999,41.595723124000074],[-123.70654892399995,41.595696123000039],[-123.71568892499999,41.591317122000078],[-123.71910292599995,41.595263122000063],[-123.71611992699997,41.606552123000029],[-123.71144092699996,41.608923124000057],[-123.71104492799998,41.615024124000058],[-123.70571792899995,41.621481125000059],[-123.69748092799995,41.626748126000052],[-123.69840392899999,41.631382126000062],[-123.69665392899998,41.633868127000028],[-123.68045792699996,41.633962128000064],[-123.67993992699996,41.637023128000067],[-123.68845893099996,41.652731129000074],[-123.68830293199994,41.657529129000068],[-123.68527893199996,41.660053129000062],[-123.68861693099996,41.660177129000033],[-123.68959693299996,41.669439130000058],[-123.68697293299999,41.670874130000072],[-123.68540693399996,41.676048130000027],[-123.67508193299994,41.68211713200003],[-123.66974093299996,41.689922133000039],[-123.66285693299994,41.693473134000044],[-123.66804193399997,41.696908133000079],[-123.67008893499997,41.701731133000067],[-123.66918193599997,41.70648413400005],[-123.66021893699997,41.714060135000068],[-123.661081938,41.724104136000051],[-123.66660193899997,41.72968813500006],[-123.66612193999998,41.732161136000059],[-123.67370194099999,41.734266136000031],[-123.67831794299997,41.73854813500003],[-123.67866894399998,41.746275136000065],[-123.68316594699996,41.758771136000064],[-123.68343494799996,41.76963513700008],[-123.68835395099995,41.781226137000033],[-123.68411995099996,41.784532137000042],[-123.67461594899999,41.785631139000031],[-123.67627594999999,41.789494139000055],[-123.67212395099995,41.79599513900007],[-123.68997095499998,41.803165139000043],[-123.69438895699994,41.81565013900007],[-123.70305595899998,41.819754138000064],[-123.70211695999996,41.82651413800005],[-123.70378196099995,41.829122139000049],[-123.69501995999997,41.83414214000004],[-123.68292695899999,41.837141142000064],[-123.67079395699994,41.835437142000046],[-123.67135295899999,41.844990143000075],[-123.66247695899995,41.852422144000059],[-123.66154795899996,41.85647814400005],[-123.64948995799995,41.860325146000037],[-123.65228995899997,41.865542146000053],[-123.65020595999999,41.870796147000078],[-123.65140895999997,41.872914146000028],[-123.64651395999999,41.87665314700007],[-123.65232696099997,41.87892714700007],[-123.64524996099999,41.88355414800003],[-123.64220496099995,41.889747148000026],[-123.63941496099994,41.890303148000044],[-123.63627295999999,41.88756814900006],[-123.62447695799995,41.888436150000075],[-123.61706395599998,41.88181215000003],[-123.60631495499996,41.880778151000072],[-123.60481895499998,41.88810015100006],[-123.59739095499998,41.894178153000041],[-123.59941695599997,41.899009153000065],[-123.59362395699998,41.90625715300007],[-123.57797695399995,41.902989155000057],[-123.56545595299997,41.903146156000048],[-123.55950595199999,41.905973157000062],[-123.55358295299999,41.914660158000061],[-123.55440295599999,41.930057159000057],[-123.54885895499996,41.933333159000028],[-123.54768095499998,41.938440160000027],[-123.54462295499997,41.939648160000047],[-123.54474895599998,41.942336160000025],[-123.53326495699997,41.955174162000048],[-123.53336295699995,41.963546163000046],[-123.53718695899994,41.970491163000077],[-123.53630295999994,41.977327163000041],[-123.54094796299995,41.985318163000045],[-123.53427496199998,41.990938164000056],[-123.51986795999994,41.995169166000039],[-123.52041196199997,41.99783216700007],[-123.51792096099996,42.000859166000055]]]},"properties":{"STATE_COUNTY_FIPS_CD":"06015","COUNTY_NM":"Del Norte","MMG_PCT_OVERALL_FI_RATE":14.3999996,"MMG_YEAR":"2020"}},{"type":"Feature","geometry":{"type":"Polygon","coordinates":[[[-119.90432796199997,38.933329232000062],[-120.00102698699999,38.999579230000052],[-120.00247399599999,39.067494236000073],[-120.14367601799995,39.067290225000079],[-120.14361101699996,39.060203225000066],[-120.15303401899996,39.06033422400003],[-120.15298901699998,39.045812223000041],[-120.16497701899999,39.045792222000046],[-120.16504101799995,39.038490221000075],[-120.18357302099997,39.03837721900004],[-120.18411101999999,39.03101921800004],[-120.24017002899996,39.030894215000046],[-120.24042302799995,39.023673214000041],[-120.32813504199999,39.02243820700005],[-120.43525305999998,39.028402199000027],[-120.44227306099998,39.023037198000054],[-120.44522605999998,39.017600197000036],[-120.44572405999997,39.008919196000079],[-120.44947805899994,39.006088196000064],[-120.45017705899994,39.000268195000046],[-120.45375105899996,38.995518195000045],[-120.45151305799999,38.987942194000027],[-120.46010905899999,38.98449919400008],[-120.46210505799996,38.977740192000056],[-120.46923505799998,38.97051919200004],[-120.47079405799997,38.965654191000056],[-120.47970805899996,38.959794189000036],[-120.48605105999997,38.958973189000062],[-120.48746705899998,38.952511188000074],[-120.49275205899994,38.94915418800008],[-120.49274805799996,38.943356187000063],[-120.50264405999997,38.941098186000033],[-120.50485405999996,38.935224185000038],[-120.51077605999996,38.934156185000063],[-120.51208205999995,38.931271185000071],[-120.52735806299995,38.931588184000077],[-120.53508406399999,38.925905182000065],[-120.54494606499998,38.927044182000031],[-120.54610806399995,38.920702181000024],[-120.55216306499995,38.920595181000067],[-120.55633406499999,38.915169180000078],[-120.56427106599995,38.91364917900006],[-120.57887106899994,38.916597179000064],[-120.58055306999995,38.920230178000054],[-120.58680607099996,38.923584178000056],[-120.58514107199994,38.92769817900006],[-120.58750107299994,38.93159717900005],[-120.59274907299999,38.931757178000055],[-120.59439407399998,38.936109179000027],[-120.59814707499999,38.936800179000045],[-120.60584107499994,38.934461178000049],[-120.61216407799998,38.943006178000076],[-120.62202307899997,38.94297917800003],[-120.63015208099995,38.946463177000055],[-120.63634708199999,38.94332817600008],[-120.65105508499994,38.948874175000071],[-120.65417308499997,38.948231175000046],[-120.65569908599997,38.953506176000076],[-120.67276108899995,38.958598175000077],[-120.67405608999997,38.962368174000062],[-120.68368109199997,38.967536174000031],[-120.68338009299998,38.974655175000066],[-120.68090309299998,38.977891176000071],[-120.68516609499994,38.983625175000043],[-120.68460609499999,38.989221177000047],[-120.68892409599999,38.989676176000046],[-120.69292609599995,38.985273175000032],[-120.70487909699995,38.981350174000056],[-120.71629909899997,38.986676174000024],[-120.72223610199995,38.993255174000069],[-120.72318410199995,38.999332174000074],[-120.72958810399996,39.004030174000036],[-120.73605510399995,39.000605174000043],[-120.74165410599994,39.001436173000059],[-120.74411610699997,39.004862173000049],[-120.74795510699994,39.003051172000028],[-120.74640810699998,39.010357174000035],[-120.74994010799998,39.009509173000026],[-120.75284510799997,39.005299172000036],[-120.75781810899997,39.007687173000079],[-120.76046110899995,39.005497172000048],[-120.76353010899999,39.006365171000027],[-120.76384410899999,39.004139172000066],[-120.76014810899994,39.003318172000036],[-120.76266510899995,39.001768171000037],[-120.76712010999995,39.005010171000038],[-120.76364210999998,39.009351172000038],[-120.76797111099995,39.00939917200003],[-120.79754111299997,38.996119168000064],[-120.80192911499995,39.00110816800003],[-120.81278811599998,38.999904168000057],[-120.81550311599995,38.994783167000037],[-120.82394211799999,38.993072166000047],[-120.82837011699996,38.989797165000027],[-120.82939611699999,38.980390164000028],[-120.83299111699995,38.977624164000076],[-120.83417611699997,38.97187116300006],[-120.83885011699999,38.971791163000034],[-120.84079911799995,38.975574163000033],[-120.84990611899997,38.976545163000026],[-120.85552011899995,38.967659161000029],[-120.85211411799997,38.959550161000038],[-120.85772911799995,38.956646160000048],[-120.85987611799999,38.951658160000079],[-120.86389311899995,38.954270160000078],[-120.88160612199999,38.956719158000055],[-120.88793712299997,38.959737158000053],[-120.90196512499995,38.95311515700007],[-120.91388712699995,38.955212155000027],[-120.92320312899994,38.960905156000024],[-120.93728213199995,38.963689155000054],[-120.94057813199998,38.960983155000065],[-120.93806613099997,38.95506015400008],[-120.93858312799995,38.935570153000072],[-120.95778013199998,38.939113151000072],[-120.96516213199999,38.932837150000069],[-120.99198113599999,38.927230147000046],[-120.99116913599994,38.923633147000032],[-121.00025713499997,38.917951146000064],[-121.00513913699996,38.920211146000042],[-121.01196413699995,38.916657145000045],[-121.01978013899998,38.918120144000056],[-121.03379614099998,38.912821143000031],[-121.03751514099997,38.915694143000053],[-121.04097814199997,38.915055143000075],[-121.04397114099999,38.906986141000061],[-121.05355214199994,38.898811141000067],[-121.04430013899997,38.890335140000047],[-121.06196514099997,38.882144138000058],[-121.05694113999999,38.877312138000036],[-121.05327613799994,38.868352137000045],[-121.05455613799995,38.865024137000034],[-121.06181913799998,38.859921137000072],[-121.05759213599998,38.851275136000027],[-121.05800613599996,38.847851136000031],[-121.07358813799999,38.842609134000043],[-121.08228013899998,38.834896133000029],[-121.08735413899996,38.83327913200003],[-121.08873413899994,38.82710613100005],[-121.08271213599994,38.822379132000037],[-121.08497013699997,38.816015131000029],[-121.09344813799999,38.813852130000043],[-121.10177213899999,38.815227130000039],[-121.09777013699994,38.807333129000028],[-121.10233413599997,38.795913128000052],[-121.10175613599995,38.787978127000031],[-121.11168113499997,38.773800125000037],[-121.11859213599996,38.768942124000034],[-121.11770213399996,38.756451123000033],[-121.12129713399997,38.752219122000042],[-121.12836313199995,38.733583121000038],[-121.13330813299996,38.731460120000065],[-121.13452013099999,38.712037118000069],[-121.14102213199999,38.71198511800003],[-121.13215912999999,38.705604118000053],[-121.12325312999997,38.710823119000054],[-121.11863012999999,38.717123120000053],[-121.08544111499998,38.647836117000054],[-121.07048010899996,38.607597114000043],[-121.02752008999994,38.508297109000068],[-121.01932208799997,38.50895311000005],[-121.01138508699995,38.512470110000038],[-121.00738408699999,38.519202112000073],[-121.00129908599996,38.518789112000036],[-120.99479808399997,38.513651112000048],[-120.98714108399997,38.516537113000027],[-120.97467608199997,38.515910114000064],[-120.96990908199996,38.521009114000037],[-120.96435507999996,38.520305115000042],[-120.95760807999994,38.522773116000053],[-120.95367207899994,38.520869116000028],[-120.94675107799998,38.523171117000061],[-120.94133107799996,38.528607118000025],[-120.93825807799999,38.527139117000047],[-120.93645807599995,38.51944611700003],[-120.93063807499999,38.518301117000078],[-120.92703507399995,38.514958118000038],[-120.92242907399998,38.519300118000046],[-120.91080807199995,38.520601119000048],[-120.90876807299998,38.523901119000072],[-120.90541607199998,38.524316120000037],[-120.90237907199997,38.531232120000027],[-120.89221806999996,38.528800121000074],[-120.88959806999998,38.524775121000062],[-120.88633806899998,38.524657121000075],[-120.88075906899996,38.529497122000066],[-120.88373006999996,38.536530123000034],[-120.87815506999999,38.539615123000033],[-120.87632806999994,38.543276124000045],[-120.87360906999999,38.542473124000026],[-120.87384606899997,38.538622123000039],[-120.87101306799997,38.536295124000048],[-120.86353806699998,38.535335124000028],[-120.86242206699995,38.543334125000058],[-120.85657306599995,38.542718125000079],[-120.85611906799994,38.548605125000051],[-120.84929806599996,38.550696126000048],[-120.84723106599995,38.553791126000078],[-120.84091906599997,38.556041127000071],[-120.83592006399999,38.551495127000067],[-120.83270706399998,38.555984128000034],[-120.82536606399998,38.55589412900008],[-120.82329606399998,38.559692129000041],[-120.81665906199999,38.558233130000076],[-120.81356706299999,38.56219813000007],[-120.80998606099996,38.561473131000071],[-120.81258806199997,38.559611130000064],[-120.81046906099999,38.557755130000032],[-120.80504905999999,38.558222130000047],[-120.80462906099996,38.55984213000005],[-120.80137705999999,38.558754131000057],[-120.80062305899997,38.555986130000065],[-120.79414605799997,38.557550131000028],[-120.79299305899997,38.554898131000073],[-120.78419105599994,38.550920131000055],[-120.77909105499998,38.554383132000055],[-120.76895205399995,38.552573133000067],[-120.75997205299996,38.554936134000059],[-120.75476505199998,38.551166133000038],[-120.74698105099998,38.552971134000074],[-120.74870105099995,38.550942134000024],[-120.74726404999996,38.548451133000071],[-120.73897504799999,38.548311134000073],[-120.73656104799994,38.54564913400003],[-120.73086004799995,38.548111135000056],[-120.72248904599996,38.547170136000034],[-120.71833404499995,38.541768135000041],[-120.70693604199994,38.53521913600008],[-120.70423304199994,38.536184136000031],[-120.69052103799999,38.527725136000072],[-120.68310203699997,38.526399137000055],[-120.67719303499996,38.517814136000027],[-120.65919603199995,38.515575137000042],[-120.65077002999999,38.510038138000027],[-120.62844102499997,38.503209139000035],[-120.61216002299994,38.504548140000054],[-120.60617002199996,38.502354140000079],[-120.59234501999998,38.50463914200003],[-120.57974901799997,38.503411143000051],[-120.55379301499994,38.511868145000051],[-120.53725201199995,38.509580146000076],[-120.50548200699996,38.512284149000038],[-120.48578900499996,38.521272151000062],[-120.45917000099996,38.523893154000064],[-120.45004899999998,38.528497154000036],[-120.43890499799994,38.528900155000031],[-120.43320899699995,38.526779156000032],[-120.42464999599997,38.530347157000051],[-120.41316199399995,38.531155157000057],[-120.39616699299995,38.53910116000003],[-120.38872799199999,38.540581160000045],[-120.38372199099996,38.538657160000071],[-120.37749699099999,38.544580161000056],[-120.36389498899996,38.544359162000035],[-120.35554798799996,38.548036164000052],[-120.33131098399997,38.54769916500004],[-120.32836898299996,38.545160165000027],[-120.31791198199994,38.544955166000079],[-120.30173397899995,38.549114167000027],[-120.29762097899999,38.556776168000056],[-120.28959897799996,38.556145169000047],[-120.27453497599998,38.55945717000003],[-120.26657297599996,38.567659171000059],[-120.26636497699997,38.573470172000043],[-120.26190297699998,38.579209173000038],[-120.25103897599996,38.584388174000026],[-120.23386197299999,38.588321176000079],[-120.23176897299999,38.592241177000062],[-120.23263697399994,38.600049177000074],[-120.22367497299996,38.604286178000052],[-120.22713897399996,38.610580178000077],[-120.22072697499999,38.621381180000071],[-120.21464097399996,38.62357718100003],[-120.21431697499997,38.629087181000045],[-120.20476097299996,38.627739182000028],[-120.20183197199998,38.624680181000031],[-120.19133197099995,38.63115618300003],[-120.17865696899997,38.633771184000068],[-120.15811496699996,38.633238186000028],[-120.15241796599997,38.63792318600008],[-120.14539796499997,38.639691187000039],[-120.14009696399995,38.638379187000055],[-120.13141296399999,38.649822189000076],[-120.13511696499995,38.654531189000068],[-120.13224596499998,38.660313190000068],[-120.12852596599998,38.665066190000061],[-120.12310696499998,38.666709191000052],[-120.11671396599996,38.679783193000048],[-120.12338196799999,38.686939193000057],[-120.12255096799998,38.695367194000028],[-120.11202196799996,38.705021196000075],[-120.10437496599997,38.706076196000026],[-120.09838196599998,38.703962196000077],[-120.09833496599998,38.709034197000051],[-120.07765196299999,38.708892198000058],[-120.07770596199998,38.702131198000075],[-120.08250396299997,38.700609197000063],[-120.07240496099996,38.702772198000048],[-119.96496095299995,38.775991212000065],[-119.94793995099997,38.781647214000031],[-119.94690695099996,38.786404216000051],[-119.93978595099998,38.793565216000047],[-119.94398895199998,38.796834217000026],[-119.94252895199998,38.802639217000035],[-119.93153595199999,38.812149218000059],[-119.93095095199999,38.815187219000052],[-119.92131995099999,38.821742220000033],[-119.92381295199999,38.824954221000041],[-119.92272295199996,38.829960221000078],[-119.90850595099994,38.834351222000066],[-119.90632495299997,38.855510224000056],[-119.90077395299994,38.857413225000073],[-119.89350095099996,38.856704226000033],[-119.88031594999995,38.864781228000027],[-119.87729994999995,38.870198228000049],[-119.87838395099999,38.87445722800004],[-119.88881595299995,38.879151228000069],[-119.88282695299995,38.880994228000077],[-119.87955595299997,38.886541229000045],[-119.88450095399998,38.894211229000064],[-119.87987695399994,38.899424230000079],[-119.88732295699998,38.91794623100003],[-119.89213895799998,38.918425231000072],[-119.90523396199995,38.928092231000051],[-119.90432796199997,38.933329232000062]]]},"properties":{"STATE_COUNTY_FIPS_CD":"06017","COUNTY_NM":"El Dorado","MMG_PCT_OVERALL_FI_RATE":9.5,"MMG_YEAR":"2020"}},{"type":"Feature","geometry":{"type":"Polygon","coordinates":[[[-118.77502660199997,37.463057177000053],[-118.77790360399996,37.469370178000077],[-118.78506560599999,37.473889177000046],[-118.78605860699997,37.478686178000032],[-118.79710960899996,37.488717178000059],[-118.80428661099995,37.488944177000064],[-118.81029661099996,37.486050177000038],[-118.81553861199995,37.48781217700008],[-118.83280761399999,37.480199175000052],[-118.83603361499996,37.482522175000042],[-118.84191361599994,37.480900174000055],[-118.84977261699999,37.475865173000045],[-118.85606161799996,37.478400173000068],[-118.86077062199996,37.501540176000049],[-118.86747062299997,37.507140175000075],[-118.88167062599996,37.510341174000075],[-118.88367062699996,37.520141176000038],[-118.88747162799996,37.52104117500005],[-118.89107162899995,37.525341175000051],[-118.90187163099995,37.526041174000056],[-118.90117163099995,37.531241176000037],[-118.90977163399998,37.539341175000061],[-118.91707263699999,37.550341176000074],[-118.92967263799994,37.548941175000039],[-118.93437263899995,37.553341175000071],[-118.93897264099996,37.554441175000079],[-118.94267364199999,37.562141175000079],[-118.95267364399996,37.56584117500006],[-118.95637364399994,37.56274217400005],[-118.95977364499998,37.563142174000063],[-118.96407364399994,37.558142173000078],[-118.97247364699996,37.559442172000047],[-118.97697264699997,37.556842172000074],[-118.97997364799994,37.563242173000049],[-118.98487364899995,37.567342172000053],[-118.99057365099998,37.567142173000036],[-119.00227465299997,37.571142171000076],[-119.00827465399999,37.577542172000051],[-119.02237565799999,37.585742172000039],[-119.31219867899995,37.352730129000065],[-119.31543267999996,37.346138128000064],[-119.31155167899999,37.342944128000056],[-119.31223867799997,37.339711128000033],[-119.32578667999996,37.335422127000072],[-119.32455867999994,37.33251612600003],[-119.31645667799995,37.328133126000068],[-119.31576467699995,37.324780126000064],[-119.31857567699996,37.32116112600005],[-119.32719467799996,37.31904512400007],[-119.33543567899994,37.311215123000068],[-119.33405467799997,37.303935123000031],[-119.33054467699998,37.301715123000065],[-119.32694867499998,37.29190912200005],[-119.33232167399996,37.274444120000055],[-119.32641467299999,37.269863120000025],[-119.32219066999994,37.253415119000067],[-119.32324766999994,37.245011118000036],[-119.33163167099997,37.239646117000063],[-119.33376166899995,37.224035115000049],[-119.33780066999998,37.219165114000077],[-119.33075166799995,37.215218114000038],[-119.33009366699997,37.20743411400008],[-119.33720966699997,37.200463113000069],[-119.34311966699994,37.189079111000069],[-119.35412366899999,37.185710110000059],[-119.36057766899995,37.180544109000039],[-119.36192866699997,37.167854108000029],[-119.37522266999997,37.164081107000072],[-119.37504166899998,37.15788010600005],[-119.38498766999999,37.153318105000039],[-119.38610766899995,37.149863105000065],[-119.38886066999999,37.149220104000051],[-119.39979967199997,37.149840103000031],[-119.40682467399995,37.160036104000028],[-119.41580567599999,37.163451104000046],[-119.42581767799999,37.164302103000068],[-119.43213767799995,37.16257610200006],[-119.43488767699995,37.14695910100005],[-119.44273267799997,37.144056099000068],[-119.46264668199996,37.144216098000072],[-119.46915568099996,37.12589209600003],[-119.46626467899995,37.119601095000064],[-119.47026267899997,37.110858095000026],[-119.47481967999994,37.109968094000067],[-119.48329368099996,37.110311094000053],[-119.49132768399994,37.119717095000055],[-119.49322068499998,37.124608095000042],[-119.48918868499999,37.137270096000066],[-119.50606068999997,37.150350096000068],[-119.51748469099999,37.146777095000061],[-119.52498768999999,37.128239093000047],[-119.53999669299998,37.134821092000038],[-119.55000969599996,37.144587092000052],[-119.56085169799996,37.142906091000043],[-119.56379669799998,37.13832509100007],[-119.56372169599996,37.127238090000048],[-119.56857869599997,37.116694089000077],[-119.54876669299995,37.116761090000068],[-119.53760468999997,37.105072090000078],[-119.54157368999995,37.095960089000073],[-119.55325469099995,37.092583087000037],[-119.55901469099996,37.08806308700008],[-119.56329968999995,37.074373085000047],[-119.56054368999997,37.07073308400004],[-119.56144468999997,37.065490084000032],[-119.56842868999996,37.063574083000049],[-119.58485969299994,37.065627082000049],[-119.59697369599996,37.071271082000067],[-119.60492069699995,37.071021082000073],[-119.60968269699998,37.064697081000077],[-119.61361469599996,37.051980079000032],[-119.61037369499996,37.04567307800005],[-119.62112869499998,37.026610076000054],[-119.63218469599997,37.020988075000048],[-119.63538369599996,37.021550074000061],[-119.63596569699996,37.025350075000063],[-119.62904569699998,37.034624076000057],[-119.63936169899995,37.043292076000057],[-119.64946870099999,37.043502076000038],[-119.65938970199994,37.038943074000031],[-119.65712669999999,37.018908073000034],[-119.65862369899997,37.013335073000064],[-119.67093070099997,37.009265071000073],[-119.69079170499998,37.011992070000076],[-119.69808770599997,37.008753070000068],[-119.70075670499995,37.003333068000074],[-119.71383170599995,36.990901066000049],[-119.73131070699998,36.979745064000042],[-119.74051270799998,36.970217063000064],[-119.74326670699998,36.954636061000031],[-119.73667870599996,36.953602062000073],[-119.73377970499996,36.946446060000028],[-119.74166170499996,36.943865060000064],[-119.74566470599996,36.939003059000072],[-119.75207270699997,36.935908059000042],[-119.75027470499998,36.928293058000065],[-119.75496070499997,36.922455057000036],[-119.77274970799999,36.91860405500006],[-119.77567770699994,36.909130054000059],[-119.78932470799998,36.896713053000042],[-119.78829570699997,36.889660051000078],[-119.78497370599996,36.884722052000029],[-119.78612670499996,36.87889505000004],[-119.78926070599999,36.876138051000055],[-119.79653370699998,36.875423049000062],[-119.80218870699997,36.866694048000056],[-119.80965170799999,36.862574047000066],[-119.81384470699999,36.850213046000079],[-119.81827670799998,36.84819404600006],[-119.83479771099996,36.852530045000037],[-119.84156171299998,36.861180045000026],[-119.84777171299999,36.860169045000077],[-119.84808971399997,36.857192044000044],[-119.85379071399996,36.851350044000071],[-119.86142371499994,36.855465044000027],[-119.86589571499997,36.847952042000031],[-119.88490171899997,36.858554042000037],[-119.88847071899994,36.852161041000045],[-119.90290772199995,36.851809040000035],[-119.91193272199996,36.845324039000047],[-119.91953572299997,36.845077038000056],[-119.92911172499998,36.847911038000063],[-119.93260572599996,36.844469038000057],[-119.93455972499999,36.838028037000072],[-119.94351972699997,36.834035036000046],[-119.95854572899998,36.835477035000054],[-119.97055172999995,36.83287103300006],[-119.97703773199999,36.835053033000065],[-119.97972973299994,36.839737034000052],[-119.98466373399998,36.840846033000048],[-119.99029573399997,36.837815033000027],[-119.99240173399994,36.828951032000077],[-120.01369273699999,36.828144031000079],[-120.02018673799995,36.824959030000059],[-120.02265973699997,36.817836028000045],[-120.02778773799997,36.814510028000029],[-120.04230473999996,36.815502027000036],[-120.05087074299996,36.821862027000066],[-120.05599274299999,36.822860027000047],[-120.07140674599998,36.818676025000059],[-120.07579574699997,36.824367025000072],[-120.07947074699996,36.825350026000024],[-120.09165674899998,36.821192024000027],[-120.09864074899997,36.814938023000025],[-120.10962475099996,36.812585023000054],[-120.11683975199998,36.813851022000051],[-120.13658475499994,36.809301020000078],[-120.15694775699995,36.798197017000064],[-120.16291175799995,36.798723017000043],[-120.16849675899999,36.803443017000063],[-120.17273675999996,36.802876017000074],[-120.17446775899998,36.796084017000055],[-120.18197875999999,36.788078015000053],[-120.18153875999997,36.783285015000047],[-120.18971975999995,36.776149013000065],[-120.19969576199998,36.780741013000068],[-120.20182276199995,36.782953013000053],[-120.20223076299999,36.790010014000075],[-120.20708876399999,36.790910014000076],[-120.20841776399999,36.788962013000059],[-120.22071876599995,36.787335012000028],[-120.22272476599994,36.78276001200004],[-120.23327576799994,36.781062011000074],[-120.22993476599999,36.769060010000032],[-120.24569776899995,36.771336009000038],[-120.24886076899998,36.775126009000076],[-120.25598176999995,36.769616008000071],[-120.26224177099999,36.772609008000074],[-120.26945877199995,36.771382007000057],[-120.27335877299998,36.774242008000044],[-120.28137177299999,36.766629006000073],[-120.28123377399999,36.77215400700004],[-120.28551677499996,36.77350900600004],[-120.28906477499999,36.771628006000071],[-120.28807377499999,36.764078006000034],[-120.29060677499996,36.763052006000066],[-120.29404977499996,36.766346006000049],[-120.29318377599998,36.772238006000066],[-120.30607077799999,36.770270005000043],[-120.30571077799999,36.773417005000056],[-120.29981877699998,36.77457800600007],[-120.30036977799995,36.777638006000075],[-120.31259577999998,36.782029005000027],[-120.31590478099997,36.778290005000031],[-120.32173478099998,36.777702004000048],[-120.32436178199998,36.779898005000064],[-120.32227678199996,36.784596005000026],[-120.32422878299997,36.786309005000078],[-120.33462678399997,36.782889004000026],[-120.33439978399997,36.791475005000052],[-120.34408378599994,36.79139000400005],[-120.34767678699995,36.798167005000039],[-120.35068378799997,36.797500004000028],[-120.35096278799995,36.795441005000043],[-120.34451878599998,36.787419004000071],[-120.34513678599996,36.785054003000027],[-120.35589578799994,36.787353003000078],[-120.37072778899994,36.785209002000045],[-120.37287878999996,36.789710003000039],[-120.36975378999995,36.795640003000074],[-120.37438879199999,36.801097003000052],[-120.36809379099998,36.806961004000073],[-120.36923879199998,36.810074004000057],[-120.37706579299999,36.808777004000035],[-120.37911079399998,36.817171004000045],[-120.38757079699997,36.823888004000025],[-120.39583579799995,36.82448600400005],[-120.40072279799995,36.82241500400005],[-120.40405479899999,36.825648004000072],[-120.40489379999997,36.831368004000069],[-120.40992080199999,36.839816004000056],[-120.41710780199998,36.835631004000049],[-120.42172880299995,36.839945004000072],[-120.42664380399998,36.840116003000048],[-120.43389880699999,36.850587004000033],[-120.44034880699996,36.850012003000074],[-120.43950380799998,36.855713004000052],[-120.44738480999996,36.856572003000053],[-120.44856580999999,36.860224004000031],[-120.45409480999996,36.860211003000074],[-120.45612581099999,36.863282003000052],[-120.45020581099999,36.868536005000067],[-120.45031681099999,36.871228005000034],[-120.45938681299998,36.875325004000047],[-120.45367881299995,36.880795005000039],[-120.46528181599996,36.887335005000068],[-120.46676481699996,36.892198005000068],[-120.46097981599996,36.902345007000065],[-120.46379481699995,36.905361007000067],[-120.45559181599998,36.905455007000057],[-120.45041581599997,36.912832008000066],[-120.46221881799994,36.917177008000067],[-120.45707581799996,36.923571008000067],[-120.46282881999997,36.928194009000038],[-120.46802382099997,36.937477009000077],[-120.47563282299996,36.939997009000024],[-120.47905082399996,36.948825010000064],[-120.47801182499995,36.954674011000066],[-120.48895982799996,36.965697010000042],[-120.48415182699995,36.972404011000037],[-120.49477782899999,36.975799011000049],[-120.49544082999995,36.97893601100003],[-120.49953183099996,36.981971012000031],[-120.50064483199998,36.995919013000048],[-120.50417483299998,36.998210012000072],[-120.50299683399999,37.000634013000024],[-120.50817983399998,37.000295012000038],[-120.50897783499994,37.007628013000044],[-120.51380383699995,37.010967013000027],[-120.52019383699997,37.011284013000079],[-120.52327683799996,37.014073013000029],[-120.53043383899995,37.012880012000039],[-120.53072583999995,37.020189013000049],[-120.53694284099998,37.01934801200008],[-120.53783284199994,37.02385501200007],[-120.54527784299995,37.026941012000066],[-120.53781384299998,37.034224013000028],[-120.53725984299996,37.040643014000068],[-120.54170884499996,37.044510014000025],[-120.59857684899998,36.998635006000029],[-120.59357684799994,36.997886007000034],[-120.59121284599996,36.992839006000054],[-120.58525584599994,36.990594007000027],[-120.58600784499998,36.985323006000044],[-120.58812784599996,36.985311006000074],[-120.58816184499995,36.981654005000053],[-120.59049584499996,36.98164700500007],[-120.59057884199996,36.952646003000041],[-120.65596285299995,36.952836998000066],[-120.91874387099995,36.740385961000072],[-120.60371879599995,36.488246958000047],[-120.59716779499996,36.488239959000055],[-120.59657477799999,36.328492944000061],[-120.60023777899994,36.328290944000059],[-120.60489677899994,36.324113943000043],[-120.61252278099994,36.324369942000033],[-120.61271177999998,36.32085494200004],[-120.61792777999995,36.318821942000056],[-120.61992878099994,36.319950942000048],[-120.63053978299996,36.316897940000047],[-120.64435578399997,36.31902093900004],[-120.64614178499994,36.317006940000056],[-120.66314378699997,36.314389938000033],[-120.68284678899994,36.294268935000048],[-120.68046278799994,36.290685934000066],[-120.68289778799999,36.286800935000031],[-120.67263478499996,36.280493934000049],[-120.67620278499999,36.276844934000053],[-120.67425878499995,36.272738934000074],[-120.67859478499997,36.267323932000068],[-120.68043778499998,36.267068932000029],[-120.67988178499996,36.26528593300003],[-120.67296778299999,36.257683932000077],[-120.68148378299998,36.251982931000043],[-120.67975378299997,36.246669930000053],[-120.67091078099998,36.241861931000074],[-120.66692877999998,36.236001930000043],[-120.65170377699997,36.230663931000038],[-120.64927777599996,36.223956930000043],[-120.64100377399996,36.21981093100004],[-120.63883177399998,36.214980930000024],[-120.62692276999996,36.203231930000072],[-120.63922577099999,36.196471928000051],[-120.64237877099998,36.185919928000033],[-120.64495877099995,36.183721927000079],[-120.64473877099999,36.179156926000076],[-120.64886477099998,36.179427926000074],[-120.65199677099997,36.174093926000069],[-120.64994976999998,36.16801192500003],[-120.66306977299996,36.171162924000043],[-120.66426077299997,36.165655924000077],[-120.67204777299997,36.164275923000048],[-120.66799777199998,36.16057892300006],[-120.66471776999998,36.147277922000058],[-120.66426976999998,36.141365922000034],[-120.66756376999996,36.138061922000077],[-120.65647376799996,36.132592921000025],[-120.65253076599998,36.125185921000025],[-120.65423376699999,36.122710921000078],[-120.65321576599996,36.118819920000078],[-120.64543576499995,36.116203920000032],[-120.64879676499999,36.107994919000078],[-120.64612076399999,36.104749920000074],[-120.64190776299995,36.101276920000032],[-120.63537176099999,36.101016920000063],[-120.63361476099999,36.103329921000068],[-120.62668975899999,36.097147920000054],[-120.61426175699995,36.095074921000048],[-120.61166275699998,36.095638921000045],[-120.61237475699994,36.099057921000053],[-120.60868575699999,36.099323921000064],[-120.60803175699999,36.102701922000051],[-120.59937875599996,36.100882922000039],[-120.58980875299994,36.089609922000079],[-120.59318575299994,36.088534921000075],[-120.59610075299997,36.078223920000028],[-120.58787874999996,36.066632919000028],[-120.58460474999998,36.066193920000046],[-120.56666174599997,36.052936920000036],[-120.54542074099999,36.04612792100005],[-120.54042173999994,36.036668920000068],[-120.52941373799996,36.034299920000024],[-120.52700673799995,36.035713921000024],[-120.52980873699994,36.024285920000068],[-120.52002173499994,36.020889920000059],[-120.51976073599997,36.026683921000028],[-120.51758073499997,36.027548920000072],[-120.51094773399996,36.022077920000072],[-120.50839773399997,36.024199921000047],[-120.50835573299997,36.021585920000064],[-120.50487573299995,36.020362921000071],[-120.50045873199997,36.022234921000063],[-120.48833872999995,36.014883921000035],[-120.48622872899995,36.011182921000056],[-120.47931672799996,36.010670922000031],[-120.48046272699997,36.005932921000067],[-120.47740372599998,36.00082892100005],[-120.46862172499999,35.994351921000032],[-120.45986272299996,35.993486921000056],[-120.44971272099997,35.988436921000073],[-120.44909972099998,35.985116921000042],[-120.43818671799994,35.977765921000071],[-120.43437371699997,35.969448921000037],[-120.40855571399999,35.975966923000044],[-120.39401770999996,35.96787792300006],[-120.38888070899998,35.969263923000028],[-120.36041470399999,35.964422924000075],[-120.36250470399995,35.959413924000046],[-120.35754270299998,35.955553924000071],[-120.35652570299999,35.948061923000068],[-120.34965670099996,35.944067923000034],[-120.34584169999999,35.944856924000078],[-120.33589569699996,35.937094924000064],[-120.33672369699997,35.923649922000038],[-120.33209969499995,35.918798922000065],[-120.33230169499996,35.915527922000024],[-120.32600269399995,35.913129922000053],[-120.32292869299999,35.907822922000037],[-120.31508069199998,35.907190922000041],[-119.95892866099996,36.181418972000074],[-119.95923968399995,36.400979993000078],[-119.75312665099995,36.401899007000054],[-119.75138065099998,36.404354008000041],[-119.75240365199994,36.409045008000078],[-119.74631165099998,36.416799009000044],[-119.73827964999998,36.417915009000069],[-119.73492564999998,36.415869009000062],[-119.73006564899998,36.420770010000069],[-119.72144764699999,36.417944011000031],[-119.71402764599998,36.418879011000058],[-119.70514664599995,36.427160012000058],[-119.69489864399998,36.424747013000058],[-119.67159563999996,36.431074016000025],[-119.67032164099999,36.429467015000057],[-119.67285164099997,36.426612014000057],[-119.66790863899996,36.422958015000063],[-119.66676363899995,36.418759014000045],[-119.57320662999996,36.488840028000027],[-119.46633462199998,36.575243043000057],[-119.30511459599995,36.573730054000066],[-119.30463760399999,36.660611062000044],[-118.98479155099994,36.657152084000074],[-118.98245355999995,36.741651092000041],[-118.55504348899996,36.739143121000041],[-118.55549948899994,36.744751121000036],[-118.36059845599999,36.744778135000047],[-118.36214245699995,36.747739135000074],[-118.36924245799997,36.750039134000076],[-118.37174245999995,36.761239136000029],[-118.37474246099998,36.76413913500005],[-118.37204245999999,36.767039136000051],[-118.37644246199994,36.772139136000078],[-118.37604246199999,36.778539136000063],[-118.38024246299995,36.782239137000033],[-118.37281546399998,36.794545139000036],[-118.37403846399997,36.800177139000027],[-118.37818746499994,36.804183139000031],[-118.37932846599995,36.808668139000076],[-118.38388946699996,36.810200139000074],[-118.38469346799997,36.815347140000029],[-118.39114046899999,36.820973140000035],[-118.39093346999999,36.825604140000053],[-118.39373647099995,36.829673140000068],[-118.38977046999997,36.834471141000051],[-118.37150646799995,36.836088142000051],[-118.36218146699997,36.844007144000045],[-118.36223546799999,36.861364146000028],[-118.36557046899998,36.862288146000026],[-118.36617246999998,36.868905147000078],[-118.37019147099994,36.87169314700003],[-118.36714347199995,36.881439148000027],[-118.36244347099995,36.883639148000043],[-118.36084347099995,36.887739149000026],[-118.36504347199997,36.890639149000037],[-118.36924447399997,36.898439149000069],[-118.36744447399997,36.90703915000006],[-118.37104447499996,36.908639150000056],[-118.38154447799997,36.92593915100008],[-118.38304447999997,36.934639152000045],[-118.38844448199995,36.945539153000027],[-118.39664448499997,36.957340153000075],[-118.40474548599997,36.957540153000025],[-118.40304548599994,36.962040154000078],[-118.40444548699998,36.972040154000069],[-118.40954548799999,36.975240154000062],[-118.40914548899997,36.980540155000028],[-118.41114548899998,36.982940155000051],[-118.41954549199994,36.987440154000069],[-118.41894549199998,36.994840156000066],[-118.41224549199995,36.99834015600004],[-118.42112349399997,37.007568156000048],[-118.42799349499995,37.011240157000032],[-118.42312249499997,37.016943158000061],[-118.42277249599999,37.025810159000059],[-118.42951049899995,37.033949159000031],[-118.43923349999994,37.039002158000073],[-118.44174150099997,37.045018159000051],[-118.43498250099998,37.049744160000046],[-118.43824550199997,37.055895160000034],[-118.43606250199997,37.057269161000079],[-118.43714950199995,37.059823161000054],[-118.44896850499998,37.069144161000054],[-118.46734450799994,37.066750160000026],[-118.47115550899997,37.07266616000004],[-118.48659251299995,37.077419159000044],[-118.49266851499999,37.087468160000071],[-118.50311551699997,37.095226160000038],[-118.51187251799996,37.092816159000051],[-118.52213952099999,37.09835915900004],[-118.52610452199997,37.103831159000038],[-118.52978252299999,37.105082159000062],[-118.53232752299999,37.109546159000047],[-118.53094452299996,37.111185160000048],[-118.54507752699999,37.11537615900005],[-118.56411652899999,37.113213157000075],[-118.56842253099995,37.115300157000036],[-118.56904153099998,37.122605158000056],[-118.58309953399998,37.122403157000065],[-118.58606353399995,37.124939157000028],[-118.58909153599996,37.135083158000043],[-118.59267353699994,37.138152158000025],[-118.59965753799997,37.136473157000069],[-118.61342354099997,37.143015157000036],[-118.62951254299998,37.137429155000063],[-118.63460554399995,37.13886715600006],[-118.64130254399998,37.137239155000032],[-118.64653954599999,37.140787154000066],[-118.65460554699996,37.141831154000045],[-118.65671654799996,37.147215155000026],[-118.66088254899995,37.148423155000046],[-118.66719955099995,37.154645155000026],[-118.66651355199997,37.161393155000042],[-118.67266055299996,37.16734815500007],[-118.66425255299998,37.178150157000061],[-118.66715055399999,37.182454158000041],[-118.66646755499994,37.189502158000039],[-118.66941555499994,37.190384158000029],[-118.68136155899998,37.204443158000061],[-118.67562555899997,37.214150160000031],[-118.67911455899997,37.214457159000062],[-118.67913155999997,37.219958160000033],[-118.68643656199998,37.227580161000049],[-118.68226156199995,37.23398816100007],[-118.68456756299997,37.237591161000068],[-118.68375756299997,37.244374162000042],[-118.67485756299999,37.24897416400006],[-118.66534456299996,37.261922166000033],[-118.68211256699999,37.28047816600008],[-118.68523256899999,37.290473167000073],[-118.68963056999996,37.293370167000035],[-118.69489557099996,37.301786167000046],[-118.69496657199994,37.30602516700003],[-118.69857857199997,37.305592167000043],[-118.71602857799996,37.328213168000048],[-118.72876657899997,37.323007167000071],[-118.73297757999995,37.317896166000025],[-118.74113057999995,37.315343165000058],[-118.74384958199994,37.319550166000056],[-118.75786758499999,37.328845165000075],[-118.77436658799996,37.334807165000029],[-118.78011958899998,37.334878165000077],[-118.78674859099999,37.343385165000029],[-118.78152559199998,37.356421167000065],[-118.76862359099999,37.359839168000065],[-118.77008559199999,37.366224168000031],[-118.76768959099996,37.36766816800008],[-118.77334159299994,37.374938169000075],[-118.77861259299999,37.37596116900005],[-118.77955959499997,37.381595169000036],[-118.78265859499999,37.382713169000056],[-118.79004359699996,37.394037170000047],[-118.78203559799999,37.407714172000055],[-118.78357059899997,37.413317172000063],[-118.77976959899996,37.421683173000076],[-118.77569359899996,37.424583174000077],[-118.77050159699996,37.422082174000025],[-118.76751859699999,37.423645174000058],[-118.76510759699994,37.429735175000076],[-118.76018759699997,37.433637175000058],[-118.75886159699996,37.441273176000038],[-118.76329959999998,37.456542178000063],[-118.77214560199997,37.458555177000051],[-118.77502660199997,37.463057177000053]]]},"properties":{"STATE_COUNTY_FIPS_CD":"06019","COUNTY_NM":"Fresno","MMG_PCT_OVERALL_FI_RATE":14.3999996,"MMG_YEAR":"2020"}},{"type":"Feature","geometry":{"type":"Polygon","coordinates":[[[-122.78757952599994,39.800566075000063],[-122.93766754699999,39.798161063000066],[-122.93842653999997,39.748117059000037],[-122.91252953599997,39.748170061000053],[-122.91288953199995,39.708728058000077],[-122.89268952899999,39.708903060000068],[-122.89042651699998,39.622921054000074],[-122.88451051399994,39.610766053000077],[-122.88536550999999,39.580113051000069],[-122.73565248799997,39.580673062000074],[-122.73656147899999,39.508515057000068],[-122.73244647599995,39.494634056000052],[-122.73165947399997,39.479242055000043],[-122.73261446999999,39.45075905300007],[-122.74176146899998,39.435235051000063],[-122.73907546199996,39.38327104800004],[-122.59456144099994,39.385547059000032],[-122.43130341599999,39.383784072000026],[-122.13601937199996,39.385499095000057],[-122.13617437499994,39.414504098000066],[-122.12564037399994,39.414598098000056],[-122.00887035599999,39.413572108000039],[-122.00647535499996,39.40540310800003],[-122.00375335399997,39.403487107000046],[-122.00372235299994,39.397832107000056],[-122.00974835199997,39.383869105000031],[-121.89002633399997,39.383869115000039],[-121.89043233499996,39.390155116000074],[-121.88347333599995,39.406770118000054],[-121.88432933599995,39.410180118000028],[-121.88096433799996,39.419835119000027],[-121.87772033699997,39.422835119000069],[-121.87922533799997,39.423934118000034],[-121.87804533799999,39.427664119000042],[-121.87521233799998,39.427916119000031],[-121.87459233899995,39.434506120000037],[-121.87695333899995,39.43835112000005],[-121.87405933999997,39.447299121000071],[-121.87078333999995,39.448718122000059],[-121.87311533999997,39.450869121000039],[-121.87485634199999,39.460526122000033],[-121.86936434199998,39.466201123000076],[-121.87122434199995,39.467185123000036],[-121.87355534399995,39.478605124000069],[-121.87089634399996,39.485127125000076],[-121.87714634799994,39.501787125000078],[-121.87515034799998,39.503313125000034],[-121.87735434899997,39.509554126000069],[-121.87112734899995,39.518452127000046],[-121.85946134799997,39.52720412900004],[-121.85654534899999,39.536909129000037],[-121.94520736299995,39.536062123000079],[-121.97404436599999,39.52885511900007],[-121.97338236599995,39.531147120000071],[-121.97683336699998,39.532875120000028],[-121.98409136799995,39.532770120000066],[-121.98568336799997,39.531022119000056],[-121.99403436999995,39.533931118000055],[-122.00314737499997,39.559300120000046],[-121.99064737299994,39.564300121000031],[-121.99254937399996,39.567138121000028],[-122.00143837499996,39.569007120000038],[-122.00325637699996,39.574820121000073],[-121.99521437599998,39.581751122000071],[-121.99687137699999,39.587626123000064],[-121.99578037899994,39.603169124000033],[-121.99233637999998,39.608185124000045],[-121.98223537799998,39.611374126000044],[-121.97941737799999,39.617164126000034],[-121.98355937999997,39.623288126000034],[-121.99066038199999,39.626324126000043],[-121.99237738199997,39.629605126000058],[-121.99084238299997,39.636544127000036],[-121.98508538399994,39.645937128000071],[-121.97600038299998,39.648644129000047],[-121.96879138099996,39.648099130000048],[-121.96663638199999,39.652449130000036],[-121.97583638399999,39.663466130000074],[-121.99078438599997,39.660416128000065],[-121.996508388,39.663869128000044],[-121.99736138799994,39.668488129000025],[-121.99435638799997,39.671463129000074],[-121.98515838699996,39.67017713000007],[-121.97208638499995,39.676460131000056],[-121.96144838399999,39.677294133000032],[-121.95773138399994,39.68158713300005],[-121.95693238399997,39.687530134000042],[-121.94492838299999,39.690924135000046],[-121.94185638399995,39.699749135000047],[-121.95096438699994,39.715009136000049],[-121.94669438899996,39.729586137000069],[-121.95135538999995,39.732768137000051],[-121.95725238899996,39.719093136000026],[-121.96253738999997,39.717746135000027],[-121.96581739099997,39.719698135000044],[-121.96745639199997,39.724648135000052],[-121.96018139199998,39.734166136000056],[-121.96380939299996,39.741403137000077],[-121.96937639299995,39.739444137000078],[-121.97068939299999,39.732119136000051],[-121.98218939499998,39.733907135000038],[-121.99517739899994,39.749887135000051],[-122.00875140199997,39.759238135000032],[-122.01829140399997,39.762578135000069],[-122.03243040899997,39.778730134000057],[-122.02560740899997,39.788153136000062],[-122.02419540999995,39.798517137000033],[-122.02792441099996,39.800429137000037],[-122.03363341099998,39.799393136000049],[-122.03661041199996,39.797983136000028],[-122.03680941099998,39.794145136000054],[-122.04013941199997,39.792753135000055],[-122.04648441299997,39.797653135000076],[-122.78757952599994,39.800566075000063]]]},"properties":{"STATE_COUNTY_FIPS_CD":"06021","COUNTY_NM":"Glenn","MMG_PCT_OVERALL_FI_RATE":12.5,"MMG_YEAR":"2020"}},{"type":"Feature","geometry":{"type":"MultiPolygon","coordinates":[[[[-123.89142093099997,41.46585109800003],[-124.06519750399997,41.464745617000062],[-124.06627272699996,41.452027273000056],[-124.06307272699996,41.439581818000079],[-124.07246363599995,41.373900000000049],[-124.08601818199998,41.322263636000059],[-124.09249090899999,41.286572727000078],[-124.09976363599998,41.266236364000065],[-124.10045454499999,41.257590909000044],[-124.10910909099999,41.23635454500004],[-124.10699090899999,41.229681818000074],[-124.14049999999997,41.149854545000039],[-124.14716363599996,41.141509091000046],[-124.15853636299994,41.143018182000048],[-124.16187272699995,41.141281818000039],[-124.16399090899995,41.138672727000028],[-124.16080909099998,41.133272727000076],[-124.16538181799996,41.130254545000071],[-124.15906363599998,41.121954545000051],[-124.16081818199996,41.119463636000035],[-124.15967272699999,41.111963636000041],[-124.16206363599997,41.108827273000031],[-124.16064545399996,41.104481818000068],[-124.16451818199999,41.101163636000081],[-124.16055454499997,41.099009091000028],[-124.15450909099997,41.087163636000071],[-124.15959090899997,41.085745454000062],[-124.15657272699997,41.084481818000029],[-124.157663636,41.081100000000049],[-124.15551818199998,41.077463636000061],[-124.15956363599997,41.073845454000036],[-124.15796363599998,41.070454545000075],[-124.15935454499999,41.069272727000055],[-124.15627272699999,41.066818182000077],[-124.15116363599998,41.066818182000077],[-124.14908181799996,41.061463636000042],[-124.15361818199995,41.053554545000054],[-124.14893636299996,41.051472727000032],[-124.14721818199996,41.05288181800006],[-124.14827272699995,41.055909091000046],[-124.14549090899999,41.057045454000047],[-124.13521818199996,41.054890909000051],[-124.12544545399999,41.048509091000028],[-124.12021818199997,41.041390909000029],[-124.12190909099996,41.039790909000033],[-124.11174545399996,41.027827273000071],[-124.11766363599997,40.987345454000035],[-124.11926363599997,40.986972727000079],[-124.13706363599999,40.925736364000045],[-124.15831818199996,40.876072727000064],[-124.19206363599994,40.819309091000036],[-124.22824545399999,40.769390909000037],[-124.23371818199996,40.76524545400008],[-124.22219090899995,40.759581818000072],[-124.21511818199997,40.770381818000033],[-124.19969090899997,40.782345454000051],[-124.19496363599995,40.789600000000064],[-124.18740909099995,40.81058181800006],[-124.17036363599999,40.826163636000047],[-124.17020909099995,40.835972727000069],[-124.16610909099995,40.84334545400003],[-124.15812727199994,40.851100000000031],[-124.15809090899995,40.858190909000029],[-124.14986363599996,40.858618182000043],[-124.15206363599998,40.864363636000064],[-124.13524545399997,40.864590909000071],[-124.13120909099996,40.859145454000043],[-124.12570909099998,40.858409091000055],[-124.11733636299999,40.852509091000059],[-124.10323636299995,40.860090909000064],[-124.09841818199999,40.858945454000036],[-124.09899090899995,40.855645454000069],[-124.09329090899996,40.853754545000072],[-124.09120909099994,40.854990909000037],[-124.09127272699999,40.848854545000052],[-124.08530909099994,40.849772727000072],[-124.08528181799994,40.84706363600003],[-124.08284545399999,40.846409091000055],[-124.08518181799997,40.841572727000027],[-124.08325454499999,40.83108181800003],[-124.08536363599995,40.831072727000048],[-124.08805454499998,40.824090909000063],[-124.10809090899994,40.814118182000072],[-124.11459090899996,40.813818182000034],[-124.11879999999996,40.808145454000055],[-124.12151818199999,40.809354545000076],[-124.12331818199999,40.806245454000077],[-124.13149090899998,40.805600000000027],[-124.14541818199996,40.811190909000061],[-124.16061818199995,40.806236364000029],[-124.17465454499995,40.804772727000056],[-124.18283636299998,40.800381818000062],[-124.18812727199997,40.79344545400005],[-124.18679999999995,40.787781818000042],[-124.18975454499997,40.784309091000068],[-124.18746363599996,40.787763636000079],[-124.18978181799997,40.78719090900006],[-124.19396363599998,40.779918182000074],[-124.19571818199995,40.771663636000028],[-124.20221818199997,40.771709091000048],[-124.20227272699998,40.766563636000058],[-124.19730909099997,40.756472727000073],[-124.19799999999998,40.752281818000029],[-124.20545454499995,40.743690909000065],[-124.22194545399998,40.740600000000029],[-124.22007272699994,40.736554545000047],[-124.21577272699994,40.738672727000051],[-124.21483636299996,40.736427273000061],[-124.21565454499995,40.73099090900007],[-124.21667272699995,40.733463636000067],[-124.21832727199995,40.732736364000061],[-124.21819999999997,40.729527273000031],[-124.22321818199998,40.723472727000058],[-124.21443636299995,40.71124545400005],[-124.21584545399998,40.704845454000065],[-124.23286363599999,40.692381818000058],[-124.26073636299998,40.697418182000035],[-124.26686363599998,40.701036364000061],[-124.26058181799999,40.707027273000051],[-124.26261818199998,40.709390909000035],[-124.25798181799996,40.718218182000044],[-124.24966363599998,40.728145454000071],[-124.24314545399994,40.732472727000072],[-124.23454545399994,40.74443636400008],[-124.23051818199997,40.746181818000025],[-124.22669999999999,40.744445454000072],[-124.22769090899999,40.747100000000046],[-124.22585454499995,40.748381818000041],[-124.22931818199999,40.74920000000003],[-124.23503636299995,40.756190909000054],[-124.24963636299998,40.73294545400006],[-124.28911818199998,40.679627273000051],[-124.33027272699997,40.615127273000041],[-124.36620909099997,40.54286363600005],[-124.38731818199994,40.510445454000035],[-124.38693636299996,40.503609091000044],[-124.38322727199994,40.499854545000062],[-124.38377272699995,40.493390909000027],[-124.39487272699995,40.465436364000027],[-124.40760909099998,40.445100000000025],[-124.40959090899997,40.438081818000057],[-124.40366363599998,40.43327272700003],[-124.40262727199996,40.422109091000038],[-124.39149999999995,40.40704545400007],[-124.37908181799997,40.398827273000052],[-124.36868181799997,40.384136364000028],[-124.36397272699998,40.368490909000059],[-124.36267272699996,40.343527273000063],[-124.35887272699995,40.336618182000052],[-124.35345454499998,40.332109091000063],[-124.34869090899997,40.319418182000049],[-124.34845454499998,40.312163636000037],[-124.35379090899994,40.304790909000076],[-124.36363636299996,40.276209091000055],[-124.36341818199998,40.26097272700008],[-124.36099090899995,40.257427273000076],[-124.34337272699997,40.244090909000079],[-124.32769090899995,40.237372727000036],[-124.32090909099998,40.226618182000038],[-124.29031818199996,40.203554545000031],[-124.27313636299999,40.196454545000051],[-124.25840909099998,40.184281818000045],[-124.24001818199997,40.177118182000072],[-124.21530909099999,40.161409091000053],[-124.18787272699996,40.130545454000071],[-124.13995454499997,40.116354545000036],[-124.11054545399998,40.103763636000053],[-124.08708181799994,40.078445454000075],[-124.08070909099996,40.066109091000044],[-124.08084545399998,40.037709091000067],[-124.07861818199996,40.036890909000078],[-124.08066363599994,40.029909091000036],[-124.07093636299999,40.021854545000053],[-124.06182727199996,40.025336364000054],[-124.05009999999999,40.021609091000073],[-124.03697272699998,40.014190909000035],[-124.02322941799997,40.001280963000056],[-123.74626969399998,40.001827011000046],[-123.54447166499995,40.001928028000066],[-123.54446576599997,40.714015078000045],[-123.54302876899999,40.733583080000074],[-123.54810977099999,40.746378079000067],[-123.55181977199999,40.748132079000072],[-123.55092077299997,40.756090080000035],[-123.55417877399998,40.759507080000049],[-123.55020677499999,40.762809081000057],[-123.55020277499995,40.765550081000072],[-123.55452077599995,40.766661080000063],[-123.54957477599999,40.77313808100007],[-123.54987877699995,40.77581308200007],[-123.55829377799995,40.781076081000037],[-123.55934877899995,40.784122081000078],[-123.55762577899998,40.787260082000046],[-123.56004677999999,40.790274082000053],[-123.56481377999995,40.787708081000062],[-123.56626677999998,40.788815081000052],[-123.56471978099995,40.791420082000059],[-123.56586078199996,40.796236082000064],[-123.55779277999994,40.793747082000039],[-123.55408477999998,40.796314083000027],[-123.55622878199995,40.808822083000052],[-123.56253578399998,40.809703083000045],[-123.56874478499998,40.819745083000043],[-123.55964178599999,40.830324085000029],[-123.56625678799998,40.834983084000044],[-123.56307278799994,40.840422085000057],[-123.56474778799998,40.842434085000036],[-123.57317578999999,40.843520084000033],[-123.57665479199994,40.853387084000076],[-123.57435779099995,40.855489085000045],[-123.57585479299996,40.857999085000074],[-123.58755379399997,40.858488084000044],[-123.58048079399998,40.865765086000067],[-123.58061379499998,40.868004086000042],[-123.58498279599996,40.869751085000075],[-123.59112279599998,40.867287084000054],[-123.59801079799996,40.877620085000046],[-123.61026379999998,40.878977083000052],[-123.60172279899996,40.879958085000055],[-123.59722479899995,40.884109085000034],[-123.60855580299994,40.894943084000033],[-123.60473880199999,40.900375086000054],[-123.60610080399999,40.904795085000046],[-123.61584080599999,40.914073085000041],[-123.61343680699997,40.921556086000066],[-123.62118480899994,40.925523085000066],[-123.62383980999999,40.929426086000035],[-123.62240080999999,40.931708086000071],[-123.61137580799999,40.929260087000046],[-123.59927480699997,40.93116008800007],[-123.59157480499999,40.927360088000057],[-123.58787480399997,40.92776008900006],[-123.58156980499996,40.933162090000053],[-123.57167580399999,40.937060091000035],[-123.56767380299999,40.936561091000044],[-123.56997480499996,40.946560092000027],[-123.56017680399998,40.950262093000049],[-123.55557380299996,40.948660093000058],[-123.55477380299999,40.945660093000072],[-123.54117379899998,40.939661093000041],[-123.54097279799998,40.932261093000079],[-123.53387279699996,40.930761094000047],[-123.52967279699999,40.934861094000041],[-123.51487179399999,40.924761095000065],[-123.51177179299998,40.92036209500003],[-123.49667078899995,40.91616209600005],[-123.48177078699996,40.914862097000025],[-123.47797178899998,40.928061098000057],[-123.46766978799997,40.938164100000051],[-123.44796978599999,40.943763102000048],[-123.44527278699996,40.948367103000066],[-123.44487278799994,40.956163103000051],[-123.45297278999999,40.960064102000047],[-123.45327178999997,40.964158103000045],[-123.43656878899998,40.973658105000027],[-123.43486878999994,40.982557106000058],[-123.43087178999997,40.983661106000056],[-123.42727178999996,40.988261107000028],[-123.42776379199995,41.000705107000044],[-123.42007279199998,41.009679109000047],[-123.40605379099998,41.012902111000074],[-123.41032579299997,41.020679111000049],[-123.40710579399996,41.029728111000054],[-123.41997979599995,41.035144110000033],[-123.42376779799997,41.043190111000058],[-123.42328579999997,41.058162112000048],[-123.43073680199996,41.06327211200005],[-123.43523280199997,41.060621111000046],[-123.44561280399995,41.061686110000039],[-123.45253880599995,41.068536110000025],[-123.45795580599997,41.068220109000038],[-123.45961180699999,41.073744110000064],[-123.46401980799999,41.076353110000071],[-123.45829580899999,41.083791111000039],[-123.46423581099998,41.094413111000051],[-123.44949280799995,41.089111112000069],[-123.44362480799998,41.089625112000078],[-123.43981980699999,41.092546113000026],[-123.44123780799998,41.094805113000064],[-123.43584780899999,41.102356114000031],[-123.43710180899996,41.10409011400003],[-123.43430280999996,41.111660115000063],[-123.42926480999995,41.118005115000074],[-123.42942281399996,41.144779117000041],[-123.43150481499998,41.147732117000032],[-123.42878181499998,41.152067118000048],[-123.43262181699998,41.162333118000049],[-123.421746816,41.166546119000031],[-123.41696281499998,41.165535120000072],[-123.41037881499994,41.170711121000068],[-123.40830481599994,41.179949122000039],[-123.41710881999995,41.197007122000059],[-123.42772382199996,41.203346121000038],[-123.42993482399999,41.208844121000027],[-123.43532682599999,41.213306121000073],[-123.43657482699996,41.218366122000077],[-123.43438982699996,41.222880122000049],[-123.43791082799999,41.22690212200007],[-123.45091282999999,41.231248121000078],[-123.45532083199998,41.23654212100007],[-123.44215383199997,41.251401123000051],[-123.44206483299996,41.260018124000055],[-123.44508483499999,41.268251124000074],[-123.44382783599997,41.273239125000032],[-123.46280484099998,41.284206124000036],[-123.46325483999999,41.286343124000041],[-123.45548884099998,41.292824125000038],[-123.45689684099995,41.300293126000042],[-123.46034884199997,41.303309125000055],[-123.45960584399995,41.310244126000043],[-123.46345384499995,41.317735127000049],[-123.47248484699998,41.321552126000029],[-123.47401484899996,41.326379125000074],[-123.47865484999994,41.32965312500005],[-123.47838085099994,41.340315127000054],[-123.48252385299998,41.353655127000025],[-123.47409885399998,41.366198128000065],[-123.48102785599997,41.371991128000047],[-123.48942485899994,41.377675128000078],[-123.49828485999996,41.37891012800003],[-123.50118386099996,41.38257212700006],[-123.66137688399999,41.382095113000048],[-123.77025289999995,41.38078110400005],[-123.77056491299999,41.464198109000051],[-123.88570492899998,41.463856099000054],[-123.88570892999996,41.465849099000025],[-123.89142093099997,41.46585109800003]]],[[[-124.16361818199999,40.818127273000073],[-124.16688181799998,40.819972727000049],[-124.16579999999999,40.817936364000047],[-124.17256363599995,40.816772727000057],[-124.17843636299995,40.807563636000054],[-124.17120909099998,40.808818182000039],[-124.15645454499997,40.816527273000077],[-124.15955454499999,40.819481818000042],[-124.16361818199999,40.818127273000073]]],[[[-124.15575454499998,40.811590909000074],[-124.15799999999996,40.81259090900005],[-124.16657272699996,40.808090909000043],[-124.15839999999997,40.808390909000025],[-124.15575454499998,40.811590909000074]]]]},"properties":{"STATE_COUNTY_FIPS_CD":"06023","COUNTY_NM":"Humboldt","MMG_PCT_OVERALL_FI_RATE":15,"MMG_YEAR":"2020"}},{"type":"Feature","geometry":{"type":"Polygon","coordinates":[[[-114.62713650199998,33.433558981000033],[-114.83088053899996,33.433712970000045],[-114.83084453899994,33.430098970000074],[-115.06320858099997,33.428107957000066],[-116.08517676499997,33.425936902000046],[-116.08110173799997,33.074837860000059],[-116.10326374199997,33.074674858000037],[-116.10316071699998,32.726504816000045],[-116.10565971699998,32.72649881600006],[-116.10619170999996,32.61859680200007],[-115.50212260599994,32.664465839000059],[-114.71964446699997,32.718767884000044],[-114.71453346699997,32.730394886000056],[-114.70159346599996,32.745636889000025],[-114.68824146299994,32.737534889000074],[-114.61740644899999,32.728261891000045],[-114.61568144799998,32.728458891000059],[-114.61512344899995,32.734519892000037],[-114.58179544299998,32.734950894000065],[-114.58174744299998,32.742324894000035],[-114.56451943999997,32.742278896000073],[-114.56445844099994,32.749558897000043],[-114.53923543599996,32.749816898000063],[-114.53910343699999,32.756953898000063],[-114.52686743399994,32.757098899000027],[-114.53244343699998,32.776926901000024],[-114.52964443699994,32.795481904000042],[-114.52204243699998,32.801679905000071],[-114.51033843499999,32.816492908000043],[-114.49412743299996,32.82329191000008],[-114.46898242999998,32.845159913000032],[-114.46290143299996,32.905801922000023],[-114.46398343399994,32.912445923000064],[-114.47665143599994,32.923632923000071],[-114.48093143899996,32.935256924000043],[-114.46807243699999,32.955264928000076],[-114.46861643799997,32.971653930000059],[-114.47654344099999,32.975178930000027],[-114.48863644299996,32.96995092800006],[-114.49294944399998,32.971785929000077],[-114.50123744799998,33.007560933000036],[-114.50796744999997,33.01971293400004],[-114.51646545199998,33.02762193500007],[-114.53109445499996,33.032397934000073],[-114.57166446199994,33.036628933000031],[-114.57829846299995,33.035379932000069],[-114.58477646399996,33.028234932000032],[-114.58978946499997,33.026232931000038],[-114.61879946999994,33.027206929000045],[-114.62830547299995,33.031054929000049],[-114.63956347599998,33.045294931000058],[-114.64599047699994,33.048906931000033],[-114.65783847899996,33.033828928000048],[-114.66232847899994,33.032674928000063],[-114.67367048199998,33.041900929000064],[-114.67430648299995,33.057173931000079],[-114.68700248599998,33.070972931000028],[-114.68903148799996,33.084039933000042],[-114.70474148999995,33.087055932000055],[-114.70783049099998,33.091106933000049],[-114.70618649199997,33.105338935000077],[-114.69692549199999,33.131123939000076],[-114.68741649199995,33.141987941000025],[-114.67995649099998,33.159063943000035],[-114.68090149199998,33.169078944000034],[-114.67537049299995,33.185492947000057],[-114.67876049499995,33.203452949000052],[-114.67363749499998,33.223125952000032],[-114.68955249899994,33.246432954000056],[-114.67209949699998,33.258503956000027],[-114.68051849999995,33.273580958000025],[-114.69446050299996,33.279789957000048],[-114.72168150899995,33.286986957000067],[-114.73123451099997,33.302437959000031],[-114.72363451099994,33.312113960000033],[-114.70788150799996,33.323320962000025],[-114.70094950799995,33.337018965000027],[-114.69804650899999,33.352446967000049],[-114.69906750999996,33.361152967000066],[-114.70735951199998,33.376631970000062],[-114.70732051299996,33.382544970000026],[-114.72288451699995,33.398780971000065],[-114.72554651799999,33.404059972000027],[-114.72007651699994,33.407895972000063],[-114.70179951399996,33.408381974000065],[-114.69566951399997,33.415132974000073],[-114.68796151199996,33.417938975000027],[-114.67370250999994,33.419161977000044],[-114.65826550699995,33.413025976000029],[-114.64955150399999,33.413637977000064],[-114.63519450299998,33.422729979000053],[-114.62713650199998,33.433558981000033]]]},"properties":{"STATE_COUNTY_FIPS_CD":"06025","COUNTY_NM":"Imperial","MMG_PCT_OVERALL_FI_RATE":19,"MMG_YEAR":"2020"}},{"type":"Feature","geometry":{"type":"Polygon","coordinates":[[[-117.83273844399997,37.464934244000062],[-118.20399850599995,37.462648218000027],[-118.77502660199997,37.463057177000053],[-118.77214560199997,37.458555177000051],[-118.76329959999998,37.456542178000063],[-118.75886159699996,37.441273176000038],[-118.76018759699997,37.433637175000058],[-118.76510759699994,37.429735175000076],[-118.76751859699999,37.423645174000058],[-118.77050159699996,37.422082174000025],[-118.77569359899996,37.424583174000077],[-118.77976959899996,37.421683173000076],[-118.78357059899997,37.413317172000063],[-118.78203559799999,37.407714172000055],[-118.79004359699996,37.394037170000047],[-118.78265859499999,37.382713169000056],[-118.77955959499997,37.381595169000036],[-118.77861259299999,37.37596116900005],[-118.77334159299994,37.374938169000075],[-118.76768959099996,37.36766816800008],[-118.77008559199999,37.366224168000031],[-118.76862359099999,37.359839168000065],[-118.78152559199998,37.356421167000065],[-118.78674859099999,37.343385165000029],[-118.78011958899998,37.334878165000077],[-118.77436658799996,37.334807165000029],[-118.75786758499999,37.328845165000075],[-118.74384958199994,37.319550166000056],[-118.74113057999995,37.315343165000058],[-118.73297757999995,37.317896166000025],[-118.72876657899997,37.323007167000071],[-118.71602857799996,37.328213168000048],[-118.69857857199997,37.305592167000043],[-118.69496657199994,37.30602516700003],[-118.69489557099996,37.301786167000046],[-118.68963056999996,37.293370167000035],[-118.68523256899999,37.290473167000073],[-118.68211256699999,37.28047816600008],[-118.66534456299996,37.261922166000033],[-118.67485756299999,37.24897416400006],[-118.68375756299997,37.244374162000042],[-118.68456756299997,37.237591161000068],[-118.68226156199995,37.23398816100007],[-118.68643656199998,37.227580161000049],[-118.67913155999997,37.219958160000033],[-118.67911455899997,37.214457159000062],[-118.67562555899997,37.214150160000031],[-118.68136155899998,37.204443158000061],[-118.66941555499994,37.190384158000029],[-118.66646755499994,37.189502158000039],[-118.66715055399999,37.182454158000041],[-118.66425255299998,37.178150157000061],[-118.67266055299996,37.16734815500007],[-118.66651355199997,37.161393155000042],[-118.66719955099995,37.154645155000026],[-118.66088254899995,37.148423155000046],[-118.65671654799996,37.147215155000026],[-118.65460554699996,37.141831154000045],[-118.64653954599999,37.140787154000066],[-118.64130254399998,37.137239155000032],[-118.63460554399995,37.13886715600006],[-118.62951254299998,37.137429155000063],[-118.61342354099997,37.143015157000036],[-118.59965753799997,37.136473157000069],[-118.59267353699994,37.138152158000025],[-118.58909153599996,37.135083158000043],[-118.58606353399995,37.124939157000028],[-118.58309953399998,37.122403157000065],[-118.56904153099998,37.122605158000056],[-118.56842253099995,37.115300157000036],[-118.56411652899999,37.113213157000075],[-118.54507752699999,37.11537615900005],[-118.53094452299996,37.111185160000048],[-118.53232752299999,37.109546159000047],[-118.52978252299999,37.105082159000062],[-118.52610452199997,37.103831159000038],[-118.52213952099999,37.09835915900004],[-118.51187251799996,37.092816159000051],[-118.50311551699997,37.095226160000038],[-118.49266851499999,37.087468160000071],[-118.48659251299995,37.077419159000044],[-118.47115550899997,37.07266616000004],[-118.46734450799994,37.066750160000026],[-118.44896850499998,37.069144161000054],[-118.43714950199995,37.059823161000054],[-118.43606250199997,37.057269161000079],[-118.43824550199997,37.055895160000034],[-118.43498250099998,37.049744160000046],[-118.44174150099997,37.045018159000051],[-118.43923349999994,37.039002158000073],[-118.42951049899995,37.033949159000031],[-118.42277249599999,37.025810159000059],[-118.42312249499997,37.016943158000061],[-118.42799349499995,37.011240157000032],[-118.42112349399997,37.007568156000048],[-118.41224549199995,36.99834015600004],[-118.41894549199998,36.994840156000066],[-118.41954549199994,36.987440154000069],[-118.41114548899998,36.982940155000051],[-118.40914548899997,36.980540155000028],[-118.40954548799999,36.975240154000062],[-118.40444548699998,36.972040154000069],[-118.40304548599994,36.962040154000078],[-118.40474548599997,36.957540153000025],[-118.39664448499997,36.957340153000075],[-118.38844448199995,36.945539153000027],[-118.38304447999997,36.934639152000045],[-118.38154447799997,36.92593915100008],[-118.37104447499996,36.908639150000056],[-118.36744447399997,36.90703915000006],[-118.36924447399997,36.898439149000069],[-118.36504347199997,36.890639149000037],[-118.36084347099995,36.887739149000026],[-118.36244347099995,36.883639148000043],[-118.36714347199995,36.881439148000027],[-118.37019147099994,36.87169314700003],[-118.36617246999998,36.868905147000078],[-118.36557046899998,36.862288146000026],[-118.36223546799999,36.861364146000028],[-118.36218146699997,36.844007144000045],[-118.37150646799995,36.836088142000051],[-118.38977046999997,36.834471141000051],[-118.39373647099995,36.829673140000068],[-118.39093346999999,36.825604140000053],[-118.39114046899999,36.820973140000035],[-118.38469346799997,36.815347140000029],[-118.38388946699996,36.810200139000074],[-118.37932846599995,36.808668139000076],[-118.37818746499994,36.804183139000031],[-118.37403846399997,36.800177139000027],[-118.37281546399998,36.794545139000036],[-118.38024246299995,36.782239137000033],[-118.37604246199999,36.778539136000063],[-118.37644246199994,36.772139136000078],[-118.37204245999999,36.767039136000051],[-118.37474246099998,36.76413913500005],[-118.37174245999995,36.761239136000029],[-118.36924245799997,36.750039134000076],[-118.36214245699995,36.747739135000074],[-118.36059845599999,36.744778135000047],[-118.35094145399995,36.740739135000069],[-118.33964145099998,36.729039134000061],[-118.33474044699994,36.705339132000063],[-118.34674044899998,36.696539130000076],[-118.36394045199995,36.694239129000039],[-118.36614045099998,36.690440128000034],[-118.36104044999996,36.686039129000051],[-118.35204044799997,36.682939129000033],[-118.34753944699997,36.67603912800007],[-118.34753944699997,36.672339128000033],[-118.33993944599996,36.672739129000036],[-118.33123944399995,36.669439129000068],[-118.32953944299999,36.66543912800006],[-118.33563944299999,36.661639128000047],[-118.33823944299996,36.655439127000079],[-118.32523843999996,36.64713912600007],[-118.31883843799994,36.638939127000071],[-118.32133843699995,36.62743912500008],[-118.31103843599999,36.624939126000072],[-118.30933743499997,36.621439125000052],[-118.30283743299998,36.619039125000029],[-118.30243743299997,36.614639125000053],[-118.29393743099996,36.605139125000051],[-118.28903742999995,36.603339124000058],[-118.28163742799995,36.604539126000077],[-118.27463642599997,36.597339125000076],[-118.27803642699996,36.592339124000034],[-118.28903642799997,36.590739123000048],[-118.28803642699995,36.583739122000054],[-118.29413642699996,36.577440121000052],[-118.28983642699995,36.573240122000072],[-118.29263642599994,36.567440121000061],[-118.29123542499997,36.559340120000059],[-118.27943542299994,36.555140121000079],[-118.27593542199998,36.550840120000032],[-118.26533541999999,36.551540121000073],[-118.26023441899997,36.544140121000055],[-118.25203441699995,36.542140120000056],[-118.24863441599996,36.533240120000073],[-118.25093441599995,36.528840119000051],[-118.24943341499994,36.524040120000052],[-118.24673341399995,36.521440119000033],[-118.23873341299998,36.523440120000032],[-118.23913341199994,36.512840119000032],[-118.23743341099998,36.511540119000074],[-118.24143341099995,36.500040117000026],[-118.23503240899998,36.493740117000073],[-118.24843241099995,36.48704011600006],[-118.24993241099997,36.482440115000031],[-118.23703240699996,36.477040116000069],[-118.23263240599999,36.466340114000047],[-118.22323240399999,36.463340115000051],[-118.21593240199996,36.456741114000067],[-118.21423240099995,36.448241113000051],[-118.20963239899999,36.442141113000048],[-118.21483239999998,36.435041112000079],[-118.20983139799995,36.430341112000065],[-118.20373139699996,36.431241113000056],[-118.19363139499995,36.426541113000042],[-118.17493139199996,36.426541114000031],[-118.15683138999998,36.43264111600007],[-118.15163138799994,36.425141116000077],[-118.14863138699997,36.425241116000052],[-118.13883138499995,36.418941116000042],[-118.13743138499996,36.415341115000047],[-118.14033138399998,36.403541114000063],[-118.14623138499996,36.398641113000053],[-118.16003138599996,36.393841112000075],[-118.16293138599997,36.389441111000053],[-118.15713138599995,36.388341111000045],[-118.15313038399995,36.379541111000037],[-118.14733038299994,36.379141111000024],[-118.14103038099995,36.371641110000041],[-118.13053037899999,36.370341111000073],[-118.12993037799998,36.365842111000063],[-118.12253037599999,36.354742110000075],[-118.12423037599996,36.351942109000049],[-118.10032937099999,36.346142111000063],[-118.10182937099995,36.339342109000029],[-118.09762936999999,36.331142109000041],[-118.10306236999998,36.325402108000048],[-118.10756536999997,36.32561210800003],[-118.11252937099999,36.322042108000062],[-118.11417637099999,36.319266107000033],[-118.11165636999999,36.315562107000062],[-118.11182936999995,36.308342106000055],[-118.12162937099998,36.306842105000044],[-118.12012936999997,36.302243105000059],[-118.12702037199995,36.300228104000041],[-118.12503236999999,36.286749103000034],[-118.12761336899996,36.280353102000049],[-118.12198136799998,36.27770410200003],[-118.11739736699997,36.271170102000042],[-118.11937836599998,36.255566100000067],[-118.11222836299999,36.240044099000045],[-118.10522836099994,36.23364409800007],[-118.10522835999996,36.228644098000075],[-118.10922836099996,36.225544098000057],[-118.10562835899998,36.213444096000046],[-118.10192835799995,36.208844096000064],[-118.09462835699998,36.204944096000077],[-118.09072735499996,36.197345096000049],[-118.08592735399998,36.197545096000056],[-118.07372735099995,36.189445096000043],[-118.07002734899999,36.178645096000025],[-118.06162734799994,36.173945096000068],[-118.05932734699996,36.170145095000066],[-118.05952634699997,36.165445094000063],[-118.06262634699999,36.16224509400007],[-118.05902634499995,36.157846094000035],[-118.05972634499994,36.150846093000041],[-118.07352634699998,36.140346091000026],[-118.06462634199994,36.110447089000047],[-118.06832634199998,36.10854708800008],[-118.06622634199999,36.103947088000041],[-118.06732534099996,36.093447086000026],[-118.06312533999994,36.089247086000057],[-118.05802533899998,36.091947087000051],[-118.05162533699996,36.083547086000067],[-118.04982533599997,36.076747086000069],[-118.05172533499996,36.059548084000028],[-118.04792433399996,36.055948084000079],[-118.04862433399995,36.053248084000074],[-118.04272433199998,36.04854808400006],[-118.04632433299997,36.042248083000061],[-118.03952432999995,36.034248082000033],[-118.04142432999998,36.029849082000055],[-118.03712432899999,36.029149081000071],[-118.03362332699999,36.008949079000047],[-118.01902332299994,36.003349080000078],[-118.01208932199995,35.998310080000067],[-118.01068432099999,35.991749079000044],[-118.00624732099999,35.989762079000059],[-118.00358931899996,35.983723079000072],[-118.00450631899997,35.977163078000046],[-118.00962631899995,35.978183078000029],[-118.01457931999994,35.97289607700003],[-118.01252531999995,35.968897077000065],[-118.01805931999996,35.962395075000074],[-118.01680331799997,35.954556075000028],[-118.01108431799997,35.954606076000061],[-118.00689431599994,35.946488075000048],[-117.99927031499999,35.946607075000031],[-117.99195631299995,35.943776075000073],[-117.98539431099999,35.93414907500005],[-117.98644331099996,35.932169074000058],[-117.98329930999995,35.926568075000034],[-117.99032630999994,35.914050072000066],[-117.98902730999998,35.907903072000067],[-117.98538130899999,35.905317072000059],[-117.98773830899995,35.90262707100004],[-117.98708630799996,35.899252071000035],[-117.98206230699998,35.894700071000045],[-117.98907730699995,35.881311069000049],[-117.98326030499999,35.875593068000057],[-117.98077330399997,35.867520068000033],[-117.98956030499994,35.865666067000063],[-117.99366930699995,35.869616068000028],[-117.99671330699999,35.869498067000052],[-118.00550130799996,35.862704066000049],[-118.00743030799998,35.858185065000043],[-118.00479630699999,35.851270065000051],[-118.00544730599995,35.843279064000058],[-118.00292530499996,35.841295064000064],[-118.00506030499997,35.839087063000079],[-118.00620730499998,35.829042062000042],[-117.99861730299995,35.82303406300008],[-118.00773930399998,35.817088061000049],[-118.00749130299999,35.810007061000078],[-118.01049230299998,35.804391060000057],[-118.00754830199998,35.799926059000029],[-118.00938830199999,35.795316059000072],[-118.00805530099996,35.789166058000035],[-117.92313228699999,35.786817064000047],[-117.92447128799995,35.798154064000073],[-117.63300823799995,35.797256082000047],[-117.37590119299995,35.795155099000056],[-115.73590290399994,35.793625202000044],[-115.73575690499996,35.809102204000055],[-115.64836888899998,35.809216209000056],[-115.84600593999994,35.963712214000054],[-116.48824510299994,36.459102228000063],[-117.16601327499995,36.971116238000036],[-117.50012935899997,37.220385242000077],[-117.83273844399997,37.464934244000062]]]},"properties":{"STATE_COUNTY_FIPS_CD":"06027","COUNTY_NM":"Inyo","MMG_PCT_OVERALL_FI_RATE":10.6999998,"MMG_YEAR":"2020"}},{"type":"Feature","geometry":{"type":"Polygon","coordinates":[[[-117.63300823799995,35.797256082000047],[-117.92447128799995,35.798154064000073],[-117.92313228699999,35.786817064000047],[-118.00805530099996,35.789166058000035],[-118.06773131199998,35.791542054000047],[-118.37592836299996,35.790229035000038],[-118.46480337899999,35.792642029000035],[-118.52692438799994,35.789593025000045],[-119.53812855499996,35.789571960000046],[-120.19415866099996,35.789208919000032],[-120.19393064399998,35.614363902000036],[-120.08593462699997,35.614528908000068],[-120.08668661799999,35.526558900000055],[-120.06866961599997,35.526324901000066],[-120.06891761399999,35.512783899000055],[-120.05124961099995,35.512699901000076],[-120.05106260999997,35.498631899000031],[-120.03325360699995,35.49864690000004],[-120.03332660699999,35.483652899000049],[-120.01461460299998,35.483656900000028],[-120.01567160199994,35.469043898000052],[-119.99739459899996,35.468706900000029],[-119.99740459699996,35.439499896000029],[-119.88005757799999,35.439137904000063],[-119.88018456899999,35.351215895000053],[-119.80935855799999,35.350869900000077],[-119.80946154999998,35.26358889100004],[-119.66667552699994,35.262531900000056],[-119.66706851799995,35.174813891000042],[-119.55365350099999,35.179979898000056],[-119.56098749399996,35.08767788800003],[-119.49064448199999,35.091809893000061],[-119.49072148099998,35.077212892000034],[-119.47273147899995,35.076889893000043],[-119.47276646299997,34.901178874000038],[-119.44236445799999,34.901278876000049],[-119.38216644799996,34.900940880000064],[-119.38246344599997,34.879679878000047],[-119.27695842799994,34.87967988500003],[-119.27835842699994,34.857280882000055],[-119.24365742099997,34.857580884000072],[-119.24365741699995,34.814182879000043],[-118.97673337299995,34.812203896000028],[-118.97673537099996,34.790664893000042],[-118.88137635599998,34.790633899000056],[-118.89448636099996,34.817976901000065],[-118.88174135799994,34.81780690100004],[-118.88433535799999,34.810376900000051],[-118.87730135599998,34.803216901000042],[-118.86312035399999,34.802988901000049],[-118.85458835299994,34.803031902000043],[-118.85426535399995,34.817776903000038],[-118.48960129299996,34.817854925000063],[-117.76317617099994,34.823292969000079],[-117.66730415499995,34.822530974000074],[-117.63202314899996,34.822274976000074],[-117.63330217299995,35.097563007000076],[-117.63089217299995,35.097609007000074],[-117.63279420099997,35.405412040000044],[-117.63130720299995,35.41957104200003],[-117.63367120499998,35.451002046000042],[-117.63022820499998,35.451046045000055],[-117.62997921299996,35.540117055000053],[-117.63013821599998,35.564076057000079],[-117.63478321599996,35.56411405700004],[-117.63488422099999,35.622165064000058],[-117.63384222499997,35.65157406700007],[-117.61640722199996,35.651760068000044],[-117.61620722399999,35.680861071000038],[-117.65233123099995,35.680787069000075],[-117.65199823299997,35.709939072000054],[-117.63426322999999,35.709932073000061],[-117.63300823799995,35.797256082000047]]]},"properties":{"STATE_COUNTY_FIPS_CD":"06029","COUNTY_NM":"Kern","MMG_PCT_OVERALL_FI_RATE":14.3000002,"MMG_YEAR":"2020"}},{"type":"Feature","geometry":{"type":"Polygon","coordinates":[[[-119.53812855499996,35.789571960000046],[-119.53639258899995,36.13789799500006],[-119.52915358799999,36.137918996000053],[-119.52937060099998,36.269855009000025],[-119.47461959199995,36.269030013000076],[-119.47490460599994,36.400958025000079],[-119.52880461399997,36.401470022000069],[-119.52720662299998,36.488891031000037],[-119.57320662999996,36.488840028000027],[-119.66676363899995,36.418759014000045],[-119.66790863899996,36.422958015000063],[-119.67285164099997,36.426612014000057],[-119.67032164099999,36.429467015000057],[-119.67159563999996,36.431074016000025],[-119.69489864399998,36.424747013000058],[-119.70514664599995,36.427160012000058],[-119.71402764599998,36.418879011000058],[-119.72144764699999,36.417944011000031],[-119.73006564899998,36.420770010000069],[-119.73492564999998,36.415869009000062],[-119.73827964999998,36.417915009000069],[-119.74631165099998,36.416799009000044],[-119.75240365199994,36.409045008000078],[-119.75138065099998,36.404354008000041],[-119.75312665099995,36.401899007000054],[-119.95923968399995,36.400979993000078],[-119.95892866099996,36.181418972000074],[-120.31508069199998,35.907190922000041],[-120.27694668499998,35.906467924000026],[-120.24328767699996,35.877673924000078],[-120.24522667699995,35.873123923000037],[-120.24025867499995,35.865932923000059],[-120.24600067599999,35.864139923000039],[-120.25030467599998,35.857859922000046],[-120.25626867799997,35.855428921000055],[-120.25501767699996,35.852994921000061],[-120.25750967699997,35.851877921000039],[-120.25931467599997,35.845057920000045],[-120.25510067499999,35.842584920000036],[-120.24984867399996,35.82994091900008],[-120.24454667299995,35.823992918000044],[-120.23892767199999,35.825755919000073],[-120.22983566999994,35.821016919000044],[-120.21991866699994,35.818919920000042],[-120.21789866699999,35.811607919000039],[-120.21944466699995,35.806029918000036],[-120.21656366599996,35.803646919000073],[-120.21786666599996,35.80219691800005],[-120.21485866499995,35.79518691800007],[-120.21579666499997,35.790056918000062],[-120.21399166399999,35.789280917000042],[-120.19415866099996,35.789208919000032],[-119.53812855499996,35.789571960000046]]]},"properties":{"STATE_COUNTY_FIPS_CD":"06031","COUNTY_NM":"Kings","MMG_PCT_OVERALL_FI_RATE":12.6000004,"MMG_YEAR":"2020"}},{"type":"Feature","geometry":{"type":"Polygon","coordinates":[[[-122.73907546199996,39.38327104800004],[-122.74176146899998,39.435235051000063],[-122.73261446999999,39.45075905300007],[-122.73165947399997,39.479242055000043],[-122.73244647599995,39.494634056000052],[-122.73656147899999,39.508515057000068],[-122.73565248799997,39.580673062000074],[-122.88536550999999,39.580113051000069],[-122.89032350399998,39.52901904600003],[-122.93670951199999,39.530718043000036],[-122.93671050899997,39.516401042000041],[-123.02524952199997,39.518714034000027],[-123.02496652199994,39.511186034000048],[-123.04446352399998,39.511205032000078],[-123.04440752299996,39.503590032000034],[-123.06319452599996,39.503544030000057],[-123.06302851899994,39.452487026000028],[-123.07312852099994,39.452687026000035],[-123.07012851799999,39.436487025000076],[-123.07492851899997,39.436587025000051],[-123.07512751499996,39.407688022000059],[-123.05632751299999,39.407588024000063],[-123.05712650899994,39.378689021000071],[-123.04752650699999,39.378589023000075],[-123.04862650599995,39.364089021000041],[-123.03792750399998,39.363890022000078],[-123.03772549999996,39.33619002000006],[-123.02874149899998,39.336589021000066],[-123.02872549699998,39.321790020000037],[-123.01972449599998,39.321790020000037],[-123.01962548999995,39.277991017000033],[-123.00452748799995,39.278192019000073],[-123.00362348399995,39.257392017000029],[-122.99449748299998,39.256762018000074],[-122.99485248099995,39.235929016000057],[-123.01272348399999,39.236193014000037],[-123.01252348099996,39.220994014000041],[-123.02082348199997,39.22069401300007],[-123.02112348199995,39.213694012000076],[-123.02412348199999,39.213694012000076],[-123.02432348099995,39.207094011000038],[-123.02882348199995,39.206794011000056],[-123.02972448099996,39.19959601000005],[-123.03412448099999,39.199695010000028],[-123.03482448099999,39.192396009000049],[-123.04012348199996,39.192495009000027],[-123.04092448099999,39.180696008000041],[-123.04542448099994,39.180595007000079],[-123.04582447999996,39.173497007000037],[-123.07782548399996,39.173796005000042],[-123.07812547999998,39.138745002000064],[-123.08752548199999,39.138397001000044],[-123.08760547799994,39.110081999000045],[-123.08522547799998,39.110097999000061],[-123.08502547499995,39.095298998000032],[-123.09422547699995,39.095298997000043],[-123.09422047499999,39.080528996000055],[-123.09302647399994,39.071998996000048],[-123.08372547299996,39.071798996000041],[-123.08382547199994,39.064498995000065],[-123.06512746899995,39.064397998000061],[-123.06522546699995,39.049999996000054],[-123.05612446499998,39.049899997000068],[-123.05622546199999,39.02110099500004],[-123.04702446099998,39.020900995000034],[-123.04682445899999,39.013800995000054],[-123.03752445799995,39.013701995000076],[-123.03732345699996,39.006501995000065],[-123.02802445599997,39.006500995000067],[-123.02804845499998,38.996597995000059],[-123.01863945299999,38.996617996000055],[-123.01859245299994,38.992960996000079],[-123.00927845099994,38.993181996000033],[-123.00926745199996,38.997168997000074],[-122.98665344899996,38.997287998000047],[-122.98669644599994,38.983013997000057],[-122.97744244599994,38.982904998000038],[-122.97772543999997,38.946697995000079],[-122.96829943999995,38.946510996000029],[-122.96993243799994,38.932667994000042],[-122.96019943599998,38.932473995000066],[-122.96190143599995,38.925515995000069],[-122.94908043399994,38.925446996000062],[-122.94887843099997,38.900224994000041],[-122.91139942499996,38.901533997000058],[-122.91136842399999,38.895175996000035],[-122.89390342199999,38.895528998000032],[-122.89464641999996,38.880836996000028],[-122.87571341699999,38.880841998000051],[-122.87650841699997,38.873134997000079],[-122.85777341399995,38.873265998000079],[-122.85850041299994,38.86585399900008],[-122.84000740999994,38.866029000000026],[-122.84011240899997,38.857997999000077],[-122.82140140599995,38.85792500000008],[-122.82160540599995,38.850145000000055],[-122.81766440499996,38.849844000000076],[-122.81832740399994,38.844590000000039],[-122.81215540299996,38.842914000000064],[-122.81210240199999,38.83841699900006],[-122.80624040199996,38.836230000000057],[-122.79600239999996,38.83895700100004],[-122.79140639799999,38.830434001000071],[-122.78020639699997,38.826848002000077],[-122.76662539299997,38.815782001000059],[-122.76762639299994,38.81387600100004],[-122.74819038799995,38.803833002000033],[-122.74621138799995,38.799253002000057],[-122.74823338699997,38.787800001000051],[-122.73803038399996,38.781047001000047],[-122.73456438299996,38.77261100100003],[-122.72955638199994,38.770709000000068],[-122.72835038099998,38.766226000000074],[-122.72270637999998,38.763018001000034],[-122.72417137899998,38.756566001000067],[-122.70933437599996,38.749025000000074],[-122.70878737599998,38.746406001000025],[-122.71234537499998,38.742231000000061],[-122.71039337399998,38.732086999000046],[-122.70068137299995,38.728566999000066],[-122.69626436999999,38.720102999000062],[-122.69546436899998,38.713094999000077],[-122.67424736499999,38.706359000000077],[-122.66941536499996,38.708375001000036],[-122.66220336399999,38.705945001000032],[-122.64690236099995,38.706550002000029],[-122.64387735999998,38.702582002000042],[-122.64432635999998,38.699575002000074],[-122.63706235899997,38.693735002000039],[-122.63951035799994,38.689063001000079],[-122.63390935599995,38.685287002000052],[-122.62547735399994,38.674407001000077],[-122.62740935399995,38.667511000000047],[-122.46390333399995,38.705208016000029],[-122.41580233399998,38.768007025000031],[-122.40290233299999,38.772907026000041],[-122.40900233399998,38.776306026000043],[-122.41010233599997,38.785506027000054],[-122.41230233599998,38.785806026000046],[-122.39800233599999,38.80400602900005],[-122.37940133299998,38.802106030000061],[-122.37350133499996,38.817005032000054],[-122.38200133799995,38.833805033000033],[-122.40389934399997,38.855605033000074],[-122.39506934399998,38.864250034000065],[-122.39121134299995,38.868718035000029],[-122.40567734699999,38.879871035000065],[-122.40527734699998,38.883407034000072],[-122.41556535099994,38.897103035000043],[-122.42206135299995,38.900895035000076],[-122.42191735299997,38.903775035000081],[-122.41583735199998,38.907359036000059],[-122.41652535199995,38.909567036000055],[-122.41239735199997,38.912542036000048],[-122.40404535199997,38.92529403900005],[-122.34018534299997,38.924251043000027],[-122.34143634399999,38.927151043000038],[-122.35012434499998,38.928782043000069],[-122.36759634899994,38.93903804200005],[-122.37303634899996,38.93982204200006],[-122.39404435499995,38.955614041000047],[-122.40191635699995,38.95583804000006],[-122.40913135899996,38.962798040000052],[-122.40929135899995,38.968158041000038],[-122.40666735899998,38.969358041000078],[-122.40703535899996,38.971422041000039],[-122.41669936099998,38.978046042000074],[-122.41932336299999,38.989182042000039],[-122.41482736299997,38.993470043000059],[-122.41573936399999,38.997198042000036],[-122.41193036299995,38.99814204300003],[-122.41192236399996,39.005094044000032],[-122.40863036399998,39.006990044000077],[-122.41090036499997,39.010300045000065],[-122.40915836399995,39.01212204400008],[-122.41152036599999,39.019092045000036],[-122.43434936899996,39.02252104300004],[-122.43730337,39.021362043000067],[-122.45020137399996,39.032664043000068],[-122.45486737399995,39.034416043000078],[-122.45706237499996,39.038397043000032],[-122.46128337499999,39.038675043000069],[-122.46699037699995,39.042603042000053],[-122.46818737699999,39.044827042000065],[-122.46577637799999,39.048417043000029],[-122.49203638199998,39.053508041000043],[-122.49241138299999,39.059030042000074],[-122.48946638299998,39.061447042000054],[-122.49083738399997,39.064843043000053],[-122.48389238299995,39.066960043000051],[-122.48868938399994,39.069205043000068],[-122.49049238499998,39.074354043000028],[-122.48604938499994,39.085581044000037],[-122.48895238799997,39.098342045000038],[-122.49647438999995,39.107818045000045],[-122.49421838999996,39.115081046000057],[-122.50092239299994,39.121080046000031],[-122.49777739299998,39.126753046000033],[-122.49724539299996,39.133864048000078],[-122.49480039399998,39.135856047000061],[-122.49684839499997,39.140506048000077],[-122.49293639299998,39.139464048000036],[-122.48664739299994,39.141658049000057],[-122.48025939099995,39.13957104900004],[-122.48098239099994,39.13833304800005],[-122.47455439199996,39.14470405000003],[-122.47775539299994,39.15142405000006],[-122.48106239299995,39.152793050000071],[-122.47825539299998,39.154771050000079],[-122.48258739499994,39.162932051000041],[-122.47539639499996,39.170153052000046],[-122.47730339599997,39.173955052000053],[-122.49185239799999,39.175298051000027],[-122.49431839899995,39.179079051000031],[-122.49364839999998,39.183535052000025],[-122.49855140099999,39.191096052000034],[-122.50841840199996,39.190326050000067],[-122.51447240399995,39.197227050000038],[-122.51534440599994,39.209220051000045],[-122.53500640899995,39.211600050000072],[-122.54143140999997,39.206920049000075],[-122.57238241299996,39.20411604700007],[-122.58204941699995,39.211987047000036],[-122.61028942099995,39.216183044000047],[-122.62288142399996,39.223222044000067],[-122.63490842499999,39.223197044000074],[-122.64882742599997,39.21402504100007],[-122.65793042799999,39.214860041000065],[-122.66537542899999,39.217553040000041],[-122.67352443199997,39.225707040000032],[-122.67974243199995,39.224535040000035],[-122.67614643299999,39.23083304000005],[-122.68171343399996,39.234566041000051],[-122.68094043499997,39.238731041000051],[-122.68686543599995,39.241154041000073],[-122.69137443699998,39.247436041000071],[-122.71246744099994,39.257015040000056],[-122.71337244199998,39.259499040000037],[-122.71697544299997,39.260465040000042],[-122.71714344299994,39.263539040000069],[-122.72322044399999,39.26528404000004],[-122.72864944599996,39.273288040000068],[-122.73674644699997,39.272582039000042],[-122.75812745199994,39.285385038000072],[-122.75823945299999,39.293952039000033],[-122.76614245599995,39.30103303900006],[-122.77050545699996,39.310026039000036],[-122.77505645799999,39.311783039000034],[-122.77548345899999,39.315187040000069],[-122.77274645899996,39.318966040000078],[-122.77253145899999,39.323978040000043],[-122.76831045899996,39.325493040000026],[-122.76825545899999,39.331148041000063],[-122.76450445999996,39.336434042000064],[-122.76532346099998,39.342748042000039],[-122.75236845899997,39.346052043000043],[-122.74584845899994,39.356224044000044],[-122.74246245899997,39.357468045000076],[-122.74222545999999,39.365298046000078],[-122.74349546099995,39.368135046000077],[-122.75225746299998,39.370586045000039],[-122.75996346499994,39.378135045000079],[-122.76874746499999,39.373750044000076],[-122.77430346599999,39.374705044000052],[-122.78510346899998,39.382980043000032],[-122.73907546199996,39.38327104800004]]]},"properties":{"STATE_COUNTY_FIPS_CD":"06033","COUNTY_NM":"Lake","MMG_PCT_OVERALL_FI_RATE":15,"MMG_YEAR":"2020"}},{"type":"Feature","geometry":{"type":"Polygon","coordinates":[[[-119.99987928699994,41.183979415000067],[-121.33179950099998,41.183891301000074],[-121.33235145899999,40.90539928000004],[-121.31998945699996,40.905891281000038],[-121.32299339899998,40.497594249000031],[-121.32669339999995,40.497579248000079],[-121.32783939199999,40.445372244000055],[-121.06143035099996,40.446541266000054],[-121.06150632399999,40.25642225100006],[-121.04153031999999,40.256479253000066],[-121.04153431699996,40.234800251000024],[-121.00393131099997,40.234946255000068],[-121.00374530999994,40.22098025400004],[-120.94620129999998,40.220813258000078],[-120.94716529899995,40.206504257000063],[-120.92807929599996,40.20645625800006],[-120.92859529299994,40.191936257000066],[-120.89065928699995,40.192121260000079],[-120.89068928899997,40.19941526000008],[-120.87177028499997,40.199443262000045],[-120.87179529199994,40.241645266000035],[-120.85313128899998,40.241808268000057],[-120.85321028999999,40.248860268000044],[-120.84361228799997,40.248897269000054],[-120.84351728899998,40.256024270000069],[-120.83407128699997,40.256166270000051],[-120.83383328899998,40.27073327100004],[-120.81502628699997,40.270731273000081],[-120.81466328699997,40.277835273000051],[-120.79601328499996,40.277731275000065],[-120.79660928799996,40.301158276000081],[-120.77381828399996,40.301439279000078],[-120.77374128499997,40.308683279000036],[-120.76435928399997,40.308723280000038],[-120.76441628499998,40.316015280000045],[-120.72658727899994,40.315934284000036],[-120.72643027799995,40.308438283000044],[-120.65217126599998,40.307661289000066],[-120.65166426499997,40.300456288000078],[-120.64234426299998,40.300398289000043],[-120.64251826199995,40.293189289000054],[-120.62267425899995,40.293019291000064],[-120.62280925799996,40.285715290000041],[-120.57683824999998,40.285435294000081],[-120.57674224699997,40.263801292000039],[-120.54873724199996,40.263601294000068],[-120.54867624199994,40.256280294000078],[-120.52971223899999,40.256208295000079],[-120.52974723799997,40.249202295000032],[-120.51083023399997,40.248950296000032],[-120.51067823299996,40.234703295000031],[-120.49173322899998,40.23479629600007],[-120.49207522799998,40.22029729500008],[-120.48247322599997,40.220189296000058],[-120.48286122399998,40.205803295000067],[-120.45434421999994,40.20575629700005],[-120.45416521799996,40.191360296000028],[-120.44529821699996,40.191362296000079],[-120.44590521399999,40.176859295000042],[-120.43648121299998,40.176651296000045],[-120.43638421199995,40.169568295000033],[-120.41693120799999,40.169446297000036],[-120.41726720799994,40.162081297000043],[-120.40762220599998,40.162169297000048],[-120.40796720399999,40.147359296000047],[-120.39826920199999,40.147370297000066],[-120.39832020099999,40.140645296000059],[-120.37913019899997,40.140561297000033],[-120.37941219699997,40.129515297000069],[-120.36041419399999,40.129537299000049],[-120.36062419299998,40.122519298000043],[-120.34147618999998,40.12256129900004],[-120.34139818899996,40.11524829800004],[-120.26657417699994,40.115874305000034],[-120.26564617599996,40.107753304000028],[-120.24680117199995,40.107890306000058],[-120.24690316999994,40.085810304000063],[-120.20965416399997,40.086013306000041],[-120.21090315799995,40.042762303000075],[-120.20139615599999,40.042742304000058],[-120.20127715199999,40.013479302000064],[-120.18249714899997,40.013355303000026],[-120.18246714699995,39.998526302000073],[-120.17301614599995,39.998330303000046],[-120.17328714399997,39.983894301000078],[-120.16341914199995,39.983785303000047],[-120.16366713999997,39.968664301000047],[-120.15434313799994,39.968539301000078],[-120.15439213799999,39.962356301000057],[-120.14502813599995,39.962297301000035],[-120.14500413499997,39.95507230100003],[-120.13574813399998,39.95504530200003],[-120.13578113299997,39.947762302000058],[-120.12672413099995,39.947754302000078],[-120.12658712999996,39.939556301000039],[-120.10877412699995,39.939515303000064],[-120.10889612299997,39.910379301000035],[-120.09956912199999,39.910344301000066],[-120.09935211799996,39.881224299000053],[-120.10811211899994,39.881271298000058],[-120.10782310799999,39.794219290000058],[-120.11108110599997,39.780822289000071],[-120.11064010399997,39.765784288000077],[-120.11959710599996,39.765632287000074],[-120.11912310299999,39.751092285000027],[-120.12764810499999,39.750959285000079],[-120.12777610199998,39.73616428400004],[-120.14659310499997,39.736411282000063],[-120.14716210199998,39.707663280000077],[-120.01574708099997,39.708726291000062],[-120.01581708199996,39.722364292000066],[-120.00107507999996,39.722423293000077],[-119.99561117799999,40.438371354000026],[-119.99987928699994,41.183979415000067]]]},"properties":{"STATE_COUNTY_FIPS_CD":"06035","COUNTY_NM":"Lassen","MMG_PCT_OVERALL_FI_RATE":11.1999998,"MMG_YEAR":"2020"}},{"type":"Feature","geometry":{"type":"MultiPolygon","coordinates":[[[[-117.76317617099994,34.823292969000079],[-118.48960129299996,34.817854925000063],[-118.85426535399995,34.817776903000038],[-118.85458835299994,34.803031902000043],[-118.86312035399999,34.802988901000049],[-118.87730135599998,34.803216901000042],[-118.88433535799999,34.810376900000051],[-118.88174135799994,34.81780690100004],[-118.89448636099996,34.817976901000065],[-118.88137635599998,34.790633899000056],[-118.63680127199996,34.291808859000071],[-118.63256026999994,34.263433857000052],[-118.63250726699999,34.240430854000067],[-118.66772527299997,34.24040885200003],[-118.66816426799994,34.168199845000061],[-118.78890128799998,34.16821883800003],[-118.94081330499995,34.074971819000041],[-118.94492907099999,34.04510853000005],[-118.93711818199995,34.042836364000038],[-118.93257272699998,34.045390909000048],[-118.92583636299997,34.045581818000073],[-118.91547272699995,34.041490909000061],[-118.87685454499996,34.038072727000042],[-118.85210909099999,34.033400000000029],[-118.82918181799994,34.019736364000039],[-118.80698181799994,34.000054545000069],[-118.80265454499994,34.005290909000053],[-118.79429999999996,34.007436364000057],[-118.79035454499996,34.016136364000033],[-118.78738181799997,34.019263636000062],[-118.78586363599999,34.018181818000073],[-118.78709090899997,34.019545454000024],[-118.78499090899999,34.021081818000027],[-118.75631818199997,34.025590909000073],[-118.74495454499998,34.032100000000071],[-118.73239090899995,34.032745454000064],[-118.70693636299995,34.029381818000047],[-118.69356363599996,34.032509091000065],[-118.68289999999996,34.030636364000031],[-118.67542727199998,34.03748181800006],[-118.66479090899998,34.039018182000063],[-118.63599090899999,34.036236364000047],[-118.62340909099998,34.037781818000042],[-118.60965454499996,34.036427273000072],[-118.59483636299996,34.039572727000063],[-118.58386363599999,34.037581818000035],[-118.57105454499998,34.041654545000029],[-118.55623636299998,34.038109091000024],[-118.54311818199994,34.038509091000037],[-118.51953636299999,34.027527273000032],[-118.50279999999998,34.01549090900005],[-118.49740909099995,34.009509091000041],[-118.49990909099995,34.007709091000038],[-118.49660909099998,34.008909091000078],[-118.49275454499997,34.005836364000061],[-118.48420909099997,33.997709091000047],[-118.48630909099995,33.99380909100006],[-118.48262727199995,33.994800000000055],[-118.46809999999999,33.978663636000078],[-118.46059999999994,33.969118182000045],[-118.45870909099995,33.96500909100007],[-118.46179090899994,33.963400000000036],[-118.45323636299997,33.96670000000006],[-118.44983636299997,33.969881818000033],[-118.44980909099996,33.971609091000062],[-118.45610909099997,33.973209091000058],[-118.44970909099999,33.974209091000034],[-118.45650909099999,33.974209091000034],[-118.45760909099999,33.97640909100005],[-118.44970909099999,33.975909091000062],[-118.45750909099996,33.977409091000027],[-118.45750909099996,33.97900909100008],[-118.44970909099999,33.979509091000068],[-118.45750909099996,33.980009091000056],[-118.45810909099998,33.981609091000053],[-118.44970909099999,33.982109091000041],[-118.45620909099995,33.98350909100003],[-118.44440909099995,33.982809091000036],[-118.44270909099998,33.982109091000041],[-118.44640909099996,33.97920909100003],[-118.44220909099994,33.981209091000039],[-118.44130909099999,33.97980909100005],[-118.44640909099996,33.977309091000052],[-118.44650909099994,33.975909091000062],[-118.44121818199994,33.977018182000052],[-118.44650909099994,33.974418182000079],[-118.44650909099994,33.967727273000037],[-118.46010909099999,33.961109091000026],[-118.45630909099998,33.961109091000026],[-118.44244545399999,33.940300000000036],[-118.41269090899999,33.883845454000038],[-118.39901818199996,33.851863636000076],[-118.40197272699999,33.848254545000032],[-118.39988181799998,33.843190909000043],[-118.39520909099997,33.840709091000065],[-118.39949090899995,33.843500000000063],[-118.40158181799995,33.848281818000032],[-118.39739999999995,33.850672727000074],[-118.39670909099999,33.848881818000052],[-118.39998181799996,33.848190909000039],[-118.39600909099994,33.848081818000026],[-118.39492727199996,33.845009091000065],[-118.39839999999998,33.84600000000006],[-118.39109999999999,33.840609091000033],[-118.39400909099999,33.841818182000054],[-118.39120909099995,33.838409091000074],[-118.39150909099999,33.815427273000068],[-118.39432727199994,33.804281818000049],[-118.40502727199998,33.800190909000037],[-118.40912727199998,33.796600000000069],[-118.40772727199999,33.791209091000042],[-118.41890909099999,33.786418182000034],[-118.42840909099999,33.774718182000072],[-118.42330909099996,33.772018182000068],[-118.42190909099997,33.768618182000068],[-118.42440909099997,33.767327273000035],[-118.42190909099997,33.765627273000064],[-118.42260909099997,33.763527273000079],[-118.41801818199997,33.762336364000078],[-118.41870909099998,33.760336364000068],[-118.41352727199995,33.753072727000074],[-118.41492727199994,33.751681818000066],[-118.41150909099997,33.74071818200008],[-118.40490909099998,33.74091818200003],[-118.39660909099996,33.735918182000034],[-118.38500909099997,33.741418182000075],[-118.38080909099995,33.74151818200005],[-118.37330909099995,33.736418182000079],[-118.37230909099998,33.738018182000076],[-118.36940909099997,33.735918182000034],[-118.36750909099999,33.737718182000037],[-118.36050909099998,33.736818182000036],[-118.35090909099995,33.726518182000063],[-118.32058181799999,33.716609091000066],[-118.31719090899998,33.712818182000035],[-118.31141818199995,33.713090909000073],[-118.29710909099998,33.708318182000028],[-118.29420909099997,33.703718182000046],[-118.28489999999999,33.708027273000027],[-118.27720909099997,33.707090909000044],[-118.28299999999996,33.709609091000061],[-118.28460909099999,33.714109091000068],[-118.27999999999997,33.717018182000061],[-118.28190909099999,33.723818182000059],[-118.28041818199995,33.724218182000072],[-118.27829999999994,33.71952727300004],[-118.27709999999996,33.722718182000051],[-118.27669999999995,33.714618182000038],[-118.27389999999997,33.713018182000042],[-118.27269999999999,33.714518182000063],[-118.27629999999999,33.725318182000024],[-118.27309999999994,33.719118182000045],[-118.27099999999996,33.719618182000033],[-118.27369999999996,33.727318182000033],[-118.27829999999994,33.730718182000032],[-118.27419999999995,33.728418182000041],[-118.27850909099999,33.737354545000073],[-118.27480909099995,33.746509091000064],[-118.27815454499995,33.748281818000066],[-118.27440909099994,33.748218182000073],[-118.27290909099997,33.75293636400005],[-118.27771818199994,33.755127273000028],[-118.28710909099999,33.752518182000074],[-118.28849999999994,33.754418182000052],[-118.27639999999997,33.758518182000046],[-118.27699999999999,33.764618182000049],[-118.27979999999997,33.768118182000023],[-118.27079999999995,33.76691818200004],[-118.27439999999996,33.757218182000031],[-118.27275454499994,33.754681818000051],[-118.26939999999996,33.753618182000025],[-118.26969999999994,33.758518182000046],[-118.26579999999996,33.76261818200004],[-118.26809999999995,33.758518182000046],[-118.26719999999995,33.752718182000024],[-118.26088181799997,33.759145454000077],[-118.26329090899998,33.765472727000031],[-118.25997272699999,33.766163636000044],[-118.25917272699996,33.760627273000068],[-118.24889999999999,33.773418182000057],[-118.24229999999994,33.777618182000026],[-118.25024545399998,33.769236364000051],[-118.24759999999998,33.765618182000026],[-118.25080909099995,33.767918182000074],[-118.24979999999999,33.764200000000073],[-118.24040909099995,33.766800000000046],[-118.24031818199995,33.76518181800003],[-118.25760909099995,33.759318182000072],[-118.26942727199997,33.748890909000067],[-118.27450909099997,33.740800000000036],[-118.27173636299995,33.741690909000056],[-118.27499999999998,33.739609091000034],[-118.27229999999997,33.731918182000072],[-118.27119999999996,33.735527273000059],[-118.27139999999997,33.729709091000075],[-118.26929090899995,33.72980909100005],[-118.27109999999999,33.728909091000048],[-118.26919090899997,33.72900909100008],[-118.27079999999995,33.728209091000053],[-118.26779999999997,33.720918182000048],[-118.26460909099995,33.722018182000056],[-118.27061818199996,33.736227273000054],[-118.26649999999995,33.737936364000063],[-118.26669999999996,33.733918182000025],[-118.26528181799995,33.735436364000066],[-118.26328181799994,33.734218182000063],[-118.26359999999994,33.730418182000051],[-118.26129999999995,33.730818182000064],[-118.26109999999994,33.736918182000068],[-118.24836363599997,33.747190909000039],[-118.25395454499994,33.744663636000041],[-118.24726363599996,33.751890909000053],[-118.24139999999994,33.741818182000031],[-118.23089999999996,33.74011818200006],[-118.21745454499995,33.744200000000035],[-118.22439999999995,33.743918182000073],[-118.22429999999997,33.745918182000025],[-118.22499999999997,33.743718182000066],[-118.22639999999996,33.745318182000062],[-118.22699999999998,33.743118182000046],[-118.23109999999997,33.741818182000031],[-118.24239999999998,33.743718182000066],[-118.24459999999999,33.748718182000061],[-118.23869999999999,33.750718182000071],[-118.24479999999994,33.749118182000075],[-118.24529999999999,33.750518182000064],[-118.23796363599996,33.75262727300003],[-118.23711818199996,33.751309091000053],[-118.23639999999995,33.753118182000037],[-118.23449999999997,33.750118182000051],[-118.23549999999994,33.753418182000075],[-118.23209999999995,33.752618182000049],[-118.23259999999999,33.75611818200008],[-118.22989999999999,33.751518182000041],[-118.23119999999994,33.756818182000075],[-118.22789999999998,33.752318182000067],[-118.22869999999995,33.75551818200006],[-118.22619999999995,33.753418182000075],[-118.22729999999996,33.759018182000034],[-118.22269999999997,33.753018182000062],[-118.21979999999996,33.754418182000052],[-118.21889999999996,33.757418182000038],[-118.22229999999996,33.76121818200005],[-118.21999999999997,33.761318182000025],[-118.22530909099999,33.768618182000068],[-118.23939999999999,33.765245454000024],[-118.23957272699994,33.766954545000033],[-118.23850909099997,33.769145454000068],[-118.23529999999994,33.76831818200003],[-118.20999999999998,33.777018182000063],[-118.22099999999995,33.771218182000041],[-118.22019999999998,33.769018182000025],[-118.20809999999994,33.772818182000037],[-118.20920909099999,33.770718182000053],[-118.21299999999997,33.770427273000053],[-118.21130909099998,33.769627273000026],[-118.21819999999997,33.768536364000056],[-118.21700909099997,33.767436364000048],[-118.21970909099997,33.76744545400004],[-118.22040909099996,33.765145454000049],[-118.21656363599999,33.757254545000023],[-118.21379999999999,33.763018182000053],[-118.21379999999999,33.756418182000061],[-118.21209999999996,33.756418182000061],[-118.21199999999999,33.763018182000053],[-118.20969999999994,33.758118182000032],[-118.20769999999999,33.763018182000053],[-118.20759999999996,33.755118182000047],[-118.21489999999994,33.751018182000053],[-118.21599999999995,33.744318182000029],[-118.21339999999998,33.746018182000057],[-118.20649999999995,33.738218182000026],[-118.20609999999999,33.741218182000068],[-118.21119999999996,33.747118182000065],[-118.20509999999996,33.750018182000076],[-118.20499999999998,33.744218182000054],[-118.20219999999995,33.744218182000054],[-118.20209999999997,33.750318182000058],[-118.19609999999994,33.750318182000058],[-118.19589999999999,33.74581818200005],[-118.19019999999995,33.745618182000044],[-118.18989999999997,33.741118182000037],[-118.19199999999995,33.739018182000052],[-118.20119999999997,33.739218182000059],[-118.20535454499998,33.736272727000028],[-118.19609999999994,33.734818182000026],[-118.19618181799996,33.73123636400004],[-118.18307272699997,33.731045454000025],[-118.18340909099999,33.733790909000049],[-118.19379090899997,33.733854545000042],[-118.19289999999995,33.736118182000041],[-118.18369999999999,33.736118182000041],[-118.18764545399995,33.749036364000062],[-118.18529999999998,33.75153636400006],[-118.20150909099999,33.759327273000054],[-118.20059999999995,33.763418182000066],[-118.19489999999996,33.759618182000054],[-118.17549999999994,33.763627273000054],[-118.15680909099996,33.760300000000029],[-118.13269999999994,33.753218182000069],[-118.11809999999997,33.744109091000041],[-118.11858181799994,33.742681818000051],[-118.11568181799998,33.744872727000029],[-118.12122727199994,33.75035454500005],[-118.11509999999998,33.751818182000079],[-118.11401011399994,33.746206665000045],[-118.09198213799999,33.758476831000053],[-118.09234413899998,33.764536833000079],[-118.09707213999997,33.773727833000066],[-118.09657314099996,33.779471834000049],[-118.08460913999994,33.803220837000026],[-118.07260913999994,33.815119839000033],[-118.06317413799997,33.819614840000042],[-118.06333413899995,33.831545842000025],[-118.05900013899998,33.835211843000025],[-118.05893013899998,33.846125843000038],[-118.05469913899998,33.846222844000067],[-118.05473513899994,33.849825844000065],[-118.05038713799996,33.84992184400005],[-118.05041413899994,33.853543845000047],[-118.04609413799994,33.853615845000036],[-118.04620013799996,33.858772846000079],[-118.04176013799997,33.858727846000079],[-118.04189613799997,33.862336846000062],[-118.03754813799998,33.862373847000072],[-118.03761013699994,33.86601784700008],[-118.02872613599999,33.86624684700007],[-118.02879413599999,33.873326848000033],[-118.01139513399994,33.873435850000078],[-118.01141013399996,33.88091785000006],[-118.00276713299996,33.880920851000042],[-118.00286713299994,33.888165851000053],[-117.99406913199999,33.88822285100008],[-117.99414813199996,33.895517852000069],[-117.98531013099995,33.895408853000049],[-117.98549313199999,33.902773854000031],[-117.97660512999994,33.902814854000042],[-117.97651013299998,33.946054859000071],[-117.91974012399999,33.945961863000036],[-117.91973712399999,33.947672863000037],[-117.91142712299995,33.94607286300004],[-117.78329910099995,33.946415870000067],[-117.79359010299999,33.953794870000024],[-117.79367910499997,33.968139872000052],[-117.80245710599996,33.96831287200007],[-117.80255110699994,33.975555872000029],[-117.78507410599997,34.004813877000061],[-117.76749510299999,34.004615878000038],[-117.76770210499996,34.02351088000006],[-117.73585809899998,34.018558881000047],[-117.73013709799994,34.021375882000029],[-117.72720109799997,34.037415883000051],[-117.71949309899998,34.059735887000045],[-117.67758810099997,34.164372901000036],[-117.64638610499998,34.289174916000036],[-117.65976912099995,34.452773934000049],[-117.66000613099999,34.558044945000063],[-117.66704613199994,34.55801294500003],[-117.66730415499995,34.822530974000074],[-117.76317617099994,34.823292969000079]]],[[[-118.60605454499995,33.47900909100008],[-118.60189999999994,33.474227273000054],[-118.60118181799999,33.469854545000032],[-118.59397272699999,33.467200000000048],[-118.59112727199999,33.461063636000063],[-118.58746363599994,33.46040000000005],[-118.57734545399995,33.447436364000055],[-118.57306363599997,33.44755454500006],[-118.57152727199997,33.444209091000062],[-118.57423636299995,33.442718182000078],[-118.57385454499996,33.439645454000072],[-118.56489090899998,33.437381818000063],[-118.56344545399998,33.434381818000077],[-118.53738181799997,33.434609091000027],[-118.53415454499998,33.429045454000061],[-118.52322727199999,33.43073636400004],[-118.51650909099999,33.426836364000053],[-118.51591818199995,33.422418182000058],[-118.51271818199996,33.421890909000069],[-118.50921818199998,33.431872727000041],[-118.50142727199994,33.436081818000048],[-118.50481818199995,33.429809091000038],[-118.50629090899997,33.430272727000045],[-118.50619090899994,33.426445454000032],[-118.49937272699998,33.42162727300007],[-118.48875454499995,33.419827273000067],[-118.48494545399996,33.412127273000067],[-118.48652727199999,33.407890909000059],[-118.48355454499995,33.406590909000045],[-118.48559999999998,33.400981818000048],[-118.48128181799996,33.396354545000065],[-118.48024545399994,33.388836364000042],[-118.47731818199998,33.38563636400005],[-118.47499999999997,33.386618182000063],[-118.47359999999998,33.383590909000077],[-118.48080909099997,33.380572727000072],[-118.47936363599996,33.376100000000065],[-118.48506363599995,33.373445454000034],[-118.48222727199999,33.367345454000031],[-118.48877272699997,33.356645454000045],[-118.48199999999997,33.343781818000025],[-118.47522727199998,33.338836364000031],[-118.47224545399996,33.332581818000051],[-118.46700909099997,33.330181818000028],[-118.46537272699999,33.326054545000034],[-118.45630909099998,33.321818182000072],[-118.42247272699996,33.316900000000032],[-118.40698181799996,33.32113636400004],[-118.37476363599995,33.320063636000043],[-118.35566363599997,33.31428181800004],[-118.34325454499998,33.305236364000052],[-118.32748181799997,33.29920909100008],[-118.31679090899996,33.301136364000058],[-118.30459090899996,33.308972727000025],[-118.30317272699995,33.32026363600005],[-118.31013636299997,33.336481818000038],[-118.31728181799997,33.343809091000026],[-118.32495454499997,33.343718182000032],[-118.32686363599998,33.347800000000063],[-118.32446363599996,33.348781818000077],[-118.32830909099999,33.350936364000063],[-118.33156363599994,33.358354545000054],[-118.34939090899996,33.370809091000069],[-118.36397272699998,33.387554545000057],[-118.36790909099994,33.389427273000024],[-118.36999090899997,33.396390909000047],[-118.36699090899998,33.400563636000072],[-118.36881818199998,33.405163636000054],[-118.36609090899998,33.40644545400005],[-118.37032727199994,33.409281818000068],[-118.38203636299994,33.409881818000031],[-118.38929999999999,33.417609091000031],[-118.39577272699995,33.416072727000028],[-118.40559999999999,33.422054545000037],[-118.41336363599999,33.422490909000032],[-118.42122727199995,33.426918182000065],[-118.42947272699996,33.428018182000073],[-118.43403636299996,33.426363636000076],[-118.43802727199994,33.428927273000056],[-118.44580909099994,33.428909091000037],[-118.44928181799997,33.432481818000042],[-118.46053636299996,33.437081818000024],[-118.46310909099998,33.440609091000056],[-118.47272727199999,33.442100000000039],[-118.47764545399997,33.448390909000068],[-118.48546363599996,33.446463636000033],[-118.48384545399995,33.44495454500003],[-118.48524545399999,33.44355454500004],[-118.48832727199999,33.444563636000055],[-118.49329999999998,33.441263636000031],[-118.49748181799998,33.441445454000075],[-118.49990909099995,33.443227273000048],[-118.49859999999995,33.445681818000025],[-118.50131818199998,33.447081818000072],[-118.49969999999996,33.44898181800005],[-118.50351818199999,33.450772727000071],[-118.50166363599999,33.453309091000051],[-118.51581818199998,33.457145454000056],[-118.52313636299999,33.462527273000035],[-118.52187272699996,33.465436364000027],[-118.53069999999997,33.468072727000049],[-118.53206363599998,33.472281818000056],[-118.53843636299996,33.477645454000026],[-118.53982727199997,33.47549090900003],[-118.55057272699997,33.472972727000069],[-118.55614545399999,33.474854545000028],[-118.56587272699994,33.473636364000072],[-118.56969999999995,33.475818182000069],[-118.58620909099994,33.47380000000004],[-118.60605454499995,33.47900909100008]]],[[[-118.59403636299999,33.035954545000038],[-118.60740909099997,33.032281818000058],[-118.60507272699999,33.026390909000042],[-118.60655454499999,33.014690909000024],[-118.59603636299994,33.015354545000037],[-118.58692727199997,33.008281818000057],[-118.58211818199999,32.993436364000047],[-118.57679090899995,32.98613636400006],[-118.57716363599997,32.978300000000047],[-118.57352727199998,32.969181818000038],[-118.55852727199999,32.956290909000074],[-118.55086363599997,32.944627273000037],[-118.54934545399999,32.932927273000075],[-118.54382727199999,32.923945454000034],[-118.54692727199995,32.918054545000075],[-118.54021818199999,32.916018182000073],[-118.54169090899995,32.910545454000044],[-118.53769999999997,32.905800000000056],[-118.53585454499995,32.907427273000053],[-118.53120909099999,32.906145454000068],[-118.52464545399999,32.893172727000035],[-118.51834545399998,32.887954545000071],[-118.52027272699996,32.884609091000073],[-118.50719090899997,32.878327273000025],[-118.50809999999996,32.871318182000039],[-118.50660909099997,32.866690909000056],[-118.50161818199996,32.862181818000067],[-118.50004545399997,32.851454545000024],[-118.49300909099998,32.850800000000049],[-118.48860909099994,32.84401818200007],[-118.48443636299999,32.844909091000034],[-118.48416363599995,32.842900000000043],[-118.47493636299998,32.84136363600004],[-118.46956363599998,32.837109091000059],[-118.46939999999995,32.834354545000053],[-118.45539090899996,32.826936364000062],[-118.44974545399998,32.819381818000068],[-118.44491818199998,32.820590909000032],[-118.43917272699997,32.814618182000061],[-118.43377272699996,32.815627273000075],[-118.42749999999995,32.808018182000069],[-118.42942727199994,32.805427273000078],[-118.42563636299997,32.80059090900005],[-118.42425454499994,32.804718182000045],[-118.41714545399998,32.807100000000048],[-118.41575454499997,32.811136364000049],[-118.41117272699995,32.809918182000047],[-118.40376363599995,32.811681818000068],[-118.40126363599995,32.82033636400007],[-118.39568181799996,32.821527273000072],[-118.39456363599999,32.82398181800005],[-118.37997272699999,32.824545454000031],[-118.37121818199995,32.819872727000075],[-118.36052727199996,32.819918182000038],[-118.35586363599998,32.815827273000025],[-118.34864545399995,32.820381818000044],[-118.35350909099998,32.821963636000078],[-118.36998181799999,32.839272727000036],[-118.37930909099998,32.844200000000058],[-118.38109090899997,32.847636364000039],[-118.39273636299998,32.856072727000026],[-118.39693636299995,32.857009091000066],[-118.40255454499999,32.863336364000077],[-118.44677272699994,32.895427273000053],[-118.46062727199995,32.909509091000075],[-118.49120909099997,32.928536364000024],[-118.51390909099996,32.952936364000038],[-118.52009999999996,32.963772727000048],[-118.52922727199996,32.970918182000048],[-118.53161818199999,32.975663636000036],[-118.54142727199996,32.982309091000047],[-118.54599090899995,32.990345454000078],[-118.54813636299997,33.001090909000027],[-118.55373636299998,33.005881818000034],[-118.55868181799997,33.005854545000034],[-118.56090909099998,33.00950000000006],[-118.56452727199996,33.018636364000031],[-118.56368181799996,33.024545454000076],[-118.57516363599996,33.033963636000067],[-118.57823636299997,33.031209091000051],[-118.58981818199999,33.029127273000029],[-118.59403636299999,33.035954545000038]]]]},"properties":{"STATE_COUNTY_FIPS_CD":"06037","COUNTY_NM":"Los Angeles","MMG_PCT_OVERALL_FI_RATE":12.6999998,"MMG_YEAR":"2020"}},{"type":"Feature","geometry":{"type":"Polygon","coordinates":[[[-119.26899171599996,37.73923516900004],[-119.28839371999999,37.745035168000072],[-119.29069471999998,37.749334168000075],[-119.28909472099997,37.755034169000055],[-119.29409472299994,37.759734169000069],[-119.29339472299995,37.767934170000046],[-119.30829572599998,37.77573317000008],[-119.30900772699999,37.777991170000064],[-119.58359774799999,37.560340129000053],[-119.58423273999995,37.494701123000027],[-119.61516074499997,37.494686121000029],[-119.61550774099999,37.461527118000049],[-119.65118474699995,37.461356115000058],[-119.65120374199995,37.417837112000029],[-119.76182176099996,37.417119103000061],[-120.05206778199999,37.183113061000029],[-120.06469078299995,37.177821060000042],[-120.09475578799999,37.172559057000058],[-120.10333978799997,37.167745056000058],[-120.11510078899994,37.165661055000044],[-120.13282379299994,37.167364054000075],[-120.14257579299999,37.164070053000046],[-120.15296679599999,37.166026053000053],[-120.16458879799995,37.162703051000051],[-120.17414179899998,37.165934051000079],[-120.17650179899999,37.162270051000064],[-120.18760679999997,37.160257050000041],[-120.19480680199996,37.163156049000065],[-120.21367580599997,37.164326048000078],[-120.21951580599995,37.162160047000043],[-120.22297780699995,37.163974047000067],[-120.24389380899999,37.157016045000034],[-120.24993680999995,37.157783045000031],[-120.27626481399994,37.151732043000038],[-120.28988481599998,37.152620041000034],[-120.29640581699999,37.149302041000055],[-120.30376981699999,37.141098040000031],[-120.31090381799999,37.141143039000042],[-120.31599681899996,37.137826039000061],[-120.32455681999994,37.136387038000066],[-120.32862481999996,37.133886037000025],[-120.32834481999998,37.131094037000025],[-120.34121682199998,37.124601035000069],[-120.35413082299999,37.123359035000078],[-120.36346882499998,37.119709034000039],[-120.38489882899995,37.124594032000061],[-120.38883982899995,37.120989032000068],[-120.39357382899999,37.121309032000056],[-120.40285082999998,37.11671903000007],[-120.40678982999998,37.110859030000029],[-120.41482783199996,37.110907029000032],[-120.41697983199998,37.108210029000077],[-120.42137083199998,37.109669029000031],[-120.45287083599999,37.098878025000033],[-120.45609683699996,37.100348026000063],[-120.46552083899996,37.097782024000026],[-120.46979183899998,37.094341024000073],[-120.47670483999997,37.096395023000071],[-120.54170884499996,37.044510014000025],[-120.53725984299996,37.040643014000068],[-120.53781384299998,37.034224013000028],[-120.54527784299995,37.026941012000066],[-120.53783284199994,37.02385501200007],[-120.53694284099998,37.01934801200008],[-120.53072583999995,37.020189013000049],[-120.53043383899995,37.012880012000039],[-120.52327683799996,37.014073013000029],[-120.52019383699997,37.011284013000079],[-120.51380383699995,37.010967013000027],[-120.50897783499994,37.007628013000044],[-120.50817983399998,37.000295012000038],[-120.50299683399999,37.000634013000024],[-120.50417483299998,36.998210012000072],[-120.50064483199998,36.995919013000048],[-120.49953183099996,36.981971012000031],[-120.49544082999995,36.97893601100003],[-120.49477782899999,36.975799011000049],[-120.48415182699995,36.972404011000037],[-120.48895982799996,36.965697010000042],[-120.47801182499995,36.954674011000066],[-120.47905082399996,36.948825010000064],[-120.47563282299996,36.939997009000024],[-120.46802382099997,36.937477009000077],[-120.46282881999997,36.928194009000038],[-120.45707581799996,36.923571008000067],[-120.46221881799994,36.917177008000067],[-120.45041581599997,36.912832008000066],[-120.45559181599998,36.905455007000057],[-120.46379481699995,36.905361007000067],[-120.46097981599996,36.902345007000065],[-120.46676481699996,36.892198005000068],[-120.46528181599996,36.887335005000068],[-120.45367881299995,36.880795005000039],[-120.45938681299998,36.875325004000047],[-120.45031681099999,36.871228005000034],[-120.45020581099999,36.868536005000067],[-120.45612581099999,36.863282003000052],[-120.45409480999996,36.860211003000074],[-120.44856580999999,36.860224004000031],[-120.44738480999996,36.856572003000053],[-120.43950380799998,36.855713004000052],[-120.44034880699996,36.850012003000074],[-120.43389880699999,36.850587004000033],[-120.42664380399998,36.840116003000048],[-120.42172880299995,36.839945004000072],[-120.41710780199998,36.835631004000049],[-120.40992080199999,36.839816004000056],[-120.40489379999997,36.831368004000069],[-120.40405479899999,36.825648004000072],[-120.40072279799995,36.82241500400005],[-120.39583579799995,36.82448600400005],[-120.38757079699997,36.823888004000025],[-120.37911079399998,36.817171004000045],[-120.37706579299999,36.808777004000035],[-120.36923879199998,36.810074004000057],[-120.36809379099998,36.806961004000073],[-120.37438879199999,36.801097003000052],[-120.36975378999995,36.795640003000074],[-120.37287878999996,36.789710003000039],[-120.37072778899994,36.785209002000045],[-120.35589578799994,36.787353003000078],[-120.34513678599996,36.785054003000027],[-120.34451878599998,36.787419004000071],[-120.35096278799995,36.795441005000043],[-120.35068378799997,36.797500004000028],[-120.34767678699995,36.798167005000039],[-120.34408378599994,36.79139000400005],[-120.33439978399997,36.791475005000052],[-120.33462678399997,36.782889004000026],[-120.32422878299997,36.786309005000078],[-120.32227678199996,36.784596005000026],[-120.32436178199998,36.779898005000064],[-120.32173478099998,36.777702004000048],[-120.31590478099997,36.778290005000031],[-120.31259577999998,36.782029005000027],[-120.30036977799995,36.777638006000075],[-120.29981877699998,36.77457800600007],[-120.30571077799999,36.773417005000056],[-120.30607077799999,36.770270005000043],[-120.29318377599998,36.772238006000066],[-120.29404977499996,36.766346006000049],[-120.29060677499996,36.763052006000066],[-120.28807377499999,36.764078006000034],[-120.28906477499999,36.771628006000071],[-120.28551677499996,36.77350900600004],[-120.28123377399999,36.77215400700004],[-120.28137177299999,36.766629006000073],[-120.27335877299998,36.774242008000044],[-120.26945877199995,36.771382007000057],[-120.26224177099999,36.772609008000074],[-120.25598176999995,36.769616008000071],[-120.24886076899998,36.775126009000076],[-120.24569776899995,36.771336009000038],[-120.22993476599999,36.769060010000032],[-120.23327576799994,36.781062011000074],[-120.22272476599994,36.78276001200004],[-120.22071876599995,36.787335012000028],[-120.20841776399999,36.788962013000059],[-120.20708876399999,36.790910014000076],[-120.20223076299999,36.790010014000075],[-120.20182276199995,36.782953013000053],[-120.19969576199998,36.780741013000068],[-120.18971975999995,36.776149013000065],[-120.18153875999997,36.783285015000047],[-120.18197875999999,36.788078015000053],[-120.17446775899998,36.796084017000055],[-120.17273675999996,36.802876017000074],[-120.16849675899999,36.803443017000063],[-120.16291175799995,36.798723017000043],[-120.15694775699995,36.798197017000064],[-120.13658475499994,36.809301020000078],[-120.11683975199998,36.813851022000051],[-120.10962475099996,36.812585023000054],[-120.09864074899997,36.814938023000025],[-120.09165674899998,36.821192024000027],[-120.07947074699996,36.825350026000024],[-120.07579574699997,36.824367025000072],[-120.07140674599998,36.818676025000059],[-120.05599274299999,36.822860027000047],[-120.05087074299996,36.821862027000066],[-120.04230473999996,36.815502027000036],[-120.02778773799997,36.814510028000029],[-120.02265973699997,36.817836028000045],[-120.02018673799995,36.824959030000059],[-120.01369273699999,36.828144031000079],[-119.99240173399994,36.828951032000077],[-119.99029573399997,36.837815033000027],[-119.98466373399998,36.840846033000048],[-119.97972973299994,36.839737034000052],[-119.97703773199999,36.835053033000065],[-119.97055172999995,36.83287103300006],[-119.95854572899998,36.835477035000054],[-119.94351972699997,36.834035036000046],[-119.93455972499999,36.838028037000072],[-119.93260572599996,36.844469038000057],[-119.92911172499998,36.847911038000063],[-119.91953572299997,36.845077038000056],[-119.91193272199996,36.845324039000047],[-119.90290772199995,36.851809040000035],[-119.88847071899994,36.852161041000045],[-119.88490171899997,36.858554042000037],[-119.86589571499997,36.847952042000031],[-119.86142371499994,36.855465044000027],[-119.85379071399996,36.851350044000071],[-119.84808971399997,36.857192044000044],[-119.84777171299999,36.860169045000077],[-119.84156171299998,36.861180045000026],[-119.83479771099996,36.852530045000037],[-119.81827670799998,36.84819404600006],[-119.81384470699999,36.850213046000079],[-119.80965170799999,36.862574047000066],[-119.80218870699997,36.866694048000056],[-119.79653370699998,36.875423049000062],[-119.78926070599999,36.876138051000055],[-119.78612670499996,36.87889505000004],[-119.78497370599996,36.884722052000029],[-119.78829570699997,36.889660051000078],[-119.78932470799998,36.896713053000042],[-119.77567770699994,36.909130054000059],[-119.77274970799999,36.91860405500006],[-119.75496070499997,36.922455057000036],[-119.75027470499998,36.928293058000065],[-119.75207270699997,36.935908059000042],[-119.74566470599996,36.939003059000072],[-119.74166170499996,36.943865060000064],[-119.73377970499996,36.946446060000028],[-119.73667870599996,36.953602062000073],[-119.74326670699998,36.954636061000031],[-119.74051270799998,36.970217063000064],[-119.73131070699998,36.979745064000042],[-119.71383170599995,36.990901066000049],[-119.70075670499995,37.003333068000074],[-119.69808770599997,37.008753070000068],[-119.69079170499998,37.011992070000076],[-119.67093070099997,37.009265071000073],[-119.65862369899997,37.013335073000064],[-119.65712669999999,37.018908073000034],[-119.65938970199994,37.038943074000031],[-119.64946870099999,37.043502076000038],[-119.63936169899995,37.043292076000057],[-119.62904569699998,37.034624076000057],[-119.63596569699996,37.025350075000063],[-119.63538369599996,37.021550074000061],[-119.63218469599997,37.020988075000048],[-119.62112869499998,37.026610076000054],[-119.61037369499996,37.04567307800005],[-119.61361469599996,37.051980079000032],[-119.60968269699998,37.064697081000077],[-119.60492069699995,37.071021082000073],[-119.59697369599996,37.071271082000067],[-119.58485969299994,37.065627082000049],[-119.56842868999996,37.063574083000049],[-119.56144468999997,37.065490084000032],[-119.56054368999997,37.07073308400004],[-119.56329968999995,37.074373085000047],[-119.55901469099996,37.08806308700008],[-119.55325469099995,37.092583087000037],[-119.54157368999995,37.095960089000073],[-119.53760468999997,37.105072090000078],[-119.54876669299995,37.116761090000068],[-119.56857869599997,37.116694089000077],[-119.56372169599996,37.127238090000048],[-119.56379669799998,37.13832509100007],[-119.56085169799996,37.142906091000043],[-119.55000969599996,37.144587092000052],[-119.53999669299998,37.134821092000038],[-119.52498768999999,37.128239093000047],[-119.51748469099999,37.146777095000061],[-119.50606068999997,37.150350096000068],[-119.48918868499999,37.137270096000066],[-119.49322068499998,37.124608095000042],[-119.49132768399994,37.119717095000055],[-119.48329368099996,37.110311094000053],[-119.47481967999994,37.109968094000067],[-119.47026267899997,37.110858095000026],[-119.46626467899995,37.119601095000064],[-119.46915568099996,37.12589209600003],[-119.46264668199996,37.144216098000072],[-119.44273267799997,37.144056099000068],[-119.43488767699995,37.14695910100005],[-119.43213767799995,37.16257610200006],[-119.42581767799999,37.164302103000068],[-119.41580567599999,37.163451104000046],[-119.40682467399995,37.160036104000028],[-119.39979967199997,37.149840103000031],[-119.38886066999999,37.149220104000051],[-119.38610766899995,37.149863105000065],[-119.38498766999999,37.153318105000039],[-119.37504166899998,37.15788010600005],[-119.37522266999997,37.164081107000072],[-119.36192866699997,37.167854108000029],[-119.36057766899995,37.180544109000039],[-119.35412366899999,37.185710110000059],[-119.34311966699994,37.189079111000069],[-119.33720966699997,37.200463113000069],[-119.33009366699997,37.20743411400008],[-119.33075166799995,37.215218114000038],[-119.33780066999998,37.219165114000077],[-119.33376166899995,37.224035115000049],[-119.33163167099997,37.239646117000063],[-119.32324766999994,37.245011118000036],[-119.32219066999994,37.253415119000067],[-119.32641467299999,37.269863120000025],[-119.33232167399996,37.274444120000055],[-119.32694867499998,37.29190912200005],[-119.33054467699998,37.301715123000065],[-119.33405467799997,37.303935123000031],[-119.33543567899994,37.311215123000068],[-119.32719467799996,37.31904512400007],[-119.31857567699996,37.32116112600005],[-119.31576467699995,37.324780126000064],[-119.31645667799995,37.328133126000068],[-119.32455867999994,37.33251612600003],[-119.32578667999996,37.335422127000072],[-119.31223867799997,37.339711128000033],[-119.31155167899999,37.342944128000056],[-119.31543267999996,37.346138128000064],[-119.31219867899995,37.352730129000065],[-119.02237565799999,37.585742172000039],[-119.02697665999995,37.59574217200003],[-119.03437766099995,37.603541173000053],[-119.03079766299999,37.622236174000079],[-119.03257766499996,37.630540176000068],[-119.04533066699997,37.637051175000067],[-119.05463066999999,37.645140175000051],[-119.05434367099997,37.651189176000059],[-119.06141267199996,37.657839176000039],[-119.05956067299996,37.665383177000024],[-119.06517867599996,37.68456117900007],[-119.07288467799998,37.690183178000041],[-119.07336467799996,37.692891178000025],[-119.08257367999994,37.696550178000052],[-119.08806568099999,37.702679179000029],[-119.09313868199996,37.703632178000078],[-119.10182668599998,37.716200178000065],[-119.11445868899995,37.728200179000055],[-119.12756569199996,37.734687178000058],[-119.13266569199999,37.733934178000027],[-119.13804469399997,37.736131178000051],[-119.14078669399998,37.733256178000033],[-119.14960569599998,37.732900177000033],[-119.15734569699998,37.736534177000067],[-119.16408769799995,37.736128176000079],[-119.16908369899994,37.738364176000061],[-119.17711569999994,37.73478117500008],[-119.18375170199994,37.73950917500008],[-119.18571070099995,37.736672174000034],[-119.19253170299999,37.737957175000076],[-119.19974070399996,37.735840173000042],[-119.21634570399999,37.714128170000038],[-119.23000470699998,37.717411170000048],[-119.23064270699996,37.720959170000071],[-119.24305770999996,37.728552170000057],[-119.25099071199998,37.730165169000031],[-119.25789071199995,37.724636169000064],[-119.26119171399995,37.732736169000077],[-119.26409171399996,37.732936169000027],[-119.26899171599996,37.73923516900004]]]},"properties":{"STATE_COUNTY_FIPS_CD":"06039","COUNTY_NM":"Madera","MMG_PCT_OVERALL_FI_RATE":12.6000004,"MMG_YEAR":"2020"}},{"type":"Feature","geometry":{"type":"MultiPolygon","coordinates":[[[[-122.90731620799994,38.320444107000071],[-122.91585159299996,38.320356369000081],[-122.92086029099994,38.316930771000045],[-122.91649627699996,38.31281471300008],[-122.92160034199998,38.308561325000028],[-122.92564964299999,38.312742233000051],[-122.93539428699995,38.309610367000062],[-122.93682861299999,38.311185837000039],[-122.93427467299995,38.314016342000059],[-122.93972206099994,38.310853958000052],[-122.94404602099996,38.312681198000064],[-122.94676780699996,38.311216354000067],[-122.96613693199998,38.316976547000024],[-122.97005462599998,38.310132980000049],[-122.98162078899998,38.311140060000071],[-122.98475074799995,38.307954788000075],[-122.99476623499999,38.306196213000078],[-122.99359130899995,38.300085068000044],[-123.00273704499995,38.295717239000055],[-122.99460029599999,38.283102036000059],[-122.98849868799999,38.280008316000078],[-122.98684501599996,38.273763657000075],[-122.97820854199995,38.270601273000068],[-122.97749137899996,38.266481400000032],[-122.97115325899995,38.259275436000053],[-122.96715354899999,38.250329971000042],[-122.97224426299999,38.231954575000032],[-122.96328163099997,38.23127555800005],[-122.96301841699994,38.233880997000028],[-122.95927238499996,38.233064651000063],[-122.95872688299994,38.235391617000062],[-122.95451736499996,38.232881546000044],[-122.95269012499995,38.23034477200008],[-122.95282745399999,38.214445114000057],[-122.94795417799997,38.218683243000044],[-122.94890785199999,38.220037460000071],[-122.94537162799998,38.220426559000032],[-122.94067192099999,38.218893051000066],[-122.93370819099999,38.211656570000059],[-122.92279052699996,38.221292496000046],[-122.92587280299995,38.213445663000073],[-122.92552757299995,38.205518723000068],[-122.91772651699995,38.190591812000036],[-122.91351699799998,38.188447952000047],[-122.90929031399997,38.179510117000063],[-122.90410041799998,38.174757004000071],[-122.90109062199997,38.165590286000054],[-122.89448165899995,38.161954880000053],[-122.89491844199995,38.158838272000025],[-122.88747215299998,38.148809433000054],[-122.88381767299995,38.14814567600007],[-122.88088989299996,38.143354416000079],[-122.87218093899997,38.139101028000027],[-122.87110900899995,38.13312721300008],[-122.86312675499994,38.127244949000044],[-122.86477279699994,38.119272232000071],[-122.86066245999996,38.116693497000028],[-122.86095428499999,38.119001389000061],[-122.85866355899998,38.115819931000033],[-122.85439872699999,38.11620903000005],[-122.85120773299997,38.113420486000052],[-122.85152625999996,38.106847763000076],[-122.84292602499994,38.107675552000046],[-122.84213638299997,38.10449028000005],[-122.82548141499996,38.090757370000063],[-122.82750892599995,38.087202072000025],[-122.83289909399997,38.090219498000067],[-122.82991790799997,38.086053848000063],[-122.83318138099997,38.088853836000055],[-122.83231735199996,38.085355759000038],[-122.83729934699994,38.088991165000039],[-122.83486366299996,38.082899094000027],[-122.86975479099999,38.114763260000075],[-122.88249969499998,38.12339210500005],[-122.88316345199996,38.126527786000054],[-122.88930892899998,38.132253647000027],[-122.89362716699998,38.132783890000042],[-122.89660835299998,38.136400223000066],[-122.89666366599999,38.140874863000079],[-122.90382766699997,38.145681381000031],[-122.90364456199995,38.149202347000028],[-122.91071700999998,38.15227317800003],[-122.90689086899999,38.156557083000052],[-122.91520881699995,38.16115379300004],[-122.91540908799999,38.164937973000065],[-122.92106246899999,38.169218063000073],[-122.92300796499995,38.175165176000064],[-122.93028068499996,38.180593491000025],[-122.93193626399994,38.187784195000063],[-122.93509864799995,38.187620163000076],[-122.94289970399996,38.194101334000038],[-122.95009040799999,38.193845749000047],[-122.95142745999999,38.195684433000054],[-122.94708061199998,38.196165085000075],[-122.94618225099998,38.201608658000055],[-122.95131683299996,38.20259285000003],[-122.95006370499999,38.205083847000026],[-122.95935440099998,38.208974838000074],[-122.98554420499994,38.236528397000029],[-122.99520873999995,38.241037369000026],[-122.99224471999997,38.232938766000075],[-122.98172759999994,38.223093033000055],[-122.98062705999996,38.21431160000003],[-122.96759033199999,38.201311111000052],[-122.96540832499994,38.187120438000079],[-122.96828079199997,38.18267250100007],[-122.95362663299994,38.175672531000032],[-122.95325469999995,38.171274185000073],[-122.95490837099999,38.170637131000035],[-122.95197296099997,38.169836044000078],[-122.95220947299998,38.166608810000071],[-122.94962692299998,38.164045334000036],[-122.94875335699999,38.154218674000049],[-122.96088981599996,38.112962723000066],[-122.99588966399995,38.034017563000077],[-123.01298141499996,38.001382828000033],[-123.01723670999996,37.998628616000076],[-123.02056312599996,37.999547958000051],[-123.02406310999999,37.994882584000038],[-123.01518058799996,37.99371147200003],[-123.00783538799999,37.99528312700005],[-123.00300788899995,37.992929459000038],[-122.99076271099995,37.994764328000031],[-122.98648071299999,37.99206352200008],[-122.97850036599999,37.992937088000076],[-122.97297286999998,37.990327835000073],[-122.96452712999996,37.990144730000054],[-122.96747207599998,37.993875504000073],[-122.98329925499996,37.997945786000059],[-122.98324584999995,38.00562095600003],[-122.97616386399994,38.016584396000042],[-122.96636390699996,38.024419785000077],[-122.93606376599996,38.033918381000035],[-122.93744468699998,38.035791397000025],[-122.94017219499995,38.034929276000071],[-122.94923591599996,38.046102524000048],[-122.95681762699996,38.048818588000074],[-122.96437263499996,38.05610084500006],[-122.94937133799999,38.048936844000025],[-122.94839096099997,38.054273605000049],[-122.95094490099996,38.057981491000078],[-122.95835494999994,38.061635971000044],[-122.95629882799994,38.063581467000063],[-122.95763587999994,38.068147659000033],[-122.95557212799997,38.069837570000061],[-122.95737266499998,38.077455521000047],[-122.95319938699998,38.071435928000028],[-122.95453643799999,38.062009811000053],[-122.94430923499999,38.060838699000044],[-122.94156265299995,38.063863754000067],[-122.94025421099997,38.077508926000064],[-122.93707275399998,38.080644608000057],[-122.93541717499994,38.088930130000051],[-122.92872619599996,38.09114646900008],[-122.93157195999999,38.086393356000031],[-122.93556404099996,38.084508896000045],[-122.93197250399999,38.081510544000025],[-122.93524551399997,38.074827194000079],[-122.93348121599996,38.072954178000032],[-122.93333625799994,38.064664841000024],[-122.92928123499996,38.062555313000075],[-122.92717170699996,38.063863754000067],[-122.92311859099999,38.074781418000043],[-122.92221832299998,38.071390152000049],[-122.91677284199994,38.068601608000051],[-122.92169952399996,38.065965652000045],[-122.91984558099995,38.063535690000037],[-122.92253494299996,38.059762955000053],[-122.93428993199996,38.053701401000069],[-122.93756294299999,38.046346664000055],[-122.93191719099997,38.041883469000027],[-122.93191719099997,38.035608292000063],[-122.92711830099995,38.035909653000033],[-122.92098045299997,38.033002853000028],[-122.91822624199995,38.037099838000074],[-122.91719055199997,38.033845901000063],[-122.91446304299996,38.033529282000075],[-122.90930938699995,38.051546097000028],[-122.90554428099995,38.047418594000078],[-122.90719985999999,38.044401169000025],[-122.90441703799996,38.041791916000079],[-122.90827178999996,38.033845901000063],[-122.89776229899996,38.031572342000061],[-122.89166259799998,38.033956528000033],[-122.88809966999997,38.028211594000027],[-122.89559936499995,38.03013801600008],[-122.92474555999996,38.029863358000057],[-122.93128204299995,38.034101486000054],[-122.92974471999997,38.03059959400008],[-122.92599105799997,38.02883720400007],[-122.89464569099999,38.027547836000053],[-122.87116241499996,38.02190971400006],[-122.85657310499994,38.016717911000057],[-122.83269882199994,38.003419876000066],[-122.82827186599997,37.998182297000028],[-122.82138061499995,37.996736526000063],[-122.81261825599995,37.985292435000076],[-122.80966377299995,37.985635757000068],[-122.80130767799994,37.980390549000049],[-122.79329872099999,37.971666336000055],[-122.78402709999995,37.954492569000024],[-122.78327178999996,37.94826316800004],[-122.77792739899996,37.948064804000069],[-122.77659988399995,37.943574905000048],[-122.77072715799994,37.943891525000026],[-122.76613616899999,37.938001633000056],[-122.75460815399998,37.935529709000036],[-122.73688125599995,37.925817490000043],[-122.73336410499996,37.928392410000072],[-122.73049926799996,37.925527573000068],[-122.73289871199995,37.920228958000052],[-122.72729873699996,37.903829575000032],[-122.71278190599998,37.900045395000063],[-122.70739936799998,37.895009995000066],[-122.70049858099998,37.894411087000037],[-122.69747161899994,37.898893356000031],[-122.68217277499997,37.906454086000053],[-122.68190002399996,37.909830093000039],[-122.68817138699995,37.915819168000041],[-122.68779945399996,37.921827316000076],[-122.69348144499997,37.923738480000054],[-122.69814491299996,37.933710098000063],[-122.68286323499996,37.929811478000033],[-122.68018150299997,37.925291061000053],[-122.67539024399997,37.924226761000057],[-122.67094421399997,37.918565750000027],[-122.66614532499995,37.917165756000031],[-122.66335487399999,37.913393021000047],[-122.64865493799999,37.906400681000036],[-122.64538955699999,37.902830124000047],[-122.64965438799999,37.904356003000032],[-122.64889907799994,37.906137466000075],[-122.65089988699998,37.904737473000068],[-122.66614532499995,37.908773422000024],[-122.68111801099997,37.909120560000076],[-122.67952728299997,37.907175064000057],[-122.66387176499995,37.906084061000058],[-122.64835357699997,37.901628494000079],[-122.63998222399999,37.897344589000056],[-122.62710952799995,37.886064529000066],[-122.62870025599995,37.881647110000074],[-122.61786270099998,37.876810074000048],[-122.61279106099994,37.87792778000005],[-122.60239028899997,37.875627518000044],[-122.58839034999994,37.861528397000029],[-122.58179092399996,37.857828140000038],[-122.57529067999997,37.858926773000064],[-122.56989097599995,37.853628159000039],[-122.56149101299997,37.851827621000041],[-122.55846404999994,37.845293045000062],[-122.55179977399996,37.841554642000062],[-122.54919052099996,37.83432960500005],[-122.53728103599997,37.830327988000079],[-122.53398132299998,37.825727463000078],[-122.53578185999999,37.824029922000079],[-122.53128051799996,37.82062721300008],[-122.53018188499999,37.815629959000034],[-122.52738952599998,37.815771103000031],[-122.52919769299996,37.81903266900008],[-122.52453994799998,37.823003769000024],[-122.52358055099995,37.824827194000079],[-122.51608085599997,37.825326920000066],[-122.50136756899997,37.821420670000066],[-122.50128745999996,37.821226120000063],[-122.50093460099998,37.82087135300003],[-122.499780655,37.819734573000062],[-122.49904632599998,37.820192337000037],[-122.49899101299997,37.820230484000035],[-122.49979209899999,37.821653366000078],[-122.49988937399996,37.821825027000045],[-122.49965667699996,37.821958542000061],[-122.49479484599999,37.822732925000025],[-122.49319648699998,37.824632645000065],[-122.49139594999997,37.825735092000059],[-122.49119567899999,37.826433182000073],[-122.48629569999997,37.826234818000046],[-122.48349189799995,37.826726913000073],[-122.48278617899996,37.825635910000074],[-122.48139572099996,37.82593345600003],[-122.47916793799999,37.825586319000024],[-122.47857856799999,37.827436447000025],[-122.47872543299997,37.828760147000025],[-122.47864532499995,37.831304550000027],[-122.47757148699998,37.832578659000035],[-122.47407150299995,37.833810806000031],[-122.47227287299995,37.832292557000073],[-122.47137260399995,37.837110519000078],[-122.47906303399998,37.847410202000049],[-122.47798156699997,37.859426498000062],[-122.47988128699996,37.857728958000052],[-122.48739051799998,37.863138199000048],[-122.48908042899996,37.861928940000041],[-122.49738120999996,37.867727280000054],[-122.49718093899997,37.870229721000044],[-122.50402641299996,37.872301102000051],[-122.50344467199994,37.874193192000064],[-122.50495338399998,37.875417709000033],[-122.50395393399998,37.873365402000047],[-122.50614547699996,37.874593735000076],[-122.50431823699995,37.872919083000056],[-122.50619888299997,37.873426437000035],[-122.51437187199997,37.88141822800003],[-122.52062606799996,37.883836746000043],[-122.52298164399997,37.887228012000037],[-122.52248191799998,37.890928268000039],[-122.52488136299996,37.89132881200004],[-122.52488136299996,37.896429062000038],[-122.51988220199996,37.88972663900006],[-122.51788139299998,37.892129898000064],[-122.51978111299996,37.889429092000057],[-122.51728057899999,37.886026382000068],[-122.51019096399995,37.887655258000052],[-122.50908088699998,37.886144638000076],[-122.51140022299995,37.884138107000069],[-122.50948142999999,37.882528305000051],[-122.50468063399995,37.882829666000077],[-122.49667167699999,37.877229691000025],[-122.50419998199999,37.894319534000033],[-122.50039100599997,37.89773750300003],[-122.49968147299995,37.894227982000075],[-122.48705482499997,37.89443779000004],[-122.47238159199998,37.883283615000039],[-122.47117233299997,37.880971909000039],[-122.47379112199997,37.877466202000051],[-122.46919059799995,37.868738174000043],[-122.45788192699996,37.862127304000069],[-122.46278190599998,37.872335434000036],[-122.45948219299999,37.873838425000031],[-122.45741844199995,37.871374130000049],[-122.45532607999996,37.873220444000026],[-122.45000839199997,37.872110367000062],[-122.44338226299999,37.876428604000068],[-122.44338226299999,37.879827499000044],[-122.43878173799999,37.88032722500003],[-122.43798065199996,37.882429123000065],[-122.44408225999996,37.886529922000079],[-122.44938087499997,37.894426346000046],[-122.45788955699999,37.894128799000043],[-122.46868133499999,37.900228500000026],[-122.46899032599998,37.902727127000048],[-122.47325324999997,37.90532875100007],[-122.47228050199999,37.908327103000033],[-122.47491836499995,37.917272568000044],[-122.47929954499995,37.916166306000036],[-122.48638153099995,37.921354294000025],[-122.49748039199994,37.922636032000071],[-122.50308227499994,37.928827286000057],[-122.50498199499998,37.940027237000038],[-122.50688171399997,37.939729691000025],[-122.50528144799995,37.942029953000031],[-122.51459884599996,37.942873001000066],[-122.51928138699998,37.939828873000067],[-122.52878951999998,37.944128036000052],[-122.53038978599994,37.943128586000057],[-122.52859115599995,37.944528580000053],[-122.51798057599996,37.940927505000047],[-122.51379013099995,37.94353675800005],[-122.50751686099994,37.942800522000027],[-122.51008987399996,37.946001053000032],[-122.48868179299996,37.936929703000033],[-122.48518180799999,37.940729141000077],[-122.47620010399999,37.942327499000044],[-122.48608207699999,37.947126389000061],[-122.49128150899998,37.960329056000035],[-122.49018096899999,37.965227127000048],[-122.49538040199997,37.967126846000042],[-122.49498176599997,37.969728470000064],[-122.50865364099997,37.965909958000054],[-122.51299095199994,37.967718124000044],[-122.51468086199998,37.965528488000075],[-122.51358222999994,37.96782875100007],[-122.519081116,37.969347000000027],[-122.50829124499995,37.966527939000059],[-122.49657249499995,37.970964432000073],[-122.49308204699997,37.969530106000036],[-122.47738075299998,37.971628189000057],[-122.47956275899998,37.97442817700005],[-122.47508048999998,37.974626541000077],[-122.47528076199995,37.978719711000053],[-122.47258186299996,37.982427597000026],[-122.46758079499995,37.984529495000061],[-122.45679092399996,37.978826523000066],[-122.44728088399995,37.985227585000075],[-122.45108222999994,37.992528915000037],[-122.46238136299996,38.003320694000024],[-122.47798156699997,38.006719589000056],[-122.48928070099998,38.014417648000062],[-122.50269126899997,38.016618729000072],[-122.49938964799998,38.018018723000068],[-122.49818992599995,38.021917343000041],[-122.50019073499999,38.033319473000063],[-122.49388122599998,38.047445297000024],[-122.49784469599996,38.047845840000036],[-122.49849128699998,38.044919968000045],[-122.49820899999997,38.048318863000077],[-122.49210929899999,38.048337936000053],[-122.49479865999996,38.050237656000036],[-122.48359107999994,38.072019577000049],[-122.48709106399997,38.092020035000075],[-122.49098968499999,38.094518661000052],[-122.48808097799997,38.108976364000057],[-122.49997329699994,38.111551285000075],[-122.50491523699998,38.114740372000028],[-122.51691055299995,38.137544632000072],[-122.53484153699998,38.149206161000052],[-122.54448509199995,38.158720016000075],[-122.54962730399996,38.157297134000032],[-122.55792808499996,38.160165787000039],[-122.55800437899995,38.163534164000055],[-122.55199241599996,38.169008255000051],[-122.56320571899994,38.169324875000029],[-122.56447601299999,38.175085068000044],[-122.56850624099997,38.177022934000036],[-122.56529426599997,38.182718277000049],[-122.57060432399999,38.187124252000046],[-122.57320404099994,38.186323166000079],[-122.57070541399997,38.18352317800003],[-122.57821464499995,38.183588028000031],[-122.58213043199999,38.188024521000045],[-122.59090614299998,38.18594932600007],[-122.59282875099996,38.188787460000071],[-122.60091400099998,38.185289383000054],[-122.60412216199995,38.18063926700006],[-122.62265968299999,38.182630539000058],[-122.62570762599995,38.18234443700004],[-122.62819671599999,38.178892136000059],[-122.63579750099996,38.178655624000044],[-122.64925003099995,38.181131363000077],[-122.65862274199998,38.186784744000079],[-122.66391372699997,38.186407089000056],[-122.66717147799994,38.189702988000079],[-122.68057823199996,38.189634323000064],[-122.68792915299997,38.19474983200007],[-122.70140647899996,38.196104050000031],[-122.72300720199996,38.207136154000068],[-122.73991203299994,38.207025528000031],[-122.89994621299996,38.316797256000029],[-122.90950775099998,38.314401627000052],[-122.91086006199998,38.317178726000066],[-122.90731620799994,38.320444107000071]]],[[[-122.42249107399999,37.867128372000025],[-122.42469024699994,37.870527267000057],[-122.43068122899996,37.872129440000037],[-122.43458175699999,37.869428635000077],[-122.43448066699995,37.867326736000052],[-122.43868064899999,37.86833000200005],[-122.44118118299997,37.862730026000065],[-122.44628143299997,37.861028671000042],[-122.44088172899995,37.855127335000077],[-122.43428039599996,37.853628159000039],[-122.43058204699997,37.855527878000032],[-122.41868972799995,37.852548599000045],[-122.41879653899997,37.85344505300003],[-122.41987800599998,37.860330582000074],[-122.42039489699999,37.863443375000031],[-122.42249107399999,37.867128372000025]]]]},"properties":{"STATE_COUNTY_FIPS_CD":"06041","COUNTY_NM":"Marin","MMG_PCT_OVERALL_FI_RATE":7.5,"MMG_YEAR":"2020"}},{"type":"Feature","geometry":{"type":"Polygon","coordinates":[[[-119.30900772699999,37.777991170000064],[-119.31099672699997,37.779733169000053],[-119.30729672699999,37.78283317000006],[-119.31049672799998,37.78563317000004],[-119.31119672899996,37.793533171000036],[-119.32179773099995,37.794032170000037],[-119.32699773199994,37.799432170000046],[-119.33189773299995,37.799232171000028],[-119.33939873499997,37.805532170000049],[-119.34589873599998,37.805632169000035],[-119.34799973699995,37.810132170000031],[-119.35559973899996,37.812431170000025],[-119.35179973899994,37.820731171000034],[-119.35209973899998,37.826231171000074],[-119.37261474299999,37.832888171000036],[-119.37552374499995,37.840878171000043],[-119.37976674599997,37.840921171000048],[-119.38373474599996,37.836478170000078],[-119.39260174699996,37.83793016900006],[-119.40270174899996,37.835230169000056],[-119.40470274899997,37.837230168000076],[-119.40730375199996,37.854929170000048],[-119.41550375299994,37.854629169000077],[-119.42200375499999,37.857729169000038],[-119.42680475699996,37.866729169000052],[-119.43420475699997,37.865129168000067],[-119.43930575799999,37.860229168000046],[-119.44270475799999,37.859829168000033],[-119.44200575899998,37.867528168000035],[-119.45420676099997,37.870728168000028],[-119.46280676299995,37.868428167000047],[-119.47030776299999,37.863028166000049],[-119.47430776299996,37.855628165000041],[-119.48410776499998,37.864428165000049],[-119.49230876699994,37.863128164000045],[-119.50380976899999,37.868627164000031],[-119.51530977299996,37.884427165000034],[-119.52381077399997,37.886727164000035],[-119.52981077599998,37.891127164000068],[-119.53571177799995,37.904127165000034],[-119.55671278099999,37.900927164000052],[-119.55861278199995,37.903127163000079],[-119.56591278299999,37.901727163000032],[-119.58641378499999,37.890127161000066],[-119.58731378399995,37.87872715900005],[-119.58487678299997,37.874927159000038],[-119.59937578399996,37.859917157000041],[-119.61016978499998,37.85317815500008],[-119.61911978599994,37.853201154000033],[-119.62500178699997,37.847719153000071],[-119.63811478899999,37.849128153000038],[-119.64861578999995,37.845028151000065],[-119.65771578999994,37.834128150000026],[-119.65091578799996,37.820828149000079],[-119.65391578699996,37.810428148000028],[-119.65991578799998,37.809429148000049],[-119.66721578799996,37.801229146000026],[-119.68971679199996,37.80022914400007],[-119.69961779199997,37.789129143000025],[-119.70981779399995,37.793529142000068],[-119.72271879599998,37.787629141000025],[-119.73391879699994,37.787929140000074],[-119.74601979899995,37.782929139000032],[-119.75101979899995,37.773329138000065],[-119.75924279999998,37.772695137000028],[-119.76261979999998,37.77033013700003],[-119.76901880199995,37.771134136000057],[-119.77201880099994,37.766733135000038],[-119.78112080199998,37.763430134000032],[-119.78612080399995,37.765830134000055],[-119.79152180399996,37.764630134000072],[-119.80525180599994,37.760126133000028],[-119.80502180499997,37.756430132000048],[-119.80782180599999,37.755030132000059],[-119.82482280899995,37.761930131000042],[-119.82792280999996,37.768230131000053],[-119.83792181199999,37.77023113100006],[-119.84222381299998,37.769130130000065],[-119.84112281199998,37.764230130000044],[-119.85202381299996,37.757731129000035],[-119.85392381399998,37.761231129000066],[-119.86062381499994,37.764431129000059],[-119.86452381699996,37.772230129000036],[-119.86822481799999,37.773230129000069],[-119.87552481799997,37.772531129000072],[-119.87272581799999,37.76753112800003],[-119.87602481799996,37.763831128000049],[-119.88492481899999,37.760731127000042],[-119.89432481999995,37.762131126000043],[-119.90012582199995,37.76033112500005],[-119.90122582099997,37.757831125000052],[-119.92912682699995,37.764831124000068],[-119.93842682799999,37.763031123000076],[-119.94482682899996,37.764931122000064],[-119.94762782999999,37.770431123000037],[-119.95502783199998,37.773231123000073],[-119.96492783399998,37.782831123000051],[-119.97182783599999,37.784031123000034],[-119.99842884099996,37.796231121000062],[-120.02502084699995,37.811323122000033],[-120.03189184799999,37.811062121000077],[-120.03631584899995,37.807859120000046],[-120.04464685099998,37.812956120000024],[-120.04890285099998,37.81120412000007],[-120.05459685199997,37.812615119000043],[-120.05829485399994,37.824763120000057],[-120.06165285499998,37.826028120000046],[-120.06516585499998,37.82290112000004],[-120.07952085799997,37.828813119000074],[-120.08545685799999,37.826679118000072],[-120.08555585799996,37.823446118000049],[-120.09047585899998,37.822093117000065],[-120.09204885799994,37.815557116000036],[-120.08889085699997,37.812488117000044],[-120.09029185699995,37.81075211700005],[-120.09876085899998,37.807733116000065],[-120.10075285799996,37.800670115000059],[-120.11580285999997,37.793169113000033],[-120.12001585999997,37.789581112000064],[-120.11939685999999,37.785869112000057],[-120.12426585999998,37.785533112000053],[-120.12723885999998,37.781571111000062],[-120.14213686299996,37.783044111000038],[-120.15384786499999,37.788369110000076],[-120.16182486599996,37.787411109000061],[-120.17303986899998,37.795002109000052],[-120.17424286999994,37.799378109000031],[-120.17838386999995,37.794667109000045],[-120.18260987099995,37.795250109000051],[-120.18059186999994,37.788413108000043],[-120.18336786999998,37.783049107000068],[-120.18869986999999,37.78022710700003],[-120.18354186899995,37.774951107000049],[-120.18909386899998,37.767857105000076],[-120.19773286999998,37.769558105000044],[-120.19811486999998,37.765306104000047],[-120.20108586999999,37.763169104000042],[-120.21598187199999,37.765279104000058],[-120.21704287299997,37.762796103000028],[-120.22422187399997,37.763614103000066],[-120.22676687399996,37.760341102000041],[-120.23067087499999,37.763794102000077],[-120.23824487699994,37.765269102000047],[-120.24091887599997,37.758500101000038],[-120.23969987499999,37.753495101000055],[-120.24757587599998,37.749698100000046],[-120.25334487699996,37.750740099000041],[-120.25719387699996,37.747809098000062],[-120.25785787699999,37.743997098000079],[-120.26175087699994,37.740745098000048],[-120.25790787599999,37.735159097000064],[-120.26015287599995,37.733721097000057],[-120.27609587999996,37.738973096000052],[-120.28242488099994,37.745384097000056],[-120.28677088099994,37.739900096000042],[-120.28381687999996,37.733643096000037],[-120.28650687999999,37.729454095000051],[-120.30769988399999,37.73561309400003],[-120.31548088499994,37.73376709300004],[-120.32122588499999,37.726048092000042],[-120.32612888599999,37.726071092000041],[-120.33234688699997,37.729597091000073],[-120.33558388699998,37.726486091000027],[-120.34449288899998,37.726258090000044],[-120.34544988899995,37.72479209100004],[-120.33981788699998,37.717099090000033],[-120.33810588599999,37.709115090000068],[-120.33331588499999,37.70676909000008],[-120.32982788399994,37.697277089000067],[-120.32261488099999,37.687339088000044],[-120.31946787999999,37.686431089000052],[-120.30641987599995,37.665764087000071],[-120.31232587599999,37.662952087000065],[-120.30985087499994,37.655982087000041],[-120.32676287699996,37.649182085000064],[-120.33216187899995,37.652755085000024],[-120.33527387899994,37.658964085000036],[-120.34327088099997,37.663131084000042],[-120.34513988199996,37.667825085000061],[-120.35293788499996,37.674815085000034],[-120.35717588499995,37.675339085000076],[-120.36247688499998,37.672824084000069],[-120.36632288699997,37.680799085000046],[-120.37971688899995,37.680991084000027],[-120.38664889099999,37.684847084000069],[-120.39194389099998,37.683564083000078],[-120.39172689199995,37.679780083000026],[-120.39366289099996,37.679497082000069],[-120.39251689099996,37.675360082000054],[-120.39545388999994,37.672137082000063],[-120.39272488999995,37.669922082000028],[-120.39413488999998,37.668125081000028],[-120.39063188999995,37.666529082000068],[-120.38435888699996,37.658005081000056],[-120.37940288699997,37.656800082000075],[-120.37515688499997,37.65221308100007],[-120.38113788599998,37.641669080000042],[-120.38323688599996,37.641894080000043],[-120.38499188499998,37.635122080000031],[-120.38762588499998,37.633709079000027],[-120.38768288499995,37.633369079000033],[-120.31880286199998,37.520815073000051],[-120.31654985899996,37.505489072000046],[-120.31150585799998,37.497233072000029],[-120.29910485499994,37.488842072000068],[-120.30023585399999,37.484295072000066],[-120.29504285299998,37.480017071000077],[-120.27959184899998,37.457952071000079],[-120.27510884499998,37.44071806900007],[-120.28406284599998,37.43252306800008],[-120.28341084499999,37.424368068000035],[-120.27582884399999,37.418841067000074],[-120.26809483999995,37.403842066000038],[-120.25470883699995,37.385411065000028],[-120.24702383499999,37.380221065000057],[-120.21651782499998,37.337341064000043],[-120.20354381999999,37.313326063000034],[-120.18772181599996,37.301077063000037],[-120.18273681399995,37.291410063000058],[-120.18664981299997,37.280285061000029],[-120.18376981199998,37.270497060000025],[-120.17850580999999,37.262425060000055],[-120.14383880299999,37.239197060000038],[-120.10561779499994,37.225031061000038],[-120.09009079199996,37.221475062000025],[-120.06757478599997,37.200494061000029],[-120.06222678499995,37.197989062000033],[-120.05737178299995,37.188030062000053],[-120.05206778199999,37.183113061000029],[-119.76182176099996,37.417119103000061],[-119.65120374199995,37.417837112000029],[-119.65118474699995,37.461356115000058],[-119.61550774099999,37.461527118000049],[-119.61516074499997,37.494686121000029],[-119.58423273999995,37.494701123000027],[-119.58359774799999,37.560340129000053],[-119.30900772699999,37.777991170000064]]]},"properties":{"STATE_COUNTY_FIPS_CD":"06043","COUNTY_NM":"Mariposa","MMG_PCT_OVERALL_FI_RATE":14.8999996,"MMG_YEAR":"2020"}},{"type":"Feature","geometry":{"type":"Polygon","coordinates":[[[-123.74626969399998,40.001827011000046],[-124.02322941799997,40.001280963000056],[-123.99586363599997,39.973045454000044],[-123.98002727199997,39.962454545000071],[-123.97380909099996,39.951000000000079],[-123.96211818199998,39.936927273000038],[-123.95495454499996,39.922372727000038],[-123.94139999999999,39.915554545000077],[-123.93925454499998,39.912445454000078],[-123.93004545399998,39.909700000000043],[-123.91585454499995,39.88111818200008],[-123.91289090899994,39.870718182000076],[-123.90449090899995,39.859800000000064],[-123.90166363599997,39.860254545000032],[-123.89973636299999,39.855890909000038],[-123.89457272699997,39.85572727300007],[-123.89386363599999,39.853045454000039],[-123.88902727199996,39.852245454000069],[-123.88145454499994,39.84541818200006],[-123.85171818199996,39.832045454000024],[-123.84624545399998,39.816781818000038],[-123.84641818199998,39.806709091000073],[-123.83979999999997,39.795636364000075],[-123.83715454499998,39.776236364000056],[-123.83770909099997,39.758127273000071],[-123.83942727199997,39.75719090900003],[-123.83195454499997,39.743736364000029],[-123.83144545399995,39.738909091000039],[-123.83499999999998,39.738536364000026],[-123.82853636299996,39.734400000000051],[-123.83173636299995,39.73039090900005],[-123.83064545399998,39.723372727000026],[-123.82474545399998,39.71812727300005],[-123.80820909099998,39.710718182000051],[-123.80361818199998,39.69931818200007],[-123.79535454499995,39.690645454000048],[-123.79266363599999,39.684118182000077],[-123.79280909099998,39.667072727000061],[-123.78653636299998,39.660318182000026],[-123.78724545399996,39.656045454000036],[-123.78506363599996,39.651354545000061],[-123.78704545399995,39.637936364000041],[-123.78462727199997,39.628463636000049],[-123.78717272699998,39.626818182000079],[-123.78232727199997,39.621490909000045],[-123.78214545399999,39.613290909000057],[-123.78889999999996,39.60476363600003],[-123.78691818199997,39.600181818000067],[-123.78871818199997,39.599700000000041],[-123.78389999999996,39.593845454000075],[-123.78597272699994,39.59194545400004],[-123.77709999999996,39.584181818000047],[-123.77636363599999,39.578372727000044],[-123.77879090899995,39.578072727000063],[-123.77819999999997,39.575690909000059],[-123.76717272699995,39.56539090900003],[-123.76709090899999,39.563172727000051],[-123.76954545399997,39.562690909000025],[-123.76552727199999,39.559190909000051],[-123.77284545399999,39.534136364000062],[-123.78367272699995,39.510290909000048],[-123.79563636299997,39.492236364000064],[-123.79959090899996,39.489663636000046],[-123.80544545399999,39.489445454000077],[-123.80231818199996,39.486881818000029],[-123.80213636299999,39.483272727000042],[-123.80397272699997,39.482490909000035],[-123.80459090899996,39.471418182000036],[-123.80842727199996,39.470063636000077],[-123.80750909099999,39.464109091000068],[-123.81036363599998,39.461709091000046],[-123.80882727199997,39.460036364000075],[-123.81136363599995,39.454654545000039],[-123.81436363599994,39.453454545000056],[-123.81321818199996,39.450481818000071],[-123.81687272699997,39.444936364000057],[-123.81273636299994,39.442009091000045],[-123.81634545399999,39.438227273000052],[-123.82047272699998,39.439354545000072],[-123.81619090899994,39.430609091000065],[-123.80947272699996,39.429200000000037],[-123.81064545399994,39.426445454000032],[-123.81935454499995,39.424090909000029],[-123.81318181799998,39.417154545000074],[-123.81637272699999,39.408845454000073],[-123.82223636299994,39.406509091000032],[-123.81926363599996,39.399490909000065],[-123.82140909099996,39.397336364000068],[-123.81649090899998,39.392281818000072],[-123.82049999999998,39.391681818000052],[-123.81769999999995,39.387445454000044],[-123.82097272699997,39.385918182000069],[-123.81999999999999,39.381863636000048],[-123.822327272,39.379990909000071],[-123.81763636299996,39.376736364000067],[-123.82190909099995,39.375727273000052],[-123.82040909099999,39.372600000000034],[-123.82630909099998,39.368709091000028],[-123.81689999999998,39.36169090900006],[-123.82533636299996,39.36081818200006],[-123.82099999999997,39.35370000000006],[-123.82512727199997,39.353036364000047],[-123.82771818199996,39.348436364000065],[-123.82302727199999,39.343809091000026],[-123.82072727199994,39.344045454000025],[-123.82002727199995,39.339627273000076],[-123.81657272699999,39.339236364000044],[-123.81642727199994,39.334654545000035],[-123.81801818199995,39.334318182000061],[-123.81289090899998,39.332072727000025],[-123.81406363599996,39.330672727000035],[-123.81182727199996,39.330336364000061],[-123.81339090899996,39.329809091000072],[-123.81147272699997,39.327563636000036],[-123.80501818199997,39.328790909000077],[-123.80704545399999,39.327336364000075],[-123.80451818199998,39.324727273000065],[-123.80873636299998,39.324381818000063],[-123.80070909099999,39.319354545000067],[-123.80228181799998,39.312700000000063],[-123.80490909099996,39.313618182000027],[-123.81129999999996,39.309600000000046],[-123.81097272699998,39.304745454000056],[-123.80459999999999,39.300890909000032],[-123.80309090899999,39.303372727000067],[-123.79374545399997,39.301536364000071],[-123.79696363599999,39.296290909000049],[-123.79486363599995,39.291845454000054],[-123.79790909099995,39.289990909000039],[-123.80308181799995,39.291745454000079],[-123.80376363599999,39.285936364000065],[-123.80131818199999,39.284145454000054],[-123.80393636299999,39.279118182000047],[-123.79896363599994,39.273281818000044],[-123.79955454499998,39.271518182000079],[-123.79159999999996,39.273318182000025],[-123.78686363599996,39.259663636000028],[-123.78318181799995,39.258400000000051],[-123.78483636299995,39.256890909000049],[-123.78371818199997,39.255127273000028],[-123.78683636299996,39.253045454000073],[-123.78327272699994,39.25233636400003],[-123.77951818199995,39.241309091000062],[-123.77407272699998,39.239709091000066],[-123.77787272699999,39.238472727000044],[-123.77654545399997,39.236754545000053],[-123.78013636299994,39.233390909000036],[-123.77869999999996,39.230781818000025],[-123.76969090899996,39.227900000000034],[-123.77781818199998,39.224445454000033],[-123.76800909099995,39.215654545000064],[-123.77682727199999,39.213845454000079],[-123.76977272699997,39.202036364000037],[-123.77074545399995,39.198927273000038],[-123.77300909099995,39.198627273000056],[-123.77091818199995,39.197045454000033],[-123.77177272699998,39.195036364000032],[-123.75904545399999,39.189990909000073],[-123.75601818199999,39.181454545000065],[-123.75229090899995,39.178545454000073],[-123.75364545399998,39.175963636000063],[-123.74651818199999,39.171818182000038],[-123.74513636299997,39.167445454000074],[-123.73466363599999,39.158254545000034],[-123.73629999999997,39.15335454500007],[-123.73915454499996,39.153990909000072],[-123.73424545399996,39.147427273000062],[-123.73823636299994,39.145000000000039],[-123.73647272699998,39.139554545000067],[-123.7353,39.142209091000041],[-123.73382727199998,39.139809091000075],[-123.73020909099995,39.141727273000072],[-123.72021818199994,39.134800000000041],[-123.72074545399994,39.129718182000033],[-123.71786363599995,39.127836364000075],[-123.71786363599995,39.124590909000062],[-123.72041818199995,39.122681818000046],[-123.71312727199995,39.114600000000053],[-123.71498181799996,39.11369090900007],[-123.71315454499995,39.110254545000032],[-123.71462727199997,39.108490909000068],[-123.70792727199995,39.103872727000066],[-123.70783636299996,39.098672727000064],[-123.71015454499997,39.09770909100007],[-123.70307272699995,39.082490909000057],[-123.70592727199994,39.080063636000034],[-123.70222727199996,39.077754545000062],[-123.70266363599995,39.072881818000042],[-123.69459090899994,39.061281818000054],[-123.69318181799997,39.058054545000061],[-123.69519999999994,39.05629090900004],[-123.69123636299997,39.050790909000057],[-123.69347272699997,39.048254545000077],[-123.69082727199998,39.044254545000058],[-123.69455454499996,39.041827273000024],[-123.69223636299995,39.038709091000044],[-123.69496363599995,39.037336364000055],[-123.68965454499994,39.034063636000042],[-123.69259090899999,39.025209091000079],[-123.69041818199997,39.022890909000068],[-123.70062727199996,38.99668181800007],[-123.71114545399996,38.977318182000033],[-123.72509999999994,38.959709091000036],[-123.73315454499999,38.954790909000053],[-123.73602727199994,38.957672727000045],[-123.73579090899995,38.955381818000035],[-123.73851818199995,38.954509091000034],[-123.74229999999994,38.956209091000062],[-123.73326363599995,38.945036364000032],[-123.73144545399998,38.939500000000066],[-123.72631818199994,38.936363636000067],[-123.72663636299995,38.93073636400004],[-123.72994545399996,38.92961818200007],[-123.72742727199994,38.925354545000062],[-123.72829999999999,38.920027273000073],[-123.72569090899998,38.917345454000042],[-123.72165454499998,38.919009091000078],[-123.71107272699999,38.915636364000079],[-123.71148181799998,38.910372727000038],[-123.70646363599997,38.908627273000036],[-123.70298181799996,38.902036364000026],[-123.68809999999996,38.893590909000068],[-123.68127272699996,38.882609091000063],[-123.65984545399999,38.87252727300006],[-123.65469999999999,38.865636364000068],[-123.65098181799999,38.852245454000069],[-123.64636363599999,38.848054545000025],[-123.64739090899997,38.845472727000072],[-123.64352727199997,38.846181818000048],[-123.64267272699999,38.844009091000032],[-123.63863636299999,38.843863636000037],[-123.63594545399997,38.839790909000044],[-123.62875454499999,38.836654545000044],[-123.62542727199997,38.831272727000055],[-123.61957272699999,38.830309091000061],[-123.61883636299996,38.828000000000031],[-123.61549999999994,38.828781818000039],[-123.60531818199996,38.822763636000047],[-123.59826363599996,38.810727273000055],[-123.60273636299996,38.809281818000045],[-123.60235454499997,38.807527273000062],[-123.59471818199995,38.808390909000025],[-123.58991818199996,38.802309091000041],[-123.58448181799997,38.801072727000076],[-123.58079090899997,38.802972727000054],[-123.57423636299995,38.800045454000042],[-123.56081818199999,38.790200000000027],[-123.56178181799999,38.784663636000062],[-123.55861818199998,38.785718182000039],[-123.54929090899998,38.781918182000027],[-123.54993636299997,38.780063636000079],[-123.54167272699999,38.776590909000049],[-123.54093636299996,38.772190909000074],[-123.53345457599994,38.768405112000039],[-123.52021049599995,38.758593939000036],[-123.51635649699995,38.767788940000059],[-123.50989449599996,38.767392940000036],[-123.50705449599997,38.773536941000032],[-123.49994649499996,38.773845941000047],[-123.49916849599998,38.778331941000033],[-123.49705549499998,38.778608942000062],[-123.36824947599996,38.777070952000031],[-123.36840747999997,38.806644954000035],[-123.13626644699997,38.809140973000069],[-123.13664944999999,38.839452974000039],[-123.08124344199996,38.838410979000059],[-123.08101044399996,38.852442980000035],[-122.82160540599995,38.850145000000055],[-122.82140140599995,38.85792500000008],[-122.84011240899997,38.857997999000077],[-122.84000740999994,38.866029000000026],[-122.85850041299994,38.86585399900008],[-122.85777341399995,38.873265998000079],[-122.87650841699997,38.873134997000079],[-122.87571341699999,38.880841998000051],[-122.89464641999996,38.880836996000028],[-122.89390342199999,38.895528998000032],[-122.91136842399999,38.895175996000035],[-122.91139942499996,38.901533997000058],[-122.94887843099997,38.900224994000041],[-122.94908043399994,38.925446996000062],[-122.96190143599995,38.925515995000069],[-122.96019943599998,38.932473995000066],[-122.96993243799994,38.932667994000042],[-122.96829943999995,38.946510996000029],[-122.97772543999997,38.946697995000079],[-122.97744244599994,38.982904998000038],[-122.98669644599994,38.983013997000057],[-122.98665344899996,38.997287998000047],[-123.00926745199996,38.997168997000074],[-123.00927845099994,38.993181996000033],[-123.01859245299994,38.992960996000079],[-123.01863945299999,38.996617996000055],[-123.02804845499998,38.996597995000059],[-123.02802445599997,39.006500995000067],[-123.03732345699996,39.006501995000065],[-123.03752445799995,39.013701995000076],[-123.04682445899999,39.013800995000054],[-123.04702446099998,39.020900995000034],[-123.05622546199999,39.02110099500004],[-123.05612446499998,39.049899997000068],[-123.06522546699995,39.049999996000054],[-123.06512746899995,39.064397998000061],[-123.08382547199994,39.064498995000065],[-123.08372547299996,39.071798996000041],[-123.09302647399994,39.071998996000048],[-123.09422047499999,39.080528996000055],[-123.09422547699995,39.095298997000043],[-123.08502547499995,39.095298998000032],[-123.08522547799998,39.110097999000061],[-123.08760547799994,39.110081999000045],[-123.08752548199999,39.138397001000044],[-123.07812547999998,39.138745002000064],[-123.07782548399996,39.173796005000042],[-123.04582447999996,39.173497007000037],[-123.04542448099994,39.180595007000079],[-123.04092448099999,39.180696008000041],[-123.04012348199996,39.192495009000027],[-123.03482448099999,39.192396009000049],[-123.03412448099999,39.199695010000028],[-123.02972448099996,39.19959601000005],[-123.02882348199995,39.206794011000056],[-123.02432348099995,39.207094011000038],[-123.02412348199999,39.213694012000076],[-123.02112348199995,39.213694012000076],[-123.02082348199997,39.22069401300007],[-123.01252348099996,39.220994014000041],[-123.01272348399999,39.236193014000037],[-122.99485248099995,39.235929016000057],[-122.99449748299998,39.256762018000074],[-123.00362348399995,39.257392017000029],[-123.00452748799995,39.278192019000073],[-123.01962548999995,39.277991017000033],[-123.01972449599998,39.321790020000037],[-123.02872549699998,39.321790020000037],[-123.02874149899998,39.336589021000066],[-123.03772549999996,39.33619002000006],[-123.03792750399998,39.363890022000078],[-123.04862650599995,39.364089021000041],[-123.04752650699999,39.378589023000075],[-123.05712650899994,39.378689021000071],[-123.05632751299999,39.407588024000063],[-123.07512751499996,39.407688022000059],[-123.07492851899997,39.436587025000051],[-123.07012851799999,39.436487025000076],[-123.07312852099994,39.452687026000035],[-123.06302851899994,39.452487026000028],[-123.06319452599996,39.503544030000057],[-123.04440752299996,39.503590032000034],[-123.04446352399998,39.511205032000078],[-123.02496652199994,39.511186034000048],[-123.02524952199997,39.518714034000027],[-122.93671050899997,39.516401042000041],[-122.93670951199999,39.530718043000036],[-122.89032350399998,39.52901904600003],[-122.88536550999999,39.580113051000069],[-122.88451051399994,39.610766053000077],[-122.89042651699998,39.622921054000074],[-122.89268952899999,39.708903060000068],[-122.91288953199995,39.708728058000077],[-122.91252953599997,39.748170061000053],[-122.93842653999997,39.748117059000037],[-122.93766754699999,39.798161063000066],[-122.94400054899995,39.803086062000034],[-122.94671955299998,39.833474064000029],[-122.95644055599996,39.839216064000027],[-122.96016055699999,39.845168064000063],[-122.95400355799995,39.854690065000057],[-122.95585955899998,39.858536066000056],[-122.95053555899995,39.86847506600003],[-122.95332155999995,39.872846067000069],[-122.94992655999999,39.878818068000044],[-122.94961556199996,39.889712068000051],[-122.94737756199999,39.89241406900004],[-122.94846756399994,39.902295069000047],[-122.95097756399997,39.906113069000071],[-122.94937556399998,39.908150070000033],[-122.92830956099999,39.912547071000063],[-122.92053756099995,39.916492073000029],[-122.92063656299996,39.928935074000037],[-122.91261256199999,39.931489074000069],[-122.90980056199999,39.936390075000077],[-122.91658556299996,39.937335074000032],[-122.92683456599997,39.945076074000042],[-122.92549356899997,39.968872076000025],[-122.93522557199998,39.977161076000073],[-122.93402657199999,39.978136076000055],[-123.54457666099995,39.977020026000048],[-123.54447166499995,40.001928028000066],[-123.74626969399998,40.001827011000046]]]},"properties":{"STATE_COUNTY_FIPS_CD":"06045","COUNTY_NM":"Mendocino","MMG_PCT_OVERALL_FI_RATE":13.8999996,"MMG_YEAR":"2020"}},{"type":"Feature","geometry":{"type":"Polygon","coordinates":[[[-120.05206778199999,37.183113061000029],[-120.05737178299995,37.188030062000053],[-120.06222678499995,37.197989062000033],[-120.06757478599997,37.200494061000029],[-120.09009079199996,37.221475062000025],[-120.10561779499994,37.225031061000038],[-120.14383880299999,37.239197060000038],[-120.17850580999999,37.262425060000055],[-120.18376981199998,37.270497060000025],[-120.18664981299997,37.280285061000029],[-120.18273681399995,37.291410063000058],[-120.18772181599996,37.301077063000037],[-120.20354381999999,37.313326063000034],[-120.21651782499998,37.337341064000043],[-120.24702383499999,37.380221065000057],[-120.25470883699995,37.385411065000028],[-120.26809483999995,37.403842066000038],[-120.27582884399999,37.418841067000074],[-120.28341084499999,37.424368068000035],[-120.28406284599998,37.43252306800008],[-120.27510884499998,37.44071806900007],[-120.27959184899998,37.457952071000079],[-120.29504285299998,37.480017071000077],[-120.30023585399999,37.484295072000066],[-120.29910485499994,37.488842072000068],[-120.31150585799998,37.497233072000029],[-120.31654985899996,37.505489072000046],[-120.31880286199998,37.520815073000051],[-120.38768288499995,37.633369079000033],[-120.83087293599999,37.460184032000029],[-120.88644194299997,37.440185026000051],[-120.98440295299997,37.399371016000032],[-120.99365395299998,37.388042013000074],[-120.99174795299996,37.385008013000061],[-120.99065395299999,37.387542014000076],[-120.98225295199995,37.38564201500003],[-120.98325294999995,37.376441013000033],[-120.97311294899998,37.377600014000052],[-120.97359894799996,37.37424201400006],[-120.97842594899998,37.372140013000035],[-120.97393594799996,37.368074013000069],[-120.98142994899996,37.364928013000053],[-120.97786494799999,37.361616013000059],[-120.97599194599997,37.349329012000055],[-120.964235944,37.345787012000073],[-121.22681696199999,37.134778974000028],[-121.22287596099994,37.131341974000065],[-121.22176695999997,37.125908974000026],[-121.21735195899998,37.123046974000033],[-121.22380095899996,37.115085973000078],[-121.22555095799999,37.106846972000028],[-121.23053895899994,37.10477497200003],[-121.23045195799995,37.096946971000079],[-121.24263095899994,37.09306797000005],[-121.24549695899998,37.089152969000054],[-121.24198995899997,37.085132969000028],[-121.23550595699999,37.086238970000068],[-121.22465095499996,37.078947970000058],[-121.22241695499997,37.073436970000046],[-121.21581195299996,37.069227970000043],[-121.20964995099996,37.068247970000073],[-121.20821095099996,37.061293969000076],[-121.21260395099995,37.055072968000047],[-121.21874795199994,37.057143968000048],[-121.22453095299994,37.056241967000062],[-121.22451995099999,37.03974796600005],[-121.23615095199995,37.036949966000066],[-121.24064695299995,37.03178196500005],[-121.24865995399995,37.033684964000031],[-121.24600195299996,37.02557996400003],[-121.23334994899994,37.011750963000054],[-121.23819894899998,37.009258963000036],[-121.23314994799995,36.999350962000051],[-121.24152994899998,36.997385961000077],[-121.24514994899999,36.99292696100008],[-121.24658094899996,36.985232960000076],[-121.24388994799995,36.980095960000028],[-121.23214094399998,36.968896959000062],[-121.22484594299999,36.967437960000041],[-121.21541894099994,36.961252960000024],[-121.21180693999997,36.957117960000062],[-121.21852093999996,36.947893958000066],[-121.22921794099994,36.941035957000054],[-121.23434493999997,36.92615195500008],[-121.23016393899997,36.921245956000064],[-121.22419793799997,36.919925955000053],[-121.22172593699997,36.910366955000029],[-121.21707093599997,36.913509955000052],[-121.20719393399997,36.911525956000048],[-121.19828693299996,36.914342957000031],[-121.18880893199997,36.91324295700008],[-121.18430993099997,36.908977958000037],[-121.18430992999998,36.896389956000064],[-121.17410092599999,36.88571595600007],[-121.16911092599997,36.884998956000061],[-121.16360092399998,36.869249955000043],[-121.15263892099995,36.86535595600003],[-121.15188591999998,36.858869955000046],[-121.14550591799997,36.847265954000079],[-121.14304191799999,36.846306954000056],[-121.14153591599995,36.836660954000024],[-120.93369487499996,36.75189996000006],[-120.91874387099995,36.740385961000072],[-120.65596285299995,36.952836998000066],[-120.59057884199996,36.952646003000041],[-120.59049584499996,36.98164700500007],[-120.58816184499995,36.981654005000053],[-120.58812784599996,36.985311006000074],[-120.58600784499998,36.985323006000044],[-120.58525584599994,36.990594007000027],[-120.59121284599996,36.992839006000054],[-120.59357684799994,36.997886007000034],[-120.59857684899998,36.998635006000029],[-120.54170884499996,37.044510014000025],[-120.47670483999997,37.096395023000071],[-120.46979183899998,37.094341024000073],[-120.46552083899996,37.097782024000026],[-120.45609683699996,37.100348026000063],[-120.45287083599999,37.098878025000033],[-120.42137083199998,37.109669029000031],[-120.41697983199998,37.108210029000077],[-120.41482783199996,37.110907029000032],[-120.40678982999998,37.110859030000029],[-120.40285082999998,37.11671903000007],[-120.39357382899999,37.121309032000056],[-120.38883982899995,37.120989032000068],[-120.38489882899995,37.124594032000061],[-120.36346882499998,37.119709034000039],[-120.35413082299999,37.123359035000078],[-120.34121682199998,37.124601035000069],[-120.32834481999998,37.131094037000025],[-120.32862481999996,37.133886037000025],[-120.32455681999994,37.136387038000066],[-120.31599681899996,37.137826039000061],[-120.31090381799999,37.141143039000042],[-120.30376981699999,37.141098040000031],[-120.29640581699999,37.149302041000055],[-120.28988481599998,37.152620041000034],[-120.27626481399994,37.151732043000038],[-120.24993680999995,37.157783045000031],[-120.24389380899999,37.157016045000034],[-120.22297780699995,37.163974047000067],[-120.21951580599995,37.162160047000043],[-120.21367580599997,37.164326048000078],[-120.19480680199996,37.163156049000065],[-120.18760679999997,37.160257050000041],[-120.17650179899999,37.162270051000064],[-120.17414179899998,37.165934051000079],[-120.16458879799995,37.162703051000051],[-120.15296679599999,37.166026053000053],[-120.14257579299999,37.164070053000046],[-120.13282379299994,37.167364054000075],[-120.11510078899994,37.165661055000044],[-120.10333978799997,37.167745056000058],[-120.09475578799999,37.172559057000058],[-120.06469078299995,37.177821060000042],[-120.05206778199999,37.183113061000029]]]},"properties":{"STATE_COUNTY_FIPS_CD":"06047","COUNTY_NM":"Merced","MMG_PCT_OVERALL_FI_RATE":13.8999996,"MMG_YEAR":"2020"}},{"type":"Feature","geometry":{"type":"Polygon","coordinates":[[[-120.87949455399996,41.993786402000069],[-121.03526057899995,41.993329389000053],[-121.25111361399996,41.99757537000005],[-121.44755164499998,41.997512352000058],[-121.44746363799999,41.950490348000073],[-121.45722663899994,41.949950348000073],[-121.45719363199998,41.905616344000066],[-121.45693561199994,41.77630733500007],[-121.44899460999994,41.77639733500007],[-121.44973658699996,41.624882324000055],[-121.44871255699996,41.429388309000046],[-121.44661255599999,41.428988310000079],[-121.44650851899996,41.183489291000058],[-121.33179950099998,41.183891301000074],[-119.99987928699994,41.183979415000067],[-119.999181411,41.994545480000056],[-120.87949455399996,41.993786402000069]]]},"properties":{"STATE_COUNTY_FIPS_CD":"06049","COUNTY_NM":"Modoc","MMG_PCT_OVERALL_FI_RATE":13.6000004,"MMG_YEAR":"2020"}},{"type":"Feature","geometry":{"type":"Polygon","coordinates":[[[-119.32841081899994,38.534797239000056],[-119.58544988299997,38.713217236000048],[-119.57953088099998,38.705614236000031],[-119.59185688099996,38.690131233000045],[-119.59147387999997,38.682179233000056],[-119.59622487999997,38.677884232000054],[-119.59933887999995,38.670238231000042],[-119.60744388099999,38.666361230000064],[-119.61467088199998,38.665884230000074],[-119.61314587999999,38.65577722900008],[-119.61687487999995,38.644632227000045],[-119.61494687899994,38.638157227000079],[-119.61824087799999,38.632123226000033],[-119.61665787699997,38.625915226000075],[-119.61946187799998,38.624284226000043],[-119.62052987599998,38.610674224000036],[-119.61907887499996,38.603534224000043],[-119.61254687299999,38.600487224000062],[-119.60887687199994,38.594723224000063],[-119.59982786999996,38.593353224000055],[-119.59555986899994,38.59033822400005],[-119.59603286899994,38.581856223000045],[-119.59155286799995,38.578639223000039],[-119.58931986599998,38.573568223000052],[-119.59053286599999,38.56868322300005],[-119.58690586499995,38.566539223000063],[-119.58737986499995,38.558359222000036],[-119.58431086299998,38.55202322100007],[-119.57940686199998,38.548706221000032],[-119.57412285999999,38.540829221000024],[-119.57100785899996,38.541734222000059],[-119.56806785899994,38.537712221000049],[-119.56688385699999,38.525275221000072],[-119.56095585599996,38.525544221000075],[-119.55878685499999,38.518101221000052],[-119.55622985399998,38.516626220000035],[-119.55922685299998,38.505496219000065],[-119.55752285299997,38.502143219000061],[-119.54287484999998,38.499699220000025],[-119.54538684899995,38.490037219000044],[-119.54234484799997,38.481226218000074],[-119.54608584699997,38.474100217000057],[-119.55624684799994,38.46973921600005],[-119.55899584799994,38.460442215000057],[-119.55643884599999,38.447470214000077],[-119.56265984599997,38.438597212000047],[-119.57002184699996,38.434865212000034],[-119.56606884499996,38.427755211000033],[-119.56580684499994,38.422580211000025],[-119.56137484299995,38.419835211000077],[-119.56304084299995,38.409004210000035],[-119.56962284299999,38.404007209000042],[-119.58080084399995,38.400491208000062],[-119.58370184399996,38.396948207000037],[-119.59242184599998,38.398882207000042],[-119.60122484799996,38.40535920700006],[-119.61152084899999,38.398977205000051],[-119.61582284999997,38.398922205000076],[-119.62210584999997,38.393880204000027],[-119.61844784899995,38.381837203000032],[-119.61478384699996,38.37996120300005],[-119.61351284699998,38.374917203000052],[-119.60663284399999,38.367187203000071],[-119.61704184599995,38.364630202000058],[-119.63558784799994,38.353913200000079],[-119.62792084599999,38.348056199000041],[-119.63208084599995,38.344207198000049],[-119.63186584499999,38.334746198000062],[-119.63505184399997,38.328990198000042],[-119.63921784499996,38.326885197000024],[-119.64518984499995,38.32058319600003],[-119.64477784399998,38.31687519500008],[-119.64236784399998,38.315613196000072],[-119.64436484299995,38.299607194000032],[-119.64249084199997,38.293845194000028],[-119.65152184299995,38.286467192000032],[-119.64283983999997,38.278456192000078],[-119.63777583899997,38.278391192000072],[-119.63020683699995,38.268708192000076],[-119.61321383299997,38.261421193000047],[-119.61294883299996,38.259112193000078],[-119.62042383299996,38.254946192000034],[-119.62170783299996,38.251946191000059],[-119.61402983099998,38.242809191000049],[-119.60490782899996,38.239203191000058],[-119.60419482799995,38.234966191000069],[-119.62443483099997,38.22867818800006],[-119.62351682999997,38.220401188000039],[-119.62668082999994,38.219362188000048],[-119.62543382899997,38.215141188000075],[-119.62711382899994,38.213204187000031],[-119.62503482899996,38.206886187000066],[-119.62636682899995,38.204670187000033],[-119.63093982899994,38.203945186000055],[-119.63268382899997,38.19886318500005],[-119.61949882599998,38.191067186000055],[-119.60565982299994,38.188415186000043],[-119.59833282099999,38.181608186000062],[-119.59227881999999,38.185057187000041],[-119.58563981899999,38.184380188000034],[-119.57860781699998,38.17685818800004],[-119.58136081699996,38.172508187000062],[-119.57650881499995,38.157666186000029],[-119.56666281299999,38.157210186000043],[-119.56385081199994,38.154003187000058],[-119.54695980899999,38.154425188000062],[-119.54551380899994,38.153061188000038],[-119.54796480899995,38.148120187000075],[-119.54683180799998,38.143273187000034],[-119.53117480599997,38.144491188000075],[-119.51553980199998,38.137359188000062],[-119.50650280099995,38.137118189000034],[-119.50518680099998,38.142164190000074],[-119.50779580299996,38.152642190000051],[-119.50294180199995,38.159032192000041],[-119.49650280199995,38.156658192000066],[-119.49697979999996,38.149302191000061],[-119.48913979799994,38.143444191000071],[-119.48853179699995,38.132180190000042],[-119.46946879399997,38.128288191000024],[-119.47285479299995,38.116971190000072],[-119.46209578999998,38.109113190000073],[-119.45746078999997,38.11055519100006],[-119.46451278999996,38.103594189000034],[-119.46370478899996,38.098340189000055],[-119.45981778899994,38.096282188000032],[-119.45439078699997,38.096073189000037],[-119.44935778699994,38.09956819000007],[-119.44588778599996,38.093064189000074],[-119.44048078499998,38.095683190000045],[-119.44157078599994,38.102688191000027],[-119.43055878599995,38.116274192000049],[-119.42396978399995,38.107443192000062],[-119.41263978199999,38.107862193000074],[-119.40251977999998,38.10555619400003],[-119.39703677899996,38.106826194000064],[-119.38989177699995,38.099135194000041],[-119.38286177599997,38.097708194000063],[-119.38023477499996,38.092551194000066],[-119.37456977399995,38.093529195000031],[-119.37106777299999,38.088600194000037],[-119.36507777199995,38.090206195000064],[-119.35713976999995,38.082982195000056],[-119.34985776899998,38.085571196000046],[-119.34593476799995,38.083118195000054],[-119.33585176399998,38.066288194000037],[-119.32793976299996,38.06570819500007],[-119.32422576199997,38.060942196000042],[-119.32265775999997,38.04987019400005],[-119.31120275699999,38.044761194000046],[-119.31063675699994,38.040253195000048],[-119.31396475699995,38.034540193000055],[-119.30887875599996,38.033172194000031],[-119.30460275399997,38.023896193000041],[-119.30816475399996,38.019497193000063],[-119.30704675399994,38.012327192000043],[-119.30990975299994,38.001168191000033],[-119.31840375199999,37.986428189000037],[-119.31470275099997,37.981128188000071],[-119.32260275099998,37.971028187000059],[-119.31460274899996,37.964128187000028],[-119.31310174699996,37.953029186000037],[-119.30840174599996,37.946829186000059],[-119.29590074299995,37.942729186000065],[-119.28789974099999,37.933029186000056],[-119.28059973999996,37.933830187000069],[-119.26399873599996,37.926530187000026],[-119.26569873599999,37.915130186000056],[-119.26389773499994,37.912230185000055],[-119.23449672999999,37.910331188000043],[-119.22669672799998,37.906631187000073],[-119.21989572499996,37.898631188000024],[-119.21079572399998,37.89943118900004],[-119.21069572399995,37.893931188000067],[-119.20769572299997,37.889831188000073],[-119.20079572199995,37.887432188000048],[-119.20079572099996,37.883232187000033],[-119.20639572199997,37.883532187000071],[-119.21409572199997,37.871532185000035],[-119.21259471999997,37.856932184000073],[-119.21689471899998,37.849633183000037],[-119.21549471899999,37.847033183000065],[-119.21049471899994,37.845633183000075],[-119.20179471699998,37.847533184000042],[-119.19619471599998,37.844033184000068],[-119.20689271699996,37.83993218300003],[-119.20399371499997,37.829833182000073],[-119.21329371599995,37.825033181000038],[-119.21689371599996,37.818733181000027],[-119.20499371399995,37.81153418100007],[-119.20129271199994,37.804334180000069],[-119.20329271099996,37.794934179000052],[-119.21529271199995,37.789934177000077],[-119.22129271299997,37.779135176000068],[-119.22919271399996,37.777635175000057],[-119.23079271399996,37.774435175000065],[-119.23659271399998,37.773635174000049],[-119.24309271499999,37.769135174000041],[-119.25019271499997,37.757448172000068],[-119.25499371599994,37.756334171000049],[-119.25589171499996,37.74503517100004],[-119.26119171499994,37.741035170000032],[-119.26899171599996,37.73923516900004],[-119.26409171399996,37.732936169000027],[-119.26119171399995,37.732736169000077],[-119.25789071199995,37.724636169000064],[-119.25099071199998,37.730165169000031],[-119.24305770999996,37.728552170000057],[-119.23064270699996,37.720959170000071],[-119.23000470699998,37.717411170000048],[-119.21634570399999,37.714128170000038],[-119.19974070399996,37.735840173000042],[-119.19253170299999,37.737957175000076],[-119.18571070099995,37.736672174000034],[-119.18375170199994,37.73950917500008],[-119.17711569999994,37.73478117500008],[-119.16908369899994,37.738364176000061],[-119.16408769799995,37.736128176000079],[-119.15734569699998,37.736534177000067],[-119.14960569599998,37.732900177000033],[-119.14078669399998,37.733256178000033],[-119.13804469399997,37.736131178000051],[-119.13266569199999,37.733934178000027],[-119.12756569199996,37.734687178000058],[-119.11445868899995,37.728200179000055],[-119.10182668599998,37.716200178000065],[-119.09313868199996,37.703632178000078],[-119.08806568099999,37.702679179000029],[-119.08257367999994,37.696550178000052],[-119.07336467799996,37.692891178000025],[-119.07288467799998,37.690183178000041],[-119.06517867599996,37.68456117900007],[-119.05956067299996,37.665383177000024],[-119.06141267199996,37.657839176000039],[-119.05434367099997,37.651189176000059],[-119.05463066999999,37.645140175000051],[-119.04533066699997,37.637051175000067],[-119.03257766499996,37.630540176000068],[-119.03079766299999,37.622236174000079],[-119.03437766099995,37.603541173000053],[-119.02697665999995,37.59574217200003],[-119.02237565799999,37.585742172000039],[-119.00827465399999,37.577542172000051],[-119.00227465299997,37.571142171000076],[-118.99057365099998,37.567142173000036],[-118.98487364899995,37.567342172000053],[-118.97997364799994,37.563242173000049],[-118.97697264699997,37.556842172000074],[-118.97247364699996,37.559442172000047],[-118.96407364399994,37.558142173000078],[-118.95977364499998,37.563142174000063],[-118.95637364399994,37.56274217400005],[-118.95267364399996,37.56584117500006],[-118.94267364199999,37.562141175000079],[-118.93897264099996,37.554441175000079],[-118.93437263899995,37.553341175000071],[-118.92967263799994,37.548941175000039],[-118.91707263699999,37.550341176000074],[-118.90977163399998,37.539341175000061],[-118.90117163099995,37.531241176000037],[-118.90187163099995,37.526041174000056],[-118.89107162899995,37.525341175000051],[-118.88747162799996,37.52104117500005],[-118.88367062699996,37.520141176000038],[-118.88167062599996,37.510341174000075],[-118.86747062299997,37.507140175000075],[-118.86077062199996,37.501540176000049],[-118.85606161799996,37.478400173000068],[-118.84977261699999,37.475865173000045],[-118.84191361599994,37.480900174000055],[-118.83603361499996,37.482522175000042],[-118.83280761399999,37.480199175000052],[-118.81553861199995,37.48781217700008],[-118.81029661099996,37.486050177000038],[-118.80428661099995,37.488944177000064],[-118.79710960899996,37.488717178000059],[-118.78605860699997,37.478686178000032],[-118.78506560599999,37.473889177000046],[-118.77790360399996,37.469370178000077],[-118.77502660199997,37.463057177000053],[-118.20399850599995,37.462648218000027],[-117.83273844399997,37.464934244000062],[-118.42815659299998,37.89622524400005],[-118.71421366499999,38.102110244000073],[-119.15699077599999,38.414751241000033],[-119.32841081899994,38.534797239000056]]]},"properties":{"STATE_COUNTY_FIPS_CD":"06051","COUNTY_NM":"Mono","MMG_PCT_OVERALL_FI_RATE":10.6999998,"MMG_YEAR":"2020"}},{"type":"Feature","geometry":{"type":"Polygon","coordinates":[[[-121.64401399999997,36.894000924000068],[-121.64601000099998,36.895559924000054],[-121.64616800099998,36.902563925000038],[-121.65005900099999,36.900222925000037],[-121.65292100199997,36.901732924000044],[-121.65230400299998,36.90952392500003],[-121.65774200399994,36.913778925000031],[-121.66732300499996,36.912218925000047],[-121.68063400599999,36.903289922000056],[-121.68631300799996,36.907855922000067],[-121.69745400999994,36.911611922000077],[-121.70233700999995,36.908179922000045],[-121.70554201099998,36.909507922000046],[-121.70680801099996,36.911200922000035],[-121.69847400999998,36.916742923000072],[-121.69996901099995,36.919687923000026],[-121.70682201099999,36.915132922000055],[-121.71001101199994,36.915308921000076],[-121.71468301199997,36.908815921000041],[-121.72654601499994,36.914254920000076],[-121.73485701499999,36.908746920000056],[-121.74606701699997,36.90891491900004],[-121.75730401799996,36.900312917000065],[-121.76507201699997,36.888274915000068],[-121.76954401799998,36.885079915000063],[-121.77746901899997,36.883216914000059],[-121.78378101999999,36.885889914000074],[-121.78738401999999,36.884704913000064],[-121.80318602099999,36.868801911000048],[-121.80066401899995,36.857953910000049],[-121.80999180799995,36.850820413000065],[-121.79154545399996,36.815181818000042],[-121.78830909099997,36.804009091000069],[-121.80563636299996,36.750727273000052],[-121.80707272699999,36.714154545000042],[-121.81449999999995,36.682745454000042],[-121.83110909099997,36.646272727000053],[-121.85776363599996,36.611763636000035],[-121.87138181799997,36.604545454000061],[-121.88674545399999,36.601454545000024],[-121.88905454499996,36.601754545000063],[-121.88928181799997,36.606227273000059],[-121.89006363599998,36.601863636000076],[-121.89286363599996,36.603463636000072],[-121.89195454499998,36.60534545400003],[-121.89329999999995,36.604045454000072],[-121.89507272699996,36.609000000000037],[-121.88895454499999,36.608854545000042],[-121.89601818199998,36.610718182000028],[-121.90378181799997,36.621763636000026],[-121.91386363599997,36.623163636000072],[-121.91607272699997,36.62537272700007],[-121.91496363599998,36.626972727000066],[-121.92039090899999,36.628090909000036],[-121.92382727199998,36.634554545000071],[-121.93643636299998,36.636745454000049],[-121.93855454499999,36.63390000000004],[-121.93807272699996,36.627254545000028],[-121.94027272699998,36.626954545000046],[-121.94323636299998,36.616127273000075],[-121.94938181799995,36.610109091000027],[-121.95910909099996,36.609172727000043],[-121.96253636299997,36.59938181800004],[-121.96169999999995,36.595054545000039],[-121.96543636299998,36.591290909000065],[-121.96383636299998,36.589418182000031],[-121.96642727199998,36.584709091000036],[-121.96871818199998,36.582663636000063],[-121.97442727199996,36.583581818000027],[-121.97543636299997,36.580309091000061],[-121.97871818199997,36.581490909000024],[-121.97229999999996,36.57540909100004],[-121.97346363599996,36.57427272700005],[-121.97059999999999,36.572081818000072],[-121.97100909099998,36.569945454000049],[-121.96509090899997,36.569090909000067],[-121.95237272699995,36.561018182000055],[-121.94966363599997,36.567600000000027],[-121.94512727199998,36.565009091000036],[-121.94080909099995,36.565809091000062],[-121.93928181799998,36.563418182000078],[-121.94059999999996,36.561254545000054],[-121.93530909099997,36.562100000000044],[-121.93079090899994,36.554963636000025],[-121.92980909099998,36.546063636000042],[-121.93365454499997,36.543536364000033],[-121.93295454499997,36.540181818000065],[-121.92846363599995,36.537209091000079],[-121.92593636299995,36.52517272700004],[-121.93401818199999,36.522418182000024],[-121.93682727199996,36.523690909000038],[-121.938490909,36.518881818000068],[-121.94207272699998,36.522063636000041],[-121.94446363599997,36.520663636000052],[-121.94753636299998,36.524000000000058],[-121.94979090899994,36.521145454000077],[-121.95292727199995,36.524254545000076],[-121.95446363599996,36.521863636000035],[-121.95130909099998,36.519645454000056],[-121.95450909099998,36.51862727300005],[-121.94219999999996,36.511800000000051],[-121.94229090899995,36.506872727000029],[-121.93798181799997,36.504990909000071],[-121.93836363599996,36.501163636000058],[-121.94019090899997,36.500972727000033],[-121.93700909099999,36.498036364000029],[-121.94624545399995,36.490418182000042],[-121.94463636299997,36.490572727000028],[-121.94437272699997,36.487690909000037],[-121.94349999999997,36.489863636000052],[-121.94165454499995,36.489090909000026],[-121.93709090899995,36.471981818000074],[-121.92997272699995,36.466445454000052],[-121.92580909099996,36.45982727300003],[-121.92532727199995,36.45414545400007],[-121.93014545399996,36.453227273000039],[-121.92949999999996,36.447236364000048],[-121.92722727199998,36.448281818000055],[-121.91901818199995,36.430536364000034],[-121.91473636299997,36.425890909000032],[-121.91766363599999,36.416872727000055],[-121.91482727199997,36.412518182000042],[-121.91718181799996,36.411145454000064],[-121.91248181799995,36.406409091000057],[-121.91466363599994,36.403109091000033],[-121.90610909099996,36.398618182000064],[-121.90319090899999,36.393600000000049],[-121.90577272699994,36.390945454000075],[-121.90155454499995,36.385936364000031],[-121.90299999999996,36.385063636000041],[-121.90181818199994,36.381581818000029],[-121.90586363599999,36.374272727000061],[-121.90801818199998,36.374254545000042],[-121.90728181799994,36.372054545000026],[-121.90319999999997,36.371318182000039],[-121.90267272699998,36.363900000000058],[-121.90725454499994,36.356600000000071],[-121.89902727199996,36.349518182000054],[-121.89291818199996,36.340427273000046],[-121.89671818199997,36.327281818000074],[-121.89490909099999,36.325481818000071],[-121.89514545399999,36.315863636000074],[-121.89959090899998,36.307000000000073],[-121.90272727199999,36.306109091000053],[-121.89981818199999,36.302900000000079],[-121.89649999999995,36.305209091000052],[-121.88651818199997,36.302118182000072],[-121.88061818199998,36.294009091000078],[-121.86339090899997,36.281009091000044],[-121.85689090899996,36.280854545000068],[-121.85196363599999,36.277827273000071],[-121.83714545399999,36.256381818000079],[-121.83578181799999,36.250745454000025],[-121.83779090899998,36.249145454000029],[-121.82973636299999,36.246854545000076],[-121.82642727199999,36.241863636000062],[-121.81955454499996,36.241127273000075],[-121.81108181799999,36.233390909000036],[-121.79706363599996,36.234209091000025],[-121.78669090899996,36.228345454000078],[-121.77985454499998,36.227409091000027],[-121.75375454499999,36.21100000000007],[-121.74599999999998,36.210045454000067],[-121.73845454499997,36.204072727000039],[-121.71717272699999,36.195145454000055],[-121.71533636299995,36.191709091000064],[-121.70892727199998,36.188390909000077],[-121.70801818199999,36.185054545000071],[-121.70146363599997,36.181072727000071],[-121.69852727199998,36.174836364000043],[-121.67577272699998,36.163463636000074],[-121.67472727199998,36.159681818000024],[-121.67173636299998,36.158427273000029],[-121.67384545399995,36.157554545000039],[-121.65959999999995,36.146563636000053],[-121.64989090899996,36.13652727300007],[-121.64500909099996,36.127845454000067],[-121.62963636299997,36.114454545000058],[-121.62573636299999,36.107500000000073],[-121.62679090899996,36.105590909000057],[-121.62200909099994,36.09969090900006],[-121.61906363599996,36.086481818000038],[-121.60845454499997,36.076281818000041],[-121.60684545399999,36.072063636000053],[-121.59285454499997,36.065063636000048],[-121.59259999999995,36.056590909000079],[-121.58918181799999,36.05377272700008],[-121.59143636299996,36.049263636000035],[-121.58209999999997,36.040745454000046],[-121.57349999999997,36.023645454000075],[-121.56755454499995,36.019754545000069],[-121.55371818199995,36.019800000000032],[-121.53074545399994,36.013981818000047],[-121.51968181799998,36.007309091000025],[-121.51159090899995,36.006600000000049],[-121.50104545399995,35.997690909000028],[-121.48619999999994,35.970345454000039],[-121.48319999999995,35.949354545000062],[-121.47973636299997,35.948163636000061],[-121.48016363599999,35.943354545000034],[-121.47539999999998,35.936536364000062],[-121.47705454499999,35.935000000000059],[-121.47497272699997,35.932118182000067],[-121.47666363599996,35.930900000000065],[-121.46869090899997,35.926718182000059],[-121.46880909099997,35.922390909000057],[-121.47474545399996,35.919981818000053],[-121.47187272699995,35.917672727000024],[-121.47282727199996,35.914600000000064],[-121.46317272699997,35.903772727000046],[-121.46530909099999,35.900109091000047],[-121.46108181799997,35.896172727000078],[-121.46169999999995,35.891209091000064],[-121.46490909099998,35.888454545000059],[-121.46169999999995,35.887563636000039],[-121.45950909099997,35.882981818000076],[-121.45275454499995,35.880054545000064],[-121.44653636299995,35.871918182000059],[-121.43958181799997,35.866954545000056],[-121.42551818199996,35.859254545000056],[-121.41314545399996,35.855318182000076],[-121.40682727199999,35.844627273000071],[-121.39052727199999,35.825681818000078],[-121.37349999999998,35.814800000000048],[-121.37309999999997,35.81176363600008],[-121.36272727199997,35.808445454000037],[-121.34732714399996,35.795192390000068],[-120.21399166399999,35.789280917000042],[-120.21579666499997,35.790056918000062],[-120.21485866499995,35.79518691800007],[-120.21786666599996,35.80219691800005],[-120.21656366599996,35.803646919000073],[-120.21944466699995,35.806029918000036],[-120.21789866699999,35.811607919000039],[-120.21991866699994,35.818919920000042],[-120.22983566999994,35.821016919000044],[-120.23892767199999,35.825755919000073],[-120.24454667299995,35.823992918000044],[-120.24984867399996,35.82994091900008],[-120.25510067499999,35.842584920000036],[-120.25931467599997,35.845057920000045],[-120.25750967699997,35.851877921000039],[-120.25501767699996,35.852994921000061],[-120.25626867799997,35.855428921000055],[-120.25030467599998,35.857859922000046],[-120.24600067599999,35.864139923000039],[-120.24025867499995,35.865932923000059],[-120.24522667699995,35.873123923000037],[-120.24328767699996,35.877673924000078],[-120.27694668499998,35.906467924000026],[-120.31508069199998,35.907190922000041],[-120.32292869299999,35.907822922000037],[-120.32600269399995,35.913129922000053],[-120.33230169499996,35.915527922000024],[-120.33209969499995,35.918798922000065],[-120.33672369699997,35.923649922000038],[-120.33589569699996,35.937094924000064],[-120.34584169999999,35.944856924000078],[-120.34965670099996,35.944067923000034],[-120.35652570299999,35.948061923000068],[-120.35754270299998,35.955553924000071],[-120.36250470399995,35.959413924000046],[-120.36041470399999,35.964422924000075],[-120.38888070899998,35.969263923000028],[-120.39401770999996,35.96787792300006],[-120.40855571399999,35.975966923000044],[-120.43437371699997,35.969448921000037],[-120.43818671799994,35.977765921000071],[-120.44909972099998,35.985116921000042],[-120.44971272099997,35.988436921000073],[-120.45986272299996,35.993486921000056],[-120.46862172499999,35.994351921000032],[-120.47740372599998,36.00082892100005],[-120.48046272699997,36.005932921000067],[-120.47931672799996,36.010670922000031],[-120.48622872899995,36.011182921000056],[-120.48833872999995,36.014883921000035],[-120.50045873199997,36.022234921000063],[-120.50487573299995,36.020362921000071],[-120.50835573299997,36.021585920000064],[-120.50839773399997,36.024199921000047],[-120.51094773399996,36.022077920000072],[-120.51758073499997,36.027548920000072],[-120.51976073599997,36.026683921000028],[-120.52002173499994,36.020889920000059],[-120.52980873699994,36.024285920000068],[-120.52700673799995,36.035713921000024],[-120.52941373799996,36.034299920000024],[-120.54042173999994,36.036668920000068],[-120.54542074099999,36.04612792100005],[-120.56666174599997,36.052936920000036],[-120.58460474999998,36.066193920000046],[-120.58787874999996,36.066632919000028],[-120.59610075299997,36.078223920000028],[-120.59318575299994,36.088534921000075],[-120.58980875299994,36.089609922000079],[-120.59937875599996,36.100882922000039],[-120.60803175699999,36.102701922000051],[-120.60868575699999,36.099323921000064],[-120.61237475699994,36.099057921000053],[-120.61166275699998,36.095638921000045],[-120.61426175699995,36.095074921000048],[-120.62668975899999,36.097147920000054],[-120.63361476099999,36.103329921000068],[-120.63537176099999,36.101016920000063],[-120.64190776299995,36.101276920000032],[-120.64612076399999,36.104749920000074],[-120.64879676499999,36.107994919000078],[-120.64543576499995,36.116203920000032],[-120.65321576599996,36.118819920000078],[-120.65423376699999,36.122710921000078],[-120.65253076599998,36.125185921000025],[-120.65647376799996,36.132592921000025],[-120.66756376999996,36.138061922000077],[-120.66426976999998,36.141365922000034],[-120.66471776999998,36.147277922000058],[-120.66799777199998,36.16057892300006],[-120.67204777299997,36.164275923000048],[-120.66426077299997,36.165655924000077],[-120.66306977299996,36.171162924000043],[-120.64994976999998,36.16801192500003],[-120.65199677099997,36.174093926000069],[-120.64886477099998,36.179427926000074],[-120.64473877099999,36.179156926000076],[-120.64495877099995,36.183721927000079],[-120.64237877099998,36.185919928000033],[-120.63922577099999,36.196471928000051],[-120.62692276999996,36.203231930000072],[-120.63883177399998,36.214980930000024],[-120.64100377399996,36.21981093100004],[-120.64927777599996,36.223956930000043],[-120.65170377699997,36.230663931000038],[-120.66692877999998,36.236001930000043],[-120.67091078099998,36.241861931000074],[-120.67975378299997,36.246669930000053],[-120.68148378299998,36.251982931000043],[-120.67296778299999,36.257683932000077],[-120.67988178499996,36.26528593300003],[-120.68043778499998,36.267068932000029],[-120.67859478499997,36.267323932000068],[-120.68241878599997,36.271963932000062],[-120.68851078699998,36.272187933000055],[-120.70196778999997,36.286161933000074],[-120.70769179199999,36.285762933000058],[-120.71689379399999,36.292451933000052],[-120.72259679399997,36.292660932000047],[-120.72558179499998,36.297299932000044],[-120.74666679999996,36.310238932000061],[-120.75294880099995,36.307800932000077],[-120.75835280199999,36.308608931000038],[-120.74312679899998,36.298063931000058],[-120.73830179599997,36.288255931000037],[-120.73385979499994,36.284200931000044],[-120.73212079399997,36.275469930000042],[-120.72482579199999,36.270324929000026],[-120.72431579199997,36.266908930000056],[-120.71770878999996,36.260016929000074],[-120.71187078699995,36.239105928000072],[-120.70744178499996,36.231789927000079],[-120.70486878299999,36.211675926000055],[-120.70613378199999,36.203734925000049],[-120.71168678299995,36.198455924000029],[-120.71818178399997,36.196852923000051],[-120.72451978599997,36.201301924000063],[-120.73075578699996,36.201617923000072],[-120.73180778699998,36.20396392300006],[-120.74440178799995,36.19878192200008],[-120.75276878999995,36.199542921000045],[-120.75586978999996,36.20334592200004],[-120.75833079099999,36.201978921000034],[-120.76130579099998,36.203392922000035],[-120.76380279199998,36.209089921000043],[-120.76698179299996,36.21005892200003],[-120.76532479299999,36.213485922000075],[-120.76849079399994,36.213920922000057],[-120.77234379399999,36.220179922000057],[-120.78128579699995,36.222445922000077],[-120.78326179799996,36.229186922000054],[-120.78901079899998,36.230539922000048],[-120.78929479899995,36.235005923000074],[-120.79911280099998,36.235524922000025],[-120.80212980099998,36.237755922000076],[-120.80075980099997,36.24028792200005],[-120.80548580199996,36.240172922000056],[-120.80735080199997,36.243792922000068],[-120.81217880399998,36.24519992200004],[-120.81078680399997,36.251706922000039],[-120.81358080399997,36.250201922000031],[-120.81436080499998,36.253184922000059],[-120.82031580499995,36.253793922000057],[-120.82351780599998,36.257254922000072],[-120.82599980699996,36.254459922000024],[-120.82565480699998,36.257792922000078],[-120.82932380799997,36.25716592200007],[-120.82817780699997,36.258594922000043],[-120.83286480799995,36.259214922000069],[-120.83351680899995,36.262422922000042],[-120.83679280999996,36.262361922000025],[-120.83622480999998,36.265564922000067],[-120.83938780999995,36.270848923000074],[-120.83687780999998,36.272057923000034],[-120.83959181099999,36.272886922000055],[-120.83994481099995,36.276182923000079],[-120.84503481199999,36.280894922000073],[-120.85091881299996,36.282562923000057],[-120.85142881399997,36.285874923000051],[-120.85646281499999,36.284736922000036],[-120.85989281599996,36.290459923000071],[-120.86248481599995,36.28983792300005],[-120.86509281599996,36.292582923000055],[-120.87414681799999,36.295232922000025],[-120.88412781899996,36.294144921000054],[-120.88954582099996,36.290340921000052],[-120.89903182299997,36.300759921000065],[-120.91907082699998,36.310867921000067],[-120.92556682699995,36.308079920000068],[-120.92605182699998,36.301464920000058],[-120.93311682799998,36.299772918000031],[-120.93652382799996,36.294004918000041],[-120.93458682699998,36.28933691800006],[-120.94122582799997,36.286604917000034],[-120.93924982799996,36.28523291700003],[-120.94012682699997,36.282303917000036],[-120.95344482899998,36.27471091600006],[-120.95666782999996,36.275978915000053],[-120.95932282999996,36.280845915000043],[-120.96437683099998,36.280509915000039],[-120.96451383099998,36.282657915000073],[-120.97379983299999,36.290324915000042],[-120.97897683399998,36.290037915000028],[-120.98581283499999,36.292941915000029],[-120.98507283499998,36.290213915000038],[-120.98807983499995,36.285230914000067],[-120.98709883399999,36.275745913000037],[-120.99242783399995,36.269925912000076],[-121.00018283499998,36.270811912000056],[-121.00470083599998,36.267045911000025],[-121.01047083699996,36.26885191100007],[-121.01176983699997,36.264534910000066],[-121.01442383699998,36.268668910000031],[-121.01884883699995,36.259661909000044],[-121.02235483799996,36.261478909000061],[-121.02733483899999,36.259947909000061],[-121.02619283899998,36.263155909000034],[-121.02863283899995,36.26980190900008],[-121.02554483999995,36.271351910000078],[-121.02745583999996,36.275291910000078],[-121.03629684099997,36.275459910000052],[-121.03614184099996,36.272909910000067],[-121.04031484099994,36.271062909000079],[-121.04080984699999,36.323973913000032],[-121.19347788399995,36.445755915000063],[-121.19793188499995,36.451720915000067],[-121.19768288499995,36.455069915000024],[-121.20983588799999,36.464808916000038],[-121.21509788999998,36.473207916000035],[-121.22236889099997,36.473845915000027],[-121.22547789099997,36.471996915000034],[-121.22952389199997,36.475281915000039],[-121.23048489299998,36.478561916000046],[-121.22801589299996,36.480458915000042],[-121.22812089299998,36.484603916000026],[-121.23259089399994,36.489050916000053],[-121.23083389399994,36.491725917000053],[-121.23687789499996,36.497627917000045],[-121.23930789599996,36.504786917000047],[-121.24723089799994,36.506875917000059],[-121.25489489899996,36.503515916000026],[-121.25961189899999,36.504468916000064],[-121.26897190099999,36.501973915000065],[-121.28200590299997,36.502710914000033],[-121.28497590399996,36.505701914000042],[-121.29406890499996,36.506239913000059],[-121.29715890499995,36.503940913000065],[-121.30148890599997,36.505542913000056],[-121.30824790599996,36.499396912000066],[-121.31125390699998,36.501917912000067],[-121.31065990799999,36.50927891200007],[-121.30677490799997,36.512178913000071],[-121.30720190799997,36.51681691400006],[-121.30324290799996,36.518144914000061],[-121.29537490699994,36.527133915000036],[-121.29678490799995,36.53231691600007],[-121.30157290999995,36.539247916000079],[-121.30787991099999,36.543331916000056],[-121.30795791099996,36.545571916000029],[-121.31348891299996,36.549921916000073],[-121.31650791299995,36.549518916000068],[-121.32915491499995,36.555447916000048],[-121.32869591599996,36.561129916000027],[-121.33202891699995,36.562164916000029],[-121.33113891799997,36.570006916000068],[-121.33393291799996,36.574408917000028],[-121.32353591699996,36.577558918000079],[-121.32736291799995,36.585890919000065],[-121.32423791799999,36.58844091900005],[-121.32379391999996,36.602371920000053],[-121.31872391899998,36.604858921000073],[-121.31838591999997,36.610030921000032],[-121.33258692299995,36.620607922000033],[-121.34210192499995,36.631358921000071],[-121.34349292599995,36.63541992200004],[-121.34163692599998,36.638342922000049],[-121.34660292799998,36.64315692200006],[-121.34948292799999,36.643305922000025],[-121.35010492899994,36.648361923000039],[-121.35298192899995,36.647877922000077],[-121.36626093199999,36.656614922000074],[-121.37834693399998,36.652865921000057],[-121.39387493599997,36.654869920000067],[-121.39663993699997,36.65689492000007],[-121.40700593799994,36.656039920000069],[-121.41554794099994,36.673062920000064],[-121.42387194199995,36.674339919000033],[-121.43158394399995,36.678732920000073],[-121.44434594599994,36.673152918000028],[-121.44954294699994,36.678765919000057],[-121.45711494899996,36.682132918000036],[-121.45897494899998,36.685724919000052],[-121.46903595099997,36.685438917000056],[-121.46920495099999,36.690476918000059],[-121.47749295399996,36.703022919000034],[-121.48172095499996,36.704598919000034],[-121.48049895499997,36.706544919000066],[-121.48452095699997,36.713066920000074],[-121.48338095599996,36.71550392000006],[-121.46129795299998,36.71767292100003],[-121.45308495199998,36.721202922000032],[-121.45135295199998,36.72479792200005],[-121.45265895299997,36.729213923000032],[-121.45923195399996,36.734277923000036],[-121.45740195399998,36.736762924000061],[-121.46018095499994,36.737265923000052],[-121.46238095599995,36.743855924000059],[-121.47172795799997,36.745543923000071],[-121.47566395899997,36.749214923000068],[-121.47667595899998,36.753419923000024],[-121.47438095899997,36.756676923000043],[-121.48153596199995,36.765451924000047],[-121.50243996399996,36.76020492300006],[-121.50402396299995,36.757209922000072],[-121.59771098599998,36.837354922000031],[-121.62210199199995,36.84620792100003],[-121.64257799799998,36.873704922000059],[-121.64129699699998,36.879830923000043],[-121.64401399999997,36.894000924000068]]]},"properties":{"STATE_COUNTY_FIPS_CD":"06053","COUNTY_NM":"Monterey","MMG_PCT_OVERALL_FI_RATE":10.1999998,"MMG_YEAR":"2020"}},{"type":"Feature","geometry":{"type":"Polygon","coordinates":[[[-122.10329425599997,38.51335302800004],[-122.11274425899995,38.526632028000051],[-122.11165625899997,38.530647029000079],[-122.11519225999996,38.534391029000062],[-122.11404025999997,38.537895030000072],[-122.12909626799996,38.580903032000037],[-122.12900026899996,38.586998033000043],[-122.13940127299998,38.609174034000034],[-122.14442527399996,38.612214033000043],[-122.15148127699996,38.625254034000079],[-122.16093727699996,38.619302032000064],[-122.16597827799995,38.617686032000051],[-122.16836227899995,38.619302032000064],[-122.17039427999998,38.629830032000029],[-122.16255327999994,38.632694033000064],[-122.16119327899997,38.635382034000031],[-122.16596228099996,38.640262033000056],[-122.16231428099996,38.643845035000027],[-122.16713028299995,38.653669035000064],[-122.17613728499998,38.658741035000048],[-122.18325828599995,38.657141034000063],[-122.19194628699995,38.663317033000055],[-122.20343529099995,38.677189034000037],[-122.19973929199995,38.683317035000073],[-122.20455529299994,38.691477035000048],[-122.20839529399996,38.695589035000069],[-122.21258729499999,38.69595703400006],[-122.21383529499997,38.693413034000059],[-122.22060329599998,38.695365034000076],[-122.22421929699999,38.699989034000055],[-122.22305129699998,38.70451603500004],[-122.22842830099995,38.720628035000061],[-122.22503529999994,38.721540036000079],[-122.22654030099994,38.727012036000076],[-122.23082830199996,38.730788036000035],[-122.23514830399995,38.740228036000076],[-122.24150030499999,38.743156036000073],[-122.25012430799995,38.755267036000077],[-122.25306831099999,38.772691038000062],[-122.25609231199996,38.78221103900006],[-122.26007631399995,38.786834038000052],[-122.25927631399998,38.789522039000076],[-122.27399631799994,38.809442039000032],[-122.27662031999995,38.81862503900004],[-122.28266832199995,38.826481039000043],[-122.28801132399997,38.839936041000044],[-122.30186832699997,38.839617039000075],[-122.30302032699996,38.842401039000038],[-122.31537232799997,38.839473038000051],[-122.32406033099994,38.846257038000033],[-122.32977233099996,38.842369038000072],[-122.34209333299998,38.842081037000071],[-122.34998133399995,38.835761036000065],[-122.38519734099998,38.852480034000052],[-122.39506934399998,38.864250034000065],[-122.40389934399997,38.855605033000074],[-122.38200133799995,38.833805033000033],[-122.37350133499996,38.817005032000054],[-122.37940133299998,38.802106030000061],[-122.39800233599999,38.80400602900005],[-122.41230233599998,38.785806026000046],[-122.41010233599997,38.785506027000054],[-122.40900233399998,38.776306026000043],[-122.40290233299999,38.772907026000041],[-122.41580233399998,38.768007025000031],[-122.46390333399995,38.705208016000029],[-122.62740935399995,38.667511000000047],[-122.62370935199999,38.664311000000055],[-122.62420935099999,38.649811000000057],[-122.63410935099995,38.636911997000027],[-122.63300934999995,38.627611997000031],[-122.63010934899995,38.626811997000061],[-122.62830634799997,38.623042997000027],[-122.63360134799996,38.619868996000037],[-122.63346434799996,38.616191996000055],[-122.63956734799996,38.611666996000054],[-122.63915534799997,38.609271995000029],[-122.64643434799996,38.598597994000045],[-122.63050734299998,38.579012993000049],[-122.63184534199996,38.569371992000072],[-122.62693234099999,38.57014199300005],[-122.62278234099995,38.567829993000032],[-122.62029433999999,38.565334993000079],[-122.62085933999998,38.560321993000059],[-122.60329533599997,38.558788994000054],[-122.60024133599995,38.55566099400005],[-122.58766933399994,38.552607994000027],[-122.57401232999996,38.540363995000064],[-122.56986232799994,38.529995994000046],[-122.56664232799994,38.528629995000074],[-122.56665732699997,38.525547994000078],[-122.55369032499999,38.525995995000073],[-122.55063632399998,38.522136995000039],[-122.54390632299999,38.51997099600004],[-122.54531132299996,38.516460995000045],[-122.54238032199999,38.513202995000029],[-122.54882032299997,38.511631994000027],[-122.54554032199997,38.506802994000054],[-122.54317332099998,38.507497994000062],[-122.54125132099995,38.504178994000029],[-122.53550431899998,38.50173099400007],[-122.53821431899996,38.497906994000061],[-122.54287231999996,38.498873993000075],[-122.54474631999994,38.495679993000067],[-122.53656631699999,38.482807993000051],[-122.53140931599995,38.478543993000073],[-122.52960531499997,38.469613992000063],[-122.51625731199999,38.470876993000047],[-122.50583531099994,38.464497994000055],[-122.51000531099999,38.462314993000064],[-122.50920530999997,38.457714993000025],[-122.49370430799996,38.456514994000031],[-122.48300430599994,38.452714994000075],[-122.47996830399995,38.448730995000062],[-122.48001630399995,38.443034994000072],[-122.48552030399998,38.43748299300006],[-122.48712030299998,38.431722993000051],[-122.49140430499995,38.434414993000075],[-122.49760530399999,38.42451499100008],[-122.47560429899994,38.409115992000068],[-122.47540329799995,38.406515991000049],[-122.47060429699997,38.404915991000053],[-122.46810429699997,38.400015992000078],[-122.47020429699995,38.397515991000034],[-122.46590429499997,38.390415991000054],[-122.44790329099999,38.379316991000053],[-122.45000329099997,38.374916991000077],[-122.45712829099995,38.370552989000032],[-122.45760129099995,38.367226990000063],[-122.44720928899994,38.359039990000042],[-122.44028128699995,38.358482990000027],[-122.43086728499998,38.352158991000067],[-122.42152728299999,38.339517990000047],[-122.41730228199998,38.339717991000043],[-122.41757528199997,38.338014990000033],[-122.41205228099994,38.334298990000036],[-122.41374527999994,38.330697990000033],[-122.40959527899997,38.325738989000058],[-122.40935127799997,38.32088698900003],[-122.40541427799997,38.322122990000025],[-122.39462527399996,38.304728989000068],[-122.40129427499994,38.302736989000039],[-122.40370527499999,38.299631988000044],[-122.40083627299998,38.28955398800008],[-122.40460527299996,38.281427987000029],[-122.39700526999997,38.27209898600006],[-122.38725526899998,38.273257988000069],[-122.38990926799994,38.260699986000077],[-122.37387826399998,38.247442986000067],[-122.37460026399998,38.244519986000057],[-122.36680026299996,38.247019987000044],[-122.35993725999998,38.230505986000026],[-122.35925425699998,38.20999398500004],[-122.35069425499995,38.20183598400007],[-122.34957725399994,38.193976984000074],[-122.35058425399995,38.192380984000067],[-122.35514125499998,38.196866984000053],[-122.36027025599998,38.19711998300005],[-122.35706425399997,38.190638983000042],[-122.35790025399996,38.182611982000026],[-122.36866325599999,38.182670982000047],[-122.36955725499996,38.174524980000058],[-122.36559525299998,38.166033980000066],[-122.36757425299999,38.158796980000034],[-122.37259325299999,38.157719979000035],[-122.39683525699996,38.16145597700006],[-122.40612225899997,38.159383977000061],[-122.40687736099994,38.155871517000037],[-122.40580212899999,38.155576997000026],[-122.19539322699995,38.155021992000059],[-122.19899422699996,38.159321992000059],[-122.19449822699994,38.164719993000062],[-122.19809322799995,38.168421993000038],[-122.20359322899998,38.168721993000077],[-122.20319322999995,38.171521992000066],[-122.20889322999994,38.172721993000039],[-122.21509323199996,38.179721993000044],[-122.21299323199997,38.184321993000026],[-122.21559423399998,38.188421993000077],[-122.20949323299999,38.189921994000031],[-122.21149423299994,38.192121994000047],[-122.20499323299998,38.198520995000024],[-122.20569423399996,38.208220995000033],[-122.20149123399995,38.211624996000069],[-122.19499323299999,38.21232199700006],[-122.19619023399997,38.218924998000034],[-122.19338723399994,38.221219998000038],[-122.20178523799996,38.240327998000055],[-122.21249423999996,38.248719999000059],[-122.21109423999997,38.252219998000044],[-122.20438023899999,38.249306999000055],[-122.19519323799994,38.250721000000055],[-122.19329423799996,38.256420000000048],[-122.19969423899994,38.258920000000046],[-122.21299524099999,38.259119999000063],[-122.21689524199996,38.262319999000056],[-122.21649524299994,38.266020000000026],[-122.21229524299997,38.272819000000027],[-122.18839423899999,38.271619002000079],[-122.19069424099996,38.277519002000076],[-122.19639424099995,38.281919002000052],[-122.20349524399995,38.292919002000076],[-122.19917424499999,38.301519003000067],[-122.202596245,38.304118004000031],[-122.20140924599997,38.308018004000076],[-122.20599524699998,38.315718004000075],[-122.06479222499996,38.315917015000025],[-122.06819222699994,38.31841701500008],[-122.06139222699994,38.327416016000029],[-122.06299222799998,38.333516017000079],[-122.06479222799999,38.333416017000047],[-122.06979222999996,38.342816017000075],[-122.06969223099998,38.350816018000046],[-122.07339323199994,38.360916018000069],[-122.07769323399998,38.363716018000048],[-122.08914623799996,38.384640019000074],[-122.10959624299994,38.404615019000062],[-122.11470524499998,38.413913019000063],[-122.11799624599996,38.414114019000067],[-122.12640224899997,38.428923019000024],[-122.12359525099998,38.447613021000052],[-122.104895253,38.490812026000071],[-122.10719625399997,38.494512026000052],[-122.10629625499996,38.508312027000045],[-122.10329425599997,38.51335302800004]]]},"properties":{"STATE_COUNTY_FIPS_CD":"06055","COUNTY_NM":"Napa","MMG_PCT_OVERALL_FI_RATE":8.69999981,"MMG_YEAR":"2020"}},{"type":"Feature","geometry":{"type":"Polygon","coordinates":[[[-120.00378604399998,39.445061269000064],[-120.50545812599995,39.446122230000071],[-120.50767812699996,39.453408230000036],[-120.51015812699995,39.455168230000027],[-120.51767312799996,39.455000229000063],[-120.51828312899994,39.457234229000051],[-120.52174712899995,39.456934229000069],[-120.52201412999995,39.45902122900003],[-120.53453513299996,39.464382228000034],[-120.53424613399994,39.483691230000034],[-120.53959313599995,39.486754230000031],[-120.54126913699997,39.490894230000038],[-120.54909313799999,39.494475230000035],[-120.55069213999997,39.503634231000035],[-120.55665514099996,39.506815230000029],[-120.55658214199997,39.514110231000075],[-120.56068314299995,39.516200231000028],[-120.56807614499996,39.515882231000035],[-120.57769014699994,39.523258230000067],[-120.58377114799998,39.521484229000066],[-120.58964314899998,39.523481229000026],[-120.59714814999995,39.520609228000069],[-120.59940414999994,39.522105228000044],[-120.62228515399994,39.521495227000059],[-120.62465815399997,39.51955222600003],[-120.63014415499998,39.524885226000038],[-120.65095015899999,39.523375224000063],[-120.65457415899999,39.526925224000024],[-120.65922015999996,39.523681224000029],[-120.67700516199994,39.518448222000075],[-120.67931616199996,39.513116221000075],[-120.68293316199998,39.512512221000065],[-120.68658016199998,39.50681422100007],[-120.70089416399998,39.502540219000025],[-120.70655416399995,39.496034217000044],[-120.70660816299994,39.493066217000035],[-120.71262816399997,39.489153216000034],[-120.71703716399998,39.489191216000052],[-120.71458116299999,39.48161521600008],[-120.72671116399999,39.472235214000079],[-120.74361916599997,39.46681721200008],[-120.74250516499995,39.461281212000074],[-120.74957816599999,39.459445211000059],[-120.74989816499999,39.457506211000066],[-120.75288816599999,39.458320211000057],[-120.75625316599996,39.452479210000035],[-120.76103716699998,39.453946209000037],[-120.77359616799998,39.448655209000037],[-120.77584616899998,39.450765209000053],[-120.78081316899994,39.446477207000044],[-120.78472016999996,39.448074208000037],[-120.78615416999997,39.444187207000027],[-120.79167116999997,39.441292206000071],[-120.79735417099999,39.441719206000073],[-120.80091717099998,39.437489205000077],[-120.80556417199995,39.43868120500008],[-120.81101917199999,39.436076205000063],[-120.81661617399999,39.440841204000037],[-120.81781817399997,39.436496204000036],[-120.82315117499996,39.437358203000031],[-120.82637017499997,39.435044203000075],[-120.83358117599994,39.437341203000074],[-120.83219917599996,39.439648203000047],[-120.83690017699996,39.440461203000041],[-120.84327817799999,39.435120202000064],[-120.85427317899996,39.436260201000039],[-120.85509617899999,39.433667200000059],[-120.85752317999999,39.435275201000024],[-120.86451918099999,39.430299200000036],[-120.86915018099995,39.43139319900007],[-120.87056218099997,39.42944619900004],[-120.87829918199998,39.431169198000077],[-120.87845118199999,39.42895119800005],[-120.88450918399997,39.429385198000034],[-120.89395418399999,39.42413719700005],[-120.91059518699996,39.42601419600004],[-120.91418118699994,39.420082195000077],[-120.92066618799998,39.422392194000054],[-120.92892918899997,39.421021194000048],[-120.93181318899997,39.417126194000048],[-120.94354019199994,39.419807193000054],[-120.95799119299994,39.415647191000062],[-120.97171619599999,39.418946190000042],[-120.97863719699995,39.417823190000036],[-120.97978119599998,39.411640189000025],[-120.98175719699998,39.414237189000062],[-120.98599219699997,39.411468189000061],[-120.99260019799999,39.414434189000076],[-121.00702219999999,39.404728186000057],[-121.01525220099995,39.405387185000052],[-121.01528420099999,39.402621185000044],[-121.00753219799998,39.399074186000064],[-121.01805119999995,39.395474185000069],[-121.02209820099995,39.391563184000063],[-121.02565019999997,39.389410184000042],[-121.03124220199999,39.39533218400004],[-121.03459020299999,39.395530183000062],[-121.04189320199998,39.388161182000033],[-121.04754220399997,39.389746182000067],[-121.04712320399994,39.393519182000034],[-121.04980820499998,39.395450182000047],[-121.05941320599999,39.395041181000067],[-121.06310420699998,39.390953181000043],[-121.08401521099995,39.394629179000049],[-121.08691020999998,39.386391179000043],[-121.09638021199999,39.387699177000059],[-121.10156821099997,39.381026177000081],[-121.11199521299994,39.381160176000037],[-121.11621521299998,39.37850917600008],[-121.12790121499995,39.380049175000067],[-121.12586321499998,39.377254175000076],[-121.12714921399999,39.372573174000024],[-121.13369321499999,39.371637173000067],[-121.13686021499996,39.368079173000069],[-121.13708421399997,39.363320173000034],[-121.14514821499995,39.355787171000031],[-121.14381221399998,39.349660171000039],[-121.15477921499996,39.348610170000029],[-121.15771721499999,39.340137169000059],[-121.15754621399998,39.332472168000038],[-121.16253221399995,39.33262116800006],[-121.16503321599998,39.338643168000033],[-121.17799521699999,39.338707168000042],[-121.18346121799999,39.335976167000069],[-121.18454121799999,39.330850167000051],[-121.19563221899995,39.329587165000078],[-121.19923921899999,39.322698165000077],[-121.20636521999995,39.316474164000056],[-121.20499021799998,39.307894163000071],[-121.20015921699996,39.302380162000077],[-121.21490421799996,39.29288616000008],[-121.21839121699998,39.284188159000053],[-121.22389221799995,39.282446159000074],[-121.24258421999997,39.283500158000038],[-121.26614522299997,39.272722155000054],[-121.26645022299999,39.268590155000027],[-121.26238922099998,39.264557155000034],[-121.25919521999998,39.256426154000053],[-121.26931422099995,39.252128153000058],[-121.26880021899996,39.240255152000032],[-121.27608921899997,39.231423151000058],[-121.27954321899995,39.230542150000076],[-121.27954619399998,39.034623134000071],[-121.27305719299994,39.034188135000079],[-121.25702818999997,39.028019135000079],[-121.24968918899998,39.028928136000047],[-121.24097818699994,39.021379137000054],[-121.23294618599999,39.024672137000039],[-121.22099918199996,39.011782137000068],[-121.20592817999994,39.011856138000041],[-121.20468517999996,39.015638139000032],[-121.19888817999998,39.017554139000026],[-121.18738317699996,39.012513139000077],[-121.17939817699994,39.01995614100008],[-121.17263717499998,39.018533141000034],[-121.16198317499999,39.024433143000067],[-121.15249917399996,39.026793144000067],[-121.15015417399997,39.032232144000034],[-121.13799217299999,39.037916146000043],[-121.13339117199996,39.034381146000044],[-121.12511216999997,39.032456146000072],[-121.12680816999995,39.030016146000037],[-121.12352516999999,39.027865146000067],[-121.12320616899996,39.024436146000028],[-121.11514716599999,39.018606146000025],[-121.10771216499995,39.017621146000067],[-121.10426016399998,39.011855146000073],[-121.09697516299997,39.013289146000034],[-121.09502916299999,39.01145914600005],[-121.08951416199994,39.014440147000073],[-121.08082015999997,39.009704147000036],[-121.08035515899996,39.006867148000026],[-121.06862415799998,39.00516514800006],[-121.06143815699994,39.010213149000037],[-121.04162115399998,39.013796151000065],[-121.03733915399999,39.016739151000024],[-121.03770715499996,39.020810152000024],[-121.03108215499998,39.027954153000053],[-121.03040415599997,39.037216153000031],[-121.02173915499998,39.039188154000044],[-121.02017115499996,39.046103156000072],[-121.01280515399998,39.04827315600005],[-121.01297515499999,39.052409156000067],[-121.00819815399996,39.05216815700004],[-121.00708515499997,39.061223157000029],[-121.00273215499999,39.062908158000027],[-121.00274715499995,39.067539159000034],[-120.99695515499997,39.068220159000077],[-120.99855115499997,39.072119159000067],[-120.99179015499999,39.075817160000042],[-120.99612715599994,39.080373160000079],[-120.99104115499995,39.082039161000068],[-120.98846415499997,39.085566161000031],[-120.98686615699995,39.098421162000079],[-120.98835415699995,39.100172162000035],[-120.98633715699998,39.102658163000058],[-120.98915915899994,39.111538163000034],[-120.97932815699994,39.110407164000037],[-120.97347315699994,39.119597165000073],[-120.96799715699996,39.122140166000065],[-120.96577415699994,39.128212166000026],[-120.95007515599997,39.136446168000077],[-120.94750315699997,39.143400170000064],[-120.94054015599994,39.145272170000055],[-120.93691715499995,39.151399170000047],[-120.92994615499998,39.153981171000055],[-120.93159715499996,39.155931171000077],[-120.92645515499999,39.155280171000072],[-120.92338115499996,39.157236172000069],[-120.92451615499999,39.160854173000075],[-120.90856215199994,39.163756174000071],[-120.90598015299997,39.166133174000038],[-120.90900915299994,39.170178174000057],[-120.90473015299995,39.172956175000024],[-120.89695515299996,39.176572176000036],[-120.89234015099998,39.175308176000044],[-120.89123215199999,39.177083176000053],[-120.86886214899999,39.180742179000049],[-120.86951014899995,39.184812179000062],[-120.86517714899998,39.187845180000068],[-120.86694714899994,39.189584179000065],[-120.86082114799996,39.192480180000075],[-120.86128814999995,39.195069180000075],[-120.85784514899996,39.197432181000067],[-120.85660114999996,39.204115181000077],[-120.85807414999999,39.206083181000054],[-120.85172614999999,39.212038182000072],[-120.82796014699994,39.221095185000024],[-120.82859314799998,39.22348618500007],[-120.81658414699996,39.229972186000055],[-120.80394914499999,39.233390188000044],[-120.78762214399995,39.244060190000027],[-120.78468514399998,39.24855819000004],[-120.77394614299999,39.255368192000049],[-120.76873114299997,39.256302192000078],[-120.76412314299995,39.263122194000061],[-120.75640914099995,39.264359194000065],[-120.74910814099997,39.270615195000062],[-120.74730814099996,39.274869196000054],[-120.72790613999996,39.28808619800003],[-120.71071613799995,39.292262200000039],[-120.70252213799995,39.299787201000072],[-120.67595613399999,39.307293205000065],[-120.67144613399995,39.310376204000079],[-120.66982813299995,39.308167205000075],[-120.66300013199998,39.31011320500005],[-120.65801013099997,39.307809206000059],[-120.64875213099998,39.311455207000051],[-120.64580813099997,39.315160207000076],[-120.62489912699999,39.315417209000032],[-120.00633602799996,39.316501257000027],[-120.00378604399998,39.445061269000064]]]},"properties":{"STATE_COUNTY_FIPS_CD":"06057","COUNTY_NM":"Nevada","MMG_PCT_OVERALL_FI_RATE":10.3000002,"MMG_YEAR":"2020"}},{"type":"Feature","geometry":{"type":"Polygon","coordinates":[[[-117.78329910099995,33.946415870000067],[-117.91142712299995,33.94607286300004],[-117.91973712399999,33.947672863000037],[-117.91974012399999,33.945961863000036],[-117.97651013299998,33.946054859000071],[-117.97660512999994,33.902814854000042],[-117.98549313199999,33.902773854000031],[-117.98531013099995,33.895408853000049],[-117.99414813199996,33.895517852000069],[-117.99406913199999,33.88822285100008],[-118.00286713299994,33.888165851000053],[-118.00276713299996,33.880920851000042],[-118.01141013399996,33.88091785000006],[-118.01139513399994,33.873435850000078],[-118.02879413599999,33.873326848000033],[-118.02872613599999,33.86624684700007],[-118.03761013699994,33.86601784700008],[-118.03754813799998,33.862373847000072],[-118.04189613799997,33.862336846000062],[-118.04176013799997,33.858727846000079],[-118.04620013799996,33.858772846000079],[-118.04609413799994,33.853615845000036],[-118.05041413899994,33.853543845000047],[-118.05038713799996,33.84992184400005],[-118.05473513899994,33.849825844000065],[-118.05469913899998,33.846222844000067],[-118.05893013899998,33.846125843000038],[-118.05900013899998,33.835211843000025],[-118.06333413899995,33.831545842000025],[-118.06317413799997,33.819614840000042],[-118.07260913999994,33.815119839000033],[-118.08460913999994,33.803220837000026],[-118.09657314099996,33.779471834000049],[-118.09707213999997,33.773727833000066],[-118.09234413899998,33.764536833000079],[-118.09198213799999,33.758476831000053],[-118.11401011399994,33.746206665000045],[-118.11494545399995,33.741754545000049],[-118.10069999999996,33.733518182000068],[-118.09524545399995,33.734809091000045],[-118.09890909099994,33.735600000000034],[-118.09622727199996,33.737890909000043],[-118.08801818199998,33.734509091000064],[-118.08450909099997,33.730518182000026],[-118.09439090899997,33.733109091000074],[-118.06489090899998,33.711018182000032],[-118.02969999999999,33.676400000000058],[-118.00298181799997,33.655718182000044],[-117.94060909099994,33.620045454000035],[-117.92705454499998,33.605509091000044],[-117.87105454499999,33.592000000000041],[-117.86338181799999,33.584681818000035],[-117.84024545399996,33.573500000000024],[-117.81966363599997,33.556218182000066],[-117.81928181799998,33.553427273000068],[-117.81546363599995,33.55341818200003],[-117.81407272699994,33.550318182000069],[-117.81217272699996,33.552118182000072],[-117.80858181799999,33.551118182000039],[-117.80409999999995,33.546018182000068],[-117.78488181799997,33.541527273000042],[-117.77219090899996,33.526827273000038],[-117.76759090899998,33.524527273000047],[-117.76081818199998,33.513745454000059],[-117.75568181799997,33.512627273000078],[-117.74629999999996,33.500154545000044],[-117.73879090899999,33.494227273000035],[-117.73759090899995,33.48782727300005],[-117.72649090899995,33.483436364000056],[-117.71458181799994,33.46302727300008],[-117.71536363599995,33.460600000000056],[-117.70699999999999,33.459881818000042],[-117.70568181799996,33.462636364000048],[-117.70349090899998,33.46242727300006],[-117.69883636299994,33.461218182000039],[-117.69953636299999,33.459236364000049],[-117.70498181799996,33.460936364000077],[-117.70420909099994,33.459754545000067],[-117.69338181799998,33.456936364000057],[-117.69068181799997,33.458227273000034],[-117.69920909099994,33.459209091000048],[-117.69848181799995,33.461236364000058],[-117.69119090899994,33.458636364000029],[-117.68987272699997,33.461918182000034],[-117.68938181799996,33.460027273000037],[-117.68393636299999,33.461890909000033],[-117.64554545399994,33.440700000000049],[-117.63172727199998,33.430563636000045],[-117.61196363599998,33.410754545000032],[-117.59617005699994,33.387119703000053],[-117.57849202699998,33.453931825000041],[-117.55723802399996,33.451198826000052],[-117.53844102099998,33.455647828000053],[-117.50862601699998,33.469618830000059],[-117.50973401999994,33.505023835000031],[-117.50973701999999,33.509066836000045],[-117.50376801899995,33.508949836000056],[-117.50319301899998,33.520409837000045],[-117.50992102099997,33.52055083700003],[-117.51022202199999,33.534003838000046],[-117.41299901499997,33.65904985800006],[-117.47458502899997,33.703815859000031],[-117.53401103999994,33.710359857000071],[-117.53646004399997,33.757669863000046],[-117.58014805199997,33.767992862000028],[-117.66212907299996,33.857503867000048],[-117.67429407499998,33.857960866000042],[-117.67376107599995,33.870835868000029],[-117.68030107699997,33.877416868000068],[-117.78329910099995,33.946415870000067]]]},"properties":{"STATE_COUNTY_FIPS_CD":"06059","COUNTY_NM":"Orange","MMG_PCT_OVERALL_FI_RATE":9.39999962,"MMG_YEAR":"2020"}},{"type":"Feature","geometry":{"type":"Polygon","coordinates":[[[-120.00431000799995,39.165608244000055],[-120.00633602799996,39.316501257000027],[-120.62489912699999,39.315417209000032],[-120.64580813099997,39.315160207000076],[-120.64875213099998,39.311455207000051],[-120.65801013099997,39.307809206000059],[-120.66300013199998,39.31011320500005],[-120.66982813299995,39.308167205000075],[-120.67144613399995,39.310376204000079],[-120.67595613399999,39.307293205000065],[-120.70252213799995,39.299787201000072],[-120.71071613799995,39.292262200000039],[-120.72790613999996,39.28808619800003],[-120.74730814099996,39.274869196000054],[-120.74910814099997,39.270615195000062],[-120.75640914099995,39.264359194000065],[-120.76412314299995,39.263122194000061],[-120.76873114299997,39.256302192000078],[-120.77394614299999,39.255368192000049],[-120.78468514399998,39.24855819000004],[-120.78762214399995,39.244060190000027],[-120.80394914499999,39.233390188000044],[-120.81658414699996,39.229972186000055],[-120.82859314799998,39.22348618500007],[-120.82796014699994,39.221095185000024],[-120.85172614999999,39.212038182000072],[-120.85807414999999,39.206083181000054],[-120.85660114999996,39.204115181000077],[-120.85784514899996,39.197432181000067],[-120.86128814999995,39.195069180000075],[-120.86082114799996,39.192480180000075],[-120.86694714899994,39.189584179000065],[-120.86517714899998,39.187845180000068],[-120.86951014899995,39.184812179000062],[-120.86886214899999,39.180742179000049],[-120.89123215199999,39.177083176000053],[-120.89234015099998,39.175308176000044],[-120.89695515299996,39.176572176000036],[-120.90473015299995,39.172956175000024],[-120.90900915299994,39.170178174000057],[-120.90598015299997,39.166133174000038],[-120.90856215199994,39.163756174000071],[-120.92451615499999,39.160854173000075],[-120.92338115499996,39.157236172000069],[-120.92645515499999,39.155280171000072],[-120.93159715499996,39.155931171000077],[-120.92994615499998,39.153981171000055],[-120.93691715499995,39.151399170000047],[-120.94054015599994,39.145272170000055],[-120.94750315699997,39.143400170000064],[-120.95007515599997,39.136446168000077],[-120.96577415699994,39.128212166000026],[-120.96799715699996,39.122140166000065],[-120.97347315699994,39.119597165000073],[-120.97932815699994,39.110407164000037],[-120.98915915899994,39.111538163000034],[-120.98633715699998,39.102658163000058],[-120.98835415699995,39.100172162000035],[-120.98686615699995,39.098421162000079],[-120.98846415499997,39.085566161000031],[-120.99104115499995,39.082039161000068],[-120.99612715599994,39.080373160000079],[-120.99179015499999,39.075817160000042],[-120.99855115499997,39.072119159000067],[-120.99695515499997,39.068220159000077],[-121.00274715499995,39.067539159000034],[-121.00273215499999,39.062908158000027],[-121.00708515499997,39.061223157000029],[-121.00819815399996,39.05216815700004],[-121.01297515499999,39.052409156000067],[-121.01280515399998,39.04827315600005],[-121.02017115499996,39.046103156000072],[-121.02173915499998,39.039188154000044],[-121.03040415599997,39.037216153000031],[-121.03108215499998,39.027954153000053],[-121.03770715499996,39.020810152000024],[-121.03733915399999,39.016739151000024],[-121.04162115399998,39.013796151000065],[-121.06143815699994,39.010213149000037],[-121.06862415799998,39.00516514800006],[-121.08035515899996,39.006867148000026],[-121.08082015999997,39.009704147000036],[-121.08951416199994,39.014440147000073],[-121.09502916299999,39.01145914600005],[-121.09697516299997,39.013289146000034],[-121.10426016399998,39.011855146000073],[-121.10771216499995,39.017621146000067],[-121.11514716599999,39.018606146000025],[-121.12320616899996,39.024436146000028],[-121.12352516999999,39.027865146000067],[-121.12680816999995,39.030016146000037],[-121.12511216999997,39.032456146000072],[-121.13339117199996,39.034381146000044],[-121.13799217299999,39.037916146000043],[-121.15015417399997,39.032232144000034],[-121.15249917399996,39.026793144000067],[-121.16198317499999,39.024433143000067],[-121.17263717499998,39.018533141000034],[-121.17939817699994,39.01995614100008],[-121.18738317699996,39.012513139000077],[-121.19888817999998,39.017554139000026],[-121.20468517999996,39.015638139000032],[-121.20592817999994,39.011856138000041],[-121.22099918199996,39.011782137000068],[-121.23294618599999,39.024672137000039],[-121.24097818699994,39.021379137000054],[-121.24968918899998,39.028928136000047],[-121.25702818999997,39.028019135000079],[-121.27305719299994,39.034188135000079],[-121.27954619399998,39.034623134000071],[-121.29022619699998,39.03687513400007],[-121.29334519799994,39.043974134000052],[-121.30235719899997,39.047834134000027],[-121.30450919999998,39.052470134000032],[-121.31156520099995,39.051998133000041],[-121.31960920299997,39.048674132000031],[-121.32302520299999,39.043010131000074],[-121.32913020399997,39.04390413200008],[-121.33576220399999,39.038797130000034],[-121.35387820599999,39.031308128000035],[-121.36565620799996,39.031748127000071],[-121.37239320799995,39.027735127000028],[-121.37708520799998,39.021019126000056],[-121.38510220799998,39.017723125000032],[-121.38456120799998,39.014500124000051],[-121.39523320899997,39.010459123000032],[-121.39767220899995,39.005893123000078],[-121.40790720999996,38.999055121000026],[-121.41480021099994,38.99842312100003],[-121.41479221099996,38.996457120000059],[-121.41441220199999,38.926219115000038],[-121.46936920999997,38.925997111000072],[-121.46976618799999,38.751608096000041],[-121.48445319099994,38.751359095000055],[-121.48440918799997,38.734603094000079],[-121.14102213199999,38.71198511800003],[-121.13452013099999,38.712037118000069],[-121.13330813299996,38.731460120000065],[-121.12836313199995,38.733583121000038],[-121.12129713399997,38.752219122000042],[-121.11770213399996,38.756451123000033],[-121.11859213599996,38.768942124000034],[-121.11168113499997,38.773800125000037],[-121.10175613599995,38.787978127000031],[-121.10233413599997,38.795913128000052],[-121.09777013699994,38.807333129000028],[-121.10177213899999,38.815227130000039],[-121.09344813799999,38.813852130000043],[-121.08497013699997,38.816015131000029],[-121.08271213599994,38.822379132000037],[-121.08873413899994,38.82710613100005],[-121.08735413899996,38.83327913200003],[-121.08228013899998,38.834896133000029],[-121.07358813799999,38.842609134000043],[-121.05800613599996,38.847851136000031],[-121.05759213599998,38.851275136000027],[-121.06181913799998,38.859921137000072],[-121.05455613799995,38.865024137000034],[-121.05327613799994,38.868352137000045],[-121.05694113999999,38.877312138000036],[-121.06196514099997,38.882144138000058],[-121.04430013899997,38.890335140000047],[-121.05355214199994,38.898811141000067],[-121.04397114099999,38.906986141000061],[-121.04097814199997,38.915055143000075],[-121.03751514099997,38.915694143000053],[-121.03379614099998,38.912821143000031],[-121.01978013899998,38.918120144000056],[-121.01196413699995,38.916657145000045],[-121.00513913699996,38.920211146000042],[-121.00025713499997,38.917951146000064],[-120.99116913599994,38.923633147000032],[-120.99198113599999,38.927230147000046],[-120.96516213199999,38.932837150000069],[-120.95778013199998,38.939113151000072],[-120.93858312799995,38.935570153000072],[-120.93806613099997,38.95506015400008],[-120.94057813199998,38.960983155000065],[-120.93728213199995,38.963689155000054],[-120.92320312899994,38.960905156000024],[-120.91388712699995,38.955212155000027],[-120.90196512499995,38.95311515700007],[-120.88793712299997,38.959737158000053],[-120.88160612199999,38.956719158000055],[-120.86389311899995,38.954270160000078],[-120.85987611799999,38.951658160000079],[-120.85772911799995,38.956646160000048],[-120.85211411799997,38.959550161000038],[-120.85552011899995,38.967659161000029],[-120.84990611899997,38.976545163000026],[-120.84079911799995,38.975574163000033],[-120.83885011699999,38.971791163000034],[-120.83417611699997,38.97187116300006],[-120.83299111699995,38.977624164000076],[-120.82939611699999,38.980390164000028],[-120.82837011699996,38.989797165000027],[-120.82394211799999,38.993072166000047],[-120.81550311599995,38.994783167000037],[-120.81278811599998,38.999904168000057],[-120.80192911499995,39.00110816800003],[-120.79754111299997,38.996119168000064],[-120.76797111099995,39.00939917200003],[-120.76364210999998,39.009351172000038],[-120.76712010999995,39.005010171000038],[-120.76266510899995,39.001768171000037],[-120.76014810899994,39.003318172000036],[-120.76384410899999,39.004139172000066],[-120.76353010899999,39.006365171000027],[-120.76046110899995,39.005497172000048],[-120.75781810899997,39.007687173000079],[-120.75284510799997,39.005299172000036],[-120.74994010799998,39.009509173000026],[-120.74640810699998,39.010357174000035],[-120.74795510699994,39.003051172000028],[-120.74411610699997,39.004862173000049],[-120.74165410599994,39.001436173000059],[-120.73605510399995,39.000605174000043],[-120.72958810399996,39.004030174000036],[-120.72318410199995,38.999332174000074],[-120.72223610199995,38.993255174000069],[-120.71629909899997,38.986676174000024],[-120.70487909699995,38.981350174000056],[-120.69292609599995,38.985273175000032],[-120.68892409599999,38.989676176000046],[-120.68460609499999,38.989221177000047],[-120.68516609499994,38.983625175000043],[-120.68090309299998,38.977891176000071],[-120.68338009299998,38.974655175000066],[-120.68368109199997,38.967536174000031],[-120.67405608999997,38.962368174000062],[-120.67276108899995,38.958598175000077],[-120.65569908599997,38.953506176000076],[-120.65417308499997,38.948231175000046],[-120.65105508499994,38.948874175000071],[-120.63634708199999,38.94332817600008],[-120.63015208099995,38.946463177000055],[-120.62202307899997,38.94297917800003],[-120.61216407799998,38.943006178000076],[-120.60584107499994,38.934461178000049],[-120.59814707499999,38.936800179000045],[-120.59439407399998,38.936109179000027],[-120.59274907299999,38.931757178000055],[-120.58750107299994,38.93159717900005],[-120.58514107199994,38.92769817900006],[-120.58680607099996,38.923584178000056],[-120.58055306999995,38.920230178000054],[-120.57887106899994,38.916597179000064],[-120.56427106599995,38.91364917900006],[-120.55633406499999,38.915169180000078],[-120.55216306499995,38.920595181000067],[-120.54610806399995,38.920702181000024],[-120.54494606499998,38.927044182000031],[-120.53508406399999,38.925905182000065],[-120.52735806299995,38.931588184000077],[-120.51208205999995,38.931271185000071],[-120.51077605999996,38.934156185000063],[-120.50485405999996,38.935224185000038],[-120.50264405999997,38.941098186000033],[-120.49274805799996,38.943356187000063],[-120.49275205899994,38.94915418800008],[-120.48746705899998,38.952511188000074],[-120.48605105999997,38.958973189000062],[-120.47970805899996,38.959794189000036],[-120.47079405799997,38.965654191000056],[-120.46923505799998,38.97051919200004],[-120.46210505799996,38.977740192000056],[-120.46010905899999,38.98449919400008],[-120.45151305799999,38.987942194000027],[-120.45375105899996,38.995518195000045],[-120.45017705899994,39.000268195000046],[-120.44947805899994,39.006088196000064],[-120.44572405999997,39.008919196000079],[-120.44522605999998,39.017600197000036],[-120.44227306099998,39.023037198000054],[-120.43525305999998,39.028402199000027],[-120.32813504199999,39.02243820700005],[-120.24042302799995,39.023673214000041],[-120.24017002899996,39.030894215000046],[-120.18411101999999,39.03101921800004],[-120.18357302099997,39.03837721900004],[-120.16504101799995,39.038490221000075],[-120.16497701899999,39.045792222000046],[-120.15298901699998,39.045812223000041],[-120.15303401899996,39.06033422400003],[-120.14361101699996,39.060203225000066],[-120.14367601799995,39.067290225000079],[-120.00247399599999,39.067494236000073],[-120.00344200099994,39.112692240000058],[-120.00431000799995,39.165608244000055]]]},"properties":{"STATE_COUNTY_FIPS_CD":"06061","COUNTY_NM":"Placer","MMG_PCT_OVERALL_FI_RATE":8,"MMG_YEAR":"2020"}},{"type":"Feature","geometry":{"type":"Polygon","coordinates":[[[-121.34335139499996,40.448214244000042],[-121.34654439599996,40.449720243000058],[-121.36612439899994,40.445932242000026],[-121.49764841799998,40.445596230000035],[-121.49443541699998,40.440416230000039],[-121.49789341699994,40.432008230000065],[-121.47381941199995,40.424646230000064],[-121.47961141199994,40.419510229000025],[-121.48429140899998,40.396564227000056],[-121.48277540699996,40.382860227000037],[-121.47355340499996,40.374561226000026],[-121.48100540499996,40.366619226000068],[-121.47912440299996,40.360356225000032],[-121.47447140299994,40.357022226000026],[-121.47243340099999,40.351625225000078],[-121.46843739999997,40.349779225000077],[-121.43871539499997,40.347902227000077],[-121.42856439499997,40.350296229000037],[-121.41207939099996,40.342724229000055],[-121.39749138799999,40.34211423000005],[-121.38956538699995,40.338960231000044],[-121.38039638599997,40.340293232000079],[-121.36734238199995,40.330988232000038],[-121.36892238099995,40.325645232000056],[-121.36747638099996,40.322898232000057],[-121.36087137999999,40.322283232000075],[-121.35355737799995,40.315529232000074],[-121.34227737499998,40.309756232000041],[-121.34303737399995,40.306648232000043],[-121.34990637599998,40.305938231000027],[-121.35663937599998,40.297475230000032],[-121.36670237799996,40.301059229000032],[-121.37681337899994,40.297994229000039],[-121.37549237799999,40.294857228000069],[-121.37130637699994,40.293176229000039],[-121.37027837699998,40.287966229000062],[-121.36320837499994,40.28750622900003],[-121.36304337499996,40.281653228000039],[-121.35988037399994,40.277457229000049],[-121.35033537099997,40.275888229000032],[-121.349380371,40.273423229000059],[-121.35268437099995,40.268493228000068],[-121.34901336999997,40.264459228000078],[-121.35689536999996,40.253376226000057],[-121.36732536999995,40.244950226000071],[-121.36483636899999,40.239140225000028],[-121.36742436899999,40.23601022500003],[-121.36644336799998,40.232440224000072],[-121.36172636599997,40.22558622400004],[-121.36677736499996,40.214036223000051],[-121.37609436599996,40.210512221000045],[-121.38504136799997,40.210302221000063],[-121.39356436799994,40.201400220000039],[-121.40078736899994,40.19981621900007],[-121.40161936899995,40.195351219000031],[-121.40736936899998,40.191409218000047],[-121.41274836999997,40.194319218000032],[-121.43440237299995,40.195946216000038],[-121.44238337399997,40.192918215000077],[-121.44412437399995,40.190750215000037],[-121.43612137199995,40.181883214000038],[-121.44513637299997,40.177697213000044],[-121.44289036999999,40.161861212000076],[-121.44622136899994,40.155879212000059],[-121.44188336899998,40.152080212000044],[-121.43689936699997,40.151910212000075],[-121.43648736799997,40.152029212000059],[-121.40452236299996,40.151653215000067],[-121.40486835799999,40.115550212000073],[-121.38594735499998,40.115905214000065],[-121.38611835399996,40.108655213000077],[-121.37650235199999,40.10863121400007],[-121.37680534899999,40.08603921200006],[-121.36683134699996,40.086059213000055],[-121.36715534599995,40.071893212000077],[-121.37685734699994,40.071752211000046],[-121.37708934499994,40.05709420900007],[-121.38200934599996,40.056996209000033],[-121.38227934499997,40.051832209000054],[-121.40036634899997,40.05210020700008],[-121.40035134599998,40.030528206000042],[-121.40965534599997,40.030629204000036],[-121.40957534499995,40.015733203000025],[-121.41949334599997,40.015771203000043],[-121.41983034299994,39.987554200000034],[-121.41027634099999,39.987308201000076],[-121.41034033699998,39.958483199000057],[-121.41985733799999,39.958630198000037],[-121.42059033499999,39.929455196000049],[-121.41109933299998,39.929438196000035],[-121.41101433099999,39.915096196000036],[-121.43002533399999,39.914838194000026],[-121.42997033199998,39.900318193000032],[-121.41101332899996,39.900430195000069],[-121.41194932599996,39.871426192000058],[-121.39903132299997,39.871292193000045],[-121.39854232199997,39.862889193000058],[-121.38016331899996,39.862821194000048],[-121.38019631799995,39.855426193000028],[-121.36121931499997,39.855478195000046],[-121.36052931399996,39.840745193000032],[-121.35109231099995,39.84035519400004],[-121.35083430999998,39.82570919300008],[-121.33230630699995,39.825701195000079],[-121.33234630499999,39.811058194000054],[-121.31848430299999,39.810911195000074],[-121.31695129999997,39.796707193000032],[-121.30772229899998,39.796621195000057],[-121.30782129799996,39.789370194000071],[-121.29413929599997,39.789255195000067],[-121.29423729499996,39.785507195000037],[-121.28948129499997,39.785444195000025],[-121.28951829399995,39.781662195000081],[-121.28495929399998,39.781581195000058],[-121.28586529099999,39.767629194000051],[-121.26828528899995,39.76880419500003],[-121.26803828699997,39.754249195000057],[-121.25065428499994,39.753970196000068],[-121.24826928199997,39.740046195000048],[-121.22971927899999,39.740218196000058],[-121.22945927799998,39.725670195000077],[-121.21089127499999,39.725656197000035],[-121.20870026999995,39.700363195000079],[-121.19054526799999,39.699896196000054],[-121.19029726599996,39.685358195000049],[-121.17120126299994,39.685569196000074],[-121.17115625999998,39.671093195000026],[-121.16302825899999,39.670992196000043],[-121.16287725899997,39.663829195000062],[-121.15515725799997,39.663918196000054],[-121.15509025599999,39.656790195000042],[-121.13642525299997,39.656815197000071],[-121.13672824999998,39.628174194000053],[-121.11664624599996,39.628053196000053],[-121.11634424499999,39.621023195000078],[-121.09755124199995,39.620908197000063],[-121.09771624099994,39.613703196000074],[-121.08896023999995,39.613550197000052],[-121.08893423799998,39.60331119600005],[-121.07935823699995,39.603355197000042],[-121.07670823599994,39.59726919600007],[-121.00949023099997,39.639464206000071],[-121.00069022899999,39.638687206000043],[-120.98640722799996,39.644689208000045],[-120.98346222799995,39.648962208000057],[-120.97860922799998,39.648828208000054],[-120.96834722699998,39.657163210000078],[-120.96384622799997,39.665224212000055],[-120.94944822599996,39.672553213000072],[-120.95212622699995,39.676429213000063],[-120.94180322599999,39.684048214000029],[-120.93839322699995,39.691110215000037],[-120.93998822699996,39.692710215000034],[-120.93649322599998,39.693247216000032],[-120.93764522699996,39.695025215000044],[-120.93559322699997,39.697772217000079],[-120.93776022799995,39.699770216000047],[-120.93415822699995,39.70165221700006],[-120.93437923299996,39.738797220000038],[-120.92559623199998,39.744350221000047],[-120.92288123199995,39.750889222000069],[-120.91681623099998,39.753235223000047],[-120.91323423199998,39.757499223000025],[-120.89523922899997,39.759854224000037],[-120.88767522799998,39.76716222500005],[-120.87579222799997,39.772112227000036],[-120.87327422799996,39.776173227000072],[-120.87081222699999,39.776882228000034],[-120.86132722599996,39.770395228000041],[-120.85950322499997,39.770468228000027],[-120.85440322299996,39.759917228000063],[-120.84392521999996,39.755742228000031],[-120.84430321899998,39.75173122800004],[-120.83943421799995,39.746353227000043],[-120.82873421699998,39.746828229000073],[-120.82629521599995,39.742008228000032],[-120.81556521499999,39.746986230000061],[-120.81302221299995,39.742336229000045],[-120.81446621299995,39.736762229000078],[-120.81200521199997,39.726018228000044],[-120.80927020999997,39.720787228000063],[-120.79478120799996,39.71840523000003],[-120.79164720699998,39.714992229000075],[-120.79242520599996,39.709710228000063],[-120.78299420399998,39.709848229000045],[-120.78099620499995,39.712297230000047],[-120.77231920399998,39.713210231000062],[-120.76968820399998,39.718017231000033],[-120.74953319999997,39.71961523300007],[-120.74247319799997,39.712548233000064],[-120.73509819699996,39.710754233000046],[-120.73461919699997,39.708349233000035],[-120.71618019299996,39.706285234000063],[-120.71082419199996,39.699528235000059],[-120.70763019099996,39.698981235000076],[-120.70349018899998,39.692280234000066],[-120.69503018799998,39.691716235000058],[-120.67992018399997,39.676595235000036],[-120.67133018299995,39.682450236000079],[-120.65976418199995,39.686474237000027],[-120.65474318199995,39.694120238000039],[-120.65424018299996,39.706634239000039],[-120.46537115299998,39.706466255000066],[-120.44634915099999,39.708576257000061],[-120.14716210199998,39.707663280000077],[-120.14659310499997,39.736411282000063],[-120.12777610199998,39.73616428400004],[-120.12764810499999,39.750959285000079],[-120.11912310299999,39.751092285000027],[-120.11959710599996,39.765632287000074],[-120.11064010399997,39.765784288000077],[-120.11108110599997,39.780822289000071],[-120.10782310799999,39.794219290000058],[-120.10811211899994,39.881271298000058],[-120.09935211799996,39.881224299000053],[-120.09956912199999,39.910344301000066],[-120.10889612299997,39.910379301000035],[-120.10877412699995,39.939515303000064],[-120.12658712999996,39.939556301000039],[-120.12672413099995,39.947754302000078],[-120.13578113299997,39.947762302000058],[-120.13574813399998,39.95504530200003],[-120.14500413499997,39.95507230100003],[-120.14502813599995,39.962297301000035],[-120.15439213799999,39.962356301000057],[-120.15434313799994,39.968539301000078],[-120.16366713999997,39.968664301000047],[-120.16341914199995,39.983785303000047],[-120.17328714399997,39.983894301000078],[-120.17301614599995,39.998330303000046],[-120.18246714699995,39.998526302000073],[-120.18249714899997,40.013355303000026],[-120.20127715199999,40.013479302000064],[-120.20139615599999,40.042742304000058],[-120.21090315799995,40.042762303000075],[-120.20965416399997,40.086013306000041],[-120.24690316999994,40.085810304000063],[-120.24680117199995,40.107890306000058],[-120.26564617599996,40.107753304000028],[-120.26657417699994,40.115874305000034],[-120.34139818899996,40.11524829800004],[-120.34147618999998,40.12256129900004],[-120.36062419299998,40.122519298000043],[-120.36041419399999,40.129537299000049],[-120.37941219699997,40.129515297000069],[-120.37913019899997,40.140561297000033],[-120.39832020099999,40.140645296000059],[-120.39826920199999,40.147370297000066],[-120.40796720399999,40.147359296000047],[-120.40762220599998,40.162169297000048],[-120.41726720799994,40.162081297000043],[-120.41693120799999,40.169446297000036],[-120.43638421199995,40.169568295000033],[-120.43648121299998,40.176651296000045],[-120.44590521399999,40.176859295000042],[-120.44529821699996,40.191362296000079],[-120.45416521799996,40.191360296000028],[-120.45434421999994,40.20575629700005],[-120.48286122399998,40.205803295000067],[-120.48247322599997,40.220189296000058],[-120.49207522799998,40.22029729500008],[-120.49173322899998,40.23479629600007],[-120.51067823299996,40.234703295000031],[-120.51083023399997,40.248950296000032],[-120.52974723799997,40.249202295000032],[-120.52971223899999,40.256208295000079],[-120.54867624199994,40.256280294000078],[-120.54873724199996,40.263601294000068],[-120.57674224699997,40.263801292000039],[-120.57683824999998,40.285435294000081],[-120.62280925799996,40.285715290000041],[-120.62267425899995,40.293019291000064],[-120.64251826199995,40.293189289000054],[-120.64234426299998,40.300398289000043],[-120.65166426499997,40.300456288000078],[-120.65217126599998,40.307661289000066],[-120.72643027799995,40.308438283000044],[-120.72658727899994,40.315934284000036],[-120.76441628499998,40.316015280000045],[-120.76435928399997,40.308723280000038],[-120.77374128499997,40.308683279000036],[-120.77381828399996,40.301439279000078],[-120.79660928799996,40.301158276000081],[-120.79601328499996,40.277731275000065],[-120.81466328699997,40.277835273000051],[-120.81502628699997,40.270731273000081],[-120.83383328899998,40.27073327100004],[-120.83407128699997,40.256166270000051],[-120.84351728899998,40.256024270000069],[-120.84361228799997,40.248897269000054],[-120.85321028999999,40.248860268000044],[-120.85313128899998,40.241808268000057],[-120.87179529199994,40.241645266000035],[-120.87177028499997,40.199443262000045],[-120.89068928899997,40.19941526000008],[-120.89065928699995,40.192121260000079],[-120.92859529299994,40.191936257000066],[-120.92807929599996,40.20645625800006],[-120.94716529899995,40.206504257000063],[-120.94620129999998,40.220813258000078],[-121.00374530999994,40.22098025400004],[-121.00393131099997,40.234946255000068],[-121.04153431699996,40.234800251000024],[-121.04153031999999,40.256479253000066],[-121.06150632399999,40.25642225100006],[-121.06143035099996,40.446541266000054],[-121.32783939199999,40.445372244000055],[-121.33758839399997,40.445489243000054],[-121.34335139499996,40.448214244000042]]]},"properties":{"STATE_COUNTY_FIPS_CD":"06063","COUNTY_NM":"Plumas","MMG_PCT_OVERALL_FI_RATE":13.1000004,"MMG_YEAR":"2020"}},{"type":"Feature","geometry":{"type":"Polygon","coordinates":[[[-114.43544051699996,34.07973207200007],[-115.12582264299999,34.079796034000026],[-115.31607667899999,34.077848024000048],[-115.31622367499995,34.03411501800008],[-115.98484779499995,34.03515198100007],[-116.30060985099999,34.03440596300004],[-116.30064285099996,34.032548963000067],[-116.31594085399996,34.032474962000038],[-116.92956996099997,34.034117928000057],[-116.92936895899999,34.004918924000037],[-117.22538400999997,34.004318908000073],[-117.22538501099996,34.018719910000073],[-117.37542803699995,34.019403902000079],[-117.37539703699997,34.02541190200003],[-117.37729603799994,34.026722902000074],[-117.37433503799997,34.030636903000072],[-117.37529003899999,34.03387990300007],[-117.55832406899998,34.033455892000063],[-117.55838906599996,33.988424887000065],[-117.61039807399999,33.971618883000076],[-117.61095906999998,33.925118877000045],[-117.65539807699997,33.925118874000077],[-117.65489707399996,33.888819871000067],[-117.67629807799995,33.888819870000077],[-117.66899707599998,33.880919869000024],[-117.67309707699997,33.875619869000047],[-117.67146107599996,33.874135868000053],[-117.67376107599995,33.870835868000029],[-117.67429407499998,33.857960866000042],[-117.66212907299996,33.857503867000048],[-117.58014805199997,33.767992862000028],[-117.53646004399997,33.757669863000046],[-117.53401103999994,33.710359857000071],[-117.47458502899997,33.703815859000031],[-117.41299901499997,33.65904985800006],[-117.51022202199999,33.534003838000046],[-117.50992102099997,33.52055083700003],[-117.50319301899998,33.520409837000045],[-117.50376801899995,33.508949836000056],[-117.50973701999999,33.509066836000045],[-117.50973401999994,33.505023835000031],[-117.36428399399995,33.505029843000045],[-117.37093699499997,33.490553841000064],[-117.24167996899996,33.44893284300008],[-117.24124196699995,33.431994841000062],[-117.14368895099994,33.432634846000042],[-117.03087293199997,33.430135852000035],[-117.03087293099998,33.426935852000042],[-116.19760278499996,33.42889789700007],[-116.08517676499997,33.425936902000046],[-115.06320858099997,33.428107957000066],[-114.83084453899994,33.430098970000074],[-114.83088053899996,33.433712970000045],[-114.62713650199998,33.433558981000033],[-114.62229450199999,33.447562982000079],[-114.62292950299997,33.456565984000065],[-114.60170550099997,33.481400988000075],[-114.59238050099998,33.498679991000074],[-114.58047949899998,33.506469993000053],[-114.56954449699998,33.509223994000024],[-114.56097449699996,33.51674399500007],[-114.55890949699995,33.53182399700006],[-114.52422649199997,33.55307300100003],[-114.53679549599997,33.570964003000029],[-114.54031149699995,33.580620004000025],[-114.54062849799999,33.591417005000039],[-114.52919749699998,33.606655008000075],[-114.52185649599994,33.612549009000077],[-114.53122649899996,33.623918010000068],[-114.53104549899996,33.628218011000058],[-114.52638149799998,33.630264011000065],[-114.52381349799998,33.63470501200004],[-114.52540549899999,33.640674012000034],[-114.53322650099994,33.648448013000063],[-114.53320550099994,33.651665014000059],[-114.53059450099994,33.654466014000036],[-114.51834849899996,33.655932015000076],[-114.51406849899996,33.660184016000073],[-114.53027850199999,33.666826015000026],[-114.53213450199996,33.669707015000029],[-114.53153450299999,33.675113016000068],[-114.53035950299994,33.679250017000072],[-114.52397050199994,33.685884018000024],[-114.49650049799999,33.696906021000075],[-114.49420849799998,33.707927023000025],[-114.49657649999995,33.719160024000075],[-114.51235950399996,33.734219025000073],[-114.50449450399998,33.751003028000071],[-114.50487450399999,33.760470028000043],[-114.51895350999996,33.797307032000049],[-114.52806151299995,33.814968035000049],[-114.52272551299995,33.818984035000028],[-114.51998151299995,33.825386036000054],[-114.52960851599994,33.848068038000065],[-114.52989451699995,33.857568039000057],[-114.52430351599997,33.860138041000027],[-114.51468451399995,33.858643040000061],[-114.50302851299995,33.868003042000055],[-114.50435151399995,33.876887044000057],[-114.52277951799999,33.892588045000025],[-114.52588351999998,33.90101304600006],[-114.51372651699995,33.897964046000027],[-114.50871951599999,33.900645046000079],[-114.50793151599999,33.903812047000031],[-114.51152251699995,33.911097047000055],[-114.51844551899995,33.917523048000078],[-114.53496252299999,33.925705047000065],[-114.53568752399997,33.933557049000058],[-114.52274552299997,33.955044052000062],[-114.51587152199994,33.958111053000039],[-114.50868052099997,33.957530053000028],[-114.49989451999994,33.961794054000052],[-114.46794351599999,33.992882060000056],[-114.45926951499996,33.994716061000076],[-114.45919551499998,34.00002106200003],[-114.46732151699996,34.005195061000052],[-114.46587851699996,34.010992062000071],[-114.45021751399997,34.012579064000079],[-114.43827751299995,34.022614065000027],[-114.43496051299996,34.037789067000062],[-114.43935151599999,34.057898070000078],[-114.43544051699996,34.07973207200007]]]},"properties":{"STATE_COUNTY_FIPS_CD":"06065","COUNTY_NM":"Riverside","MMG_PCT_OVERALL_FI_RATE":9.69999981,"MMG_YEAR":"2020"}},{"type":"Feature","geometry":{"type":"Polygon","coordinates":[[[-121.48440918799997,38.734603094000079],[-121.52178019399997,38.736406091000049],[-121.60290720699999,38.735843084000066],[-121.60529120499996,38.719524083000067],[-121.60762720499997,38.715573083000038],[-121.63245920699995,38.69504807900006],[-121.63417120599996,38.689848079000058],[-121.63193120499994,38.680649077000055],[-121.62802720299999,38.674762077000025],[-121.60958219899999,38.661113078000028],[-121.59408219399995,38.644111078000037],[-121.58718219299999,38.64271007800005],[-121.57608119199995,38.648609079000039],[-121.56688118999995,38.645109080000054],[-121.55828118399995,38.608209077000026],[-121.54988218199998,38.599410077000073],[-121.54458018099996,38.597709077000047],[-121.53908018099997,38.601909078000062],[-121.52768017899996,38.604609080000046],[-121.51577917699996,38.602709080000068],[-121.50868117499999,38.596808081000063],[-121.50628217399998,38.586310080000032],[-121.50827917299995,38.580510079000078],[-121.52097817299995,38.566210077000051],[-121.51130316899997,38.546295076000035],[-121.51263116899997,38.541671075000068],[-121.52982416999998,38.529831073000025],[-121.53078016999996,38.527911072000052],[-121.52557916899997,38.523111073000052],[-121.52519116799999,38.518967072000066],[-121.55187917199999,38.513811070000031],[-121.55676017099995,38.506535069000051],[-121.55918017099998,38.498012068000037],[-121.54748016699995,38.481212068000048],[-121.53877916399995,38.474712067000041],[-121.50888015999999,38.472814070000027],[-121.50518115899996,38.469812070000046],[-121.50104615599997,38.45013706900005],[-121.50234215499995,38.44189706800006],[-121.50659815499995,38.437291067000046],[-121.51536515599997,38.434523066000054],[-121.52845815899997,38.434553065000046],[-121.53261315799995,38.431465065000054],[-121.51747815399995,38.40893806400004],[-121.51327015099997,38.398827064000045],[-121.51483814999995,38.387195062000046],[-121.52427115099999,38.378986061000035],[-121.52106214899999,38.366893060000052],[-121.52165414799998,38.360109059000024],[-121.53723814899996,38.347596057000032],[-121.55936615199994,38.342572055000062],[-121.57519115199995,38.327181052000071],[-121.58396715399999,38.331657052000025],[-121.58523415399998,38.325517052000066],[-121.58982915499996,38.322696051000037],[-121.59328615299995,38.313094050000075],[-121.59866715399994,38.309897050000075],[-121.59759215299999,38.307180049000067],[-121.59992115299997,38.301520048000043],[-121.60519315399995,38.296089048000056],[-121.60395915199996,38.289518048000048],[-121.60543115299998,38.285710047000066],[-121.60074315099996,38.278380047000041],[-121.60402314999999,38.270108046000075],[-121.60026214799996,38.257822045000069],[-121.60322114599995,38.237288043000035],[-121.60207214399998,38.221647042000029],[-121.61042414299999,38.208379040000068],[-121.61211514299998,38.200073039000074],[-121.61699314299995,38.195110039000042],[-121.62386314399998,38.193195038000056],[-121.63231014499996,38.194256038000049],[-121.64658114599996,38.186049035000053],[-121.66292014899994,38.181874033000042],[-121.67800714899994,38.164913031000026],[-121.68565814999999,38.159649030000026],[-121.69210814699994,38.133131028000037],[-121.70722814699997,38.109851025000069],[-121.70844914499997,38.09148702300007],[-121.71090114399999,38.086494022000068],[-121.72936114699996,38.082353021000074],[-121.74317714899996,38.087234020000039],[-121.80013615499996,38.059652014000051],[-121.82792915999994,38.066228012000067],[-121.84245716299995,38.076740012000073],[-121.85961016599998,38.071140010000079],[-121.86247516499998,38.066035009000075],[-121.85365216299999,38.064781010000047],[-121.84681516199998,38.059960010000054],[-121.84167216099996,38.051979009000036],[-121.83794915899995,38.038949009000078],[-121.83213515699998,38.031106009000041],[-121.81818815299999,38.02219500800004],[-121.81066615199995,38.020295009000051],[-121.80128315099995,38.021627010000032],[-121.78962614799997,38.018472010000039],[-121.77749814599997,38.018922011000029],[-121.76348714499994,38.023523013000045],[-121.73783714199999,38.026635015000068],[-121.69977813799994,38.045225020000032],[-121.68087213699999,38.062134022000066],[-121.67963613699999,38.069474023000055],[-121.68187813899999,38.082024024000077],[-121.67927813999995,38.089324025000053],[-121.67307813999997,38.093523026000071],[-121.66187813799996,38.095623026000055],[-121.64519613399995,38.087418027000069],[-121.63810113299996,38.086136028000055],[-121.63260813299996,38.088616029000036],[-121.62738913399994,38.098365030000025],[-121.60493612999994,38.099883031000047],[-121.58003512599998,38.094419033000065],[-121.56719712399996,38.097326034000048],[-121.56404812399995,38.101427035000029],[-121.56719712499995,38.106248034000032],[-121.58351512799999,38.113480034000077],[-121.58294012899995,38.122162034000041],[-121.57453312899997,38.13013103600008],[-121.55770112699997,38.136756038000044],[-121.55918912799996,38.143891038000049],[-121.54722112599995,38.148083039000028],[-121.54379612599996,38.14733104000004],[-121.54136412599996,38.151891040000066],[-121.53632312499997,38.15158604100003],[-121.53454812499996,38.155697041000053],[-121.53616412599996,38.15816304100008],[-121.53118812599996,38.163282042000048],[-121.52931512699996,38.169026042000041],[-121.52430712599994,38.172690043000046],[-121.52784412799997,38.181665044000056],[-121.52446812799997,38.185521044000041],[-121.52890912899994,38.195337045000031],[-121.52070112899997,38.202937046000045],[-121.51319612799995,38.20240904700006],[-121.50994812799996,38.20458504700008],[-121.50434812799995,38.212136048000048],[-121.50735612999995,38.221480049000036],[-121.50640312899998,38.22459204900008],[-121.49168212699999,38.227695051000069],[-121.49046612799998,38.232991051000056],[-121.48678612799995,38.235823051000068],[-121.48707412899995,38.239919052000062],[-121.47859412699995,38.246174053000061],[-121.48008312899998,38.253581054000051],[-121.47215112899994,38.25966405500003],[-121.46104512599999,38.259102055000028],[-121.45043912399996,38.254622056000073],[-121.44492912399994,38.256851057000063],[-121.42928312099997,38.25480705800004],[-121.42509411999998,38.250406057000077],[-121.42537311899997,38.246803057000079],[-121.42770611999998,38.245731057000057],[-121.42053011799999,38.237247056000058],[-121.41124411599998,38.231933057000049],[-121.40170711399998,38.230699058000027],[-121.39844411299998,38.227430057000049],[-121.38906711199996,38.233170058000042],[-121.37092710899998,38.229730060000065],[-121.36635010899994,38.231159060000039],[-121.36322910799998,38.228301060000035],[-121.35469510699994,38.231036061000054],[-121.34438010499997,38.228215061000071],[-121.32931910299999,38.232831063000049],[-121.32204410199995,38.232614064000074],[-121.31775710199997,38.23521306400005],[-121.30532409899996,38.234756065000056],[-121.29551809799995,38.237629066000068],[-121.28229809799996,38.249834068000041],[-121.27737409699995,38.24911006800005],[-121.26839309599995,38.252276069000061],[-121.24759709199998,38.245431070000052],[-121.22926308999996,38.247530072000075],[-121.22303108799997,38.24436907200004],[-121.21503108699994,38.248804072000041],[-121.20342008599999,38.248759074000077],[-121.19203608399999,38.256703075000075],[-121.17309208199998,38.255213077000064],[-121.16340608099995,38.260435078000057],[-121.14702707799995,38.263910079000027],[-121.12779507699997,38.277452081000035],[-121.11630407499996,38.277357082000037],[-121.10221607399995,38.283252084000026],[-121.09422807199996,38.281862084000068],[-121.08386007199999,38.28652508600004],[-121.06749807099999,38.298934088000067],[-121.06168506999995,38.298945088000039],[-121.04813706599998,38.291118089000065],[-121.04058306599995,38.297723090000034],[-121.02709706399997,38.300257091000049],[-121.02752008999994,38.508297109000068],[-121.07048010899996,38.607597114000043],[-121.08544111499998,38.647836117000054],[-121.11863012999999,38.717123120000053],[-121.12325312999997,38.710823119000054],[-121.13215912999999,38.705604118000053],[-121.14102213199999,38.71198511800003],[-121.48440918799997,38.734603094000079]]]},"properties":{"STATE_COUNTY_FIPS_CD":"06067","COUNTY_NM":"Sacramento","MMG_PCT_OVERALL_FI_RATE":11.6999998,"MMG_YEAR":"2020"}},{"type":"Feature","geometry":{"type":"Polygon","coordinates":[[[-121.21541894099994,36.961252960000024],[-121.41825897199999,36.960553946000061],[-121.43770997699994,36.978514946000075],[-121.44735897899994,36.982959946000051],[-121.45061997999994,36.98894894600005],[-121.46366898199994,36.984881945000041],[-121.46596098199996,36.982152945000053],[-121.46357398199996,36.978298944000073],[-121.46795198199999,36.976776944000051],[-121.48896198599999,36.98315294300005],[-121.50176298599996,36.971654941000054],[-121.50538998599995,36.964117940000051],[-121.51244298699999,36.958839939000029],[-121.51024398499999,36.954057939000052],[-121.51382598499998,36.945159937000028],[-121.53924698699996,36.927306935000047],[-121.54029598599999,36.920534934000045],[-121.55350598799998,36.915203933000043],[-121.55858998799999,36.910324932000037],[-121.56027198699996,36.897125931000062],[-121.57140698899997,36.897079930000075],[-121.57565298899999,36.892980929000032],[-121.58136698999999,36.899156929000071],[-121.58886699199996,36.901256929000056],[-121.60736699499995,36.899456927000074],[-121.61977399799997,36.908915927000066],[-121.62843199899999,36.911824927000055],[-121.63811599899998,36.898331925000036],[-121.64401399999997,36.894000924000068],[-121.64129699699998,36.879830923000043],[-121.64257799799998,36.873704922000059],[-121.62210199199995,36.84620792100003],[-121.59771098599998,36.837354922000031],[-121.50402396299995,36.757209922000072],[-121.50243996399996,36.76020492300006],[-121.48153596199995,36.765451924000047],[-121.47438095899997,36.756676923000043],[-121.47667595899998,36.753419923000024],[-121.47566395899997,36.749214923000068],[-121.47172795799997,36.745543923000071],[-121.46238095599995,36.743855924000059],[-121.46018095499994,36.737265923000052],[-121.45740195399998,36.736762924000061],[-121.45923195399996,36.734277923000036],[-121.45265895299997,36.729213923000032],[-121.45135295199998,36.72479792200005],[-121.45308495199998,36.721202922000032],[-121.46129795299998,36.71767292100003],[-121.48338095599996,36.71550392000006],[-121.48452095699997,36.713066920000074],[-121.48049895499997,36.706544919000066],[-121.48172095499996,36.704598919000034],[-121.47749295399996,36.703022919000034],[-121.46920495099999,36.690476918000059],[-121.46903595099997,36.685438917000056],[-121.45897494899998,36.685724919000052],[-121.45711494899996,36.682132918000036],[-121.44954294699994,36.678765919000057],[-121.44434594599994,36.673152918000028],[-121.43158394399995,36.678732920000073],[-121.42387194199995,36.674339919000033],[-121.41554794099994,36.673062920000064],[-121.40700593799994,36.656039920000069],[-121.39663993699997,36.65689492000007],[-121.39387493599997,36.654869920000067],[-121.37834693399998,36.652865921000057],[-121.36626093199999,36.656614922000074],[-121.35298192899995,36.647877922000077],[-121.35010492899994,36.648361923000039],[-121.34948292799999,36.643305922000025],[-121.34660292799998,36.64315692200006],[-121.34163692599998,36.638342922000049],[-121.34349292599995,36.63541992200004],[-121.34210192499995,36.631358921000071],[-121.33258692299995,36.620607922000033],[-121.31838591999997,36.610030921000032],[-121.31872391899998,36.604858921000073],[-121.32379391999996,36.602371920000053],[-121.32423791799999,36.58844091900005],[-121.32736291799995,36.585890919000065],[-121.32353591699996,36.577558918000079],[-121.33393291799996,36.574408917000028],[-121.33113891799997,36.570006916000068],[-121.33202891699995,36.562164916000029],[-121.32869591599996,36.561129916000027],[-121.32915491499995,36.555447916000048],[-121.31650791299995,36.549518916000068],[-121.31348891299996,36.549921916000073],[-121.30795791099996,36.545571916000029],[-121.30787991099999,36.543331916000056],[-121.30157290999995,36.539247916000079],[-121.29678490799995,36.53231691600007],[-121.29537490699994,36.527133915000036],[-121.30324290799996,36.518144914000061],[-121.30720190799997,36.51681691400006],[-121.30677490799997,36.512178913000071],[-121.31065990799999,36.50927891200007],[-121.31125390699998,36.501917912000067],[-121.30824790599996,36.499396912000066],[-121.30148890599997,36.505542913000056],[-121.29715890499995,36.503940913000065],[-121.29406890499996,36.506239913000059],[-121.28497590399996,36.505701914000042],[-121.28200590299997,36.502710914000033],[-121.26897190099999,36.501973915000065],[-121.25961189899999,36.504468916000064],[-121.25489489899996,36.503515916000026],[-121.24723089799994,36.506875917000059],[-121.23930789599996,36.504786917000047],[-121.23687789499996,36.497627917000045],[-121.23083389399994,36.491725917000053],[-121.23259089399994,36.489050916000053],[-121.22812089299998,36.484603916000026],[-121.22801589299996,36.480458915000042],[-121.23048489299998,36.478561916000046],[-121.22952389199997,36.475281915000039],[-121.22547789099997,36.471996915000034],[-121.22236889099997,36.473845915000027],[-121.21509788999998,36.473207916000035],[-121.20983588799999,36.464808916000038],[-121.19768288499995,36.455069915000024],[-121.19793188499995,36.451720915000067],[-121.19347788399995,36.445755915000063],[-121.04080984699999,36.323973913000032],[-121.04031484099994,36.271062909000079],[-121.03614184099996,36.272909910000067],[-121.03629684099997,36.275459910000052],[-121.02745583999996,36.275291910000078],[-121.02554483999995,36.271351910000078],[-121.02863283899995,36.26980190900008],[-121.02619283899998,36.263155909000034],[-121.02733483899999,36.259947909000061],[-121.02235483799996,36.261478909000061],[-121.01884883699995,36.259661909000044],[-121.01442383699998,36.268668910000031],[-121.01176983699997,36.264534910000066],[-121.01047083699996,36.26885191100007],[-121.00470083599998,36.267045911000025],[-121.00018283499998,36.270811912000056],[-120.99242783399995,36.269925912000076],[-120.98709883399999,36.275745913000037],[-120.98807983499995,36.285230914000067],[-120.98507283499998,36.290213915000038],[-120.98581283499999,36.292941915000029],[-120.97897683399998,36.290037915000028],[-120.97379983299999,36.290324915000042],[-120.96451383099998,36.282657915000073],[-120.96437683099998,36.280509915000039],[-120.95932282999996,36.280845915000043],[-120.95666782999996,36.275978915000053],[-120.95344482899998,36.27471091600006],[-120.94012682699997,36.282303917000036],[-120.93924982799996,36.28523291700003],[-120.94122582799997,36.286604917000034],[-120.93458682699998,36.28933691800006],[-120.93652382799996,36.294004918000041],[-120.93311682799998,36.299772918000031],[-120.92605182699998,36.301464920000058],[-120.92556682699995,36.308079920000068],[-120.91907082699998,36.310867921000067],[-120.89903182299997,36.300759921000065],[-120.88954582099996,36.290340921000052],[-120.88412781899996,36.294144921000054],[-120.87414681799999,36.295232922000025],[-120.86509281599996,36.292582923000055],[-120.86248481599995,36.28983792300005],[-120.85989281599996,36.290459923000071],[-120.85646281499999,36.284736922000036],[-120.85142881399997,36.285874923000051],[-120.85091881299996,36.282562923000057],[-120.84503481199999,36.280894922000073],[-120.83994481099995,36.276182923000079],[-120.83959181099999,36.272886922000055],[-120.83687780999998,36.272057923000034],[-120.83938780999995,36.270848923000074],[-120.83622480999998,36.265564922000067],[-120.83679280999996,36.262361922000025],[-120.83351680899995,36.262422922000042],[-120.83286480799995,36.259214922000069],[-120.82817780699997,36.258594922000043],[-120.82932380799997,36.25716592200007],[-120.82565480699998,36.257792922000078],[-120.82599980699996,36.254459922000024],[-120.82351780599998,36.257254922000072],[-120.82031580499995,36.253793922000057],[-120.81436080499998,36.253184922000059],[-120.81358080399997,36.250201922000031],[-120.81078680399997,36.251706922000039],[-120.81217880399998,36.24519992200004],[-120.80735080199997,36.243792922000068],[-120.80548580199996,36.240172922000056],[-120.80075980099997,36.24028792200005],[-120.80212980099998,36.237755922000076],[-120.79911280099998,36.235524922000025],[-120.78929479899995,36.235005923000074],[-120.78901079899998,36.230539922000048],[-120.78326179799996,36.229186922000054],[-120.78128579699995,36.222445922000077],[-120.77234379399999,36.220179922000057],[-120.76849079399994,36.213920922000057],[-120.76532479299999,36.213485922000075],[-120.76698179299996,36.21005892200003],[-120.76380279199998,36.209089921000043],[-120.76130579099998,36.203392922000035],[-120.75833079099999,36.201978921000034],[-120.75586978999996,36.20334592200004],[-120.75276878999995,36.199542921000045],[-120.74440178799995,36.19878192200008],[-120.73180778699998,36.20396392300006],[-120.73075578699996,36.201617923000072],[-120.72451978599997,36.201301924000063],[-120.71818178399997,36.196852923000051],[-120.71168678299995,36.198455924000029],[-120.70613378199999,36.203734925000049],[-120.70486878299999,36.211675926000055],[-120.70744178499996,36.231789927000079],[-120.71187078699995,36.239105928000072],[-120.71770878999996,36.260016929000074],[-120.72431579199997,36.266908930000056],[-120.72482579199999,36.270324929000026],[-120.73212079399997,36.275469930000042],[-120.73385979499994,36.284200931000044],[-120.73830179599997,36.288255931000037],[-120.74312679899998,36.298063931000058],[-120.75835280199999,36.308608931000038],[-120.75294880099995,36.307800932000077],[-120.74666679999996,36.310238932000061],[-120.72558179499998,36.297299932000044],[-120.72259679399997,36.292660932000047],[-120.71689379399999,36.292451933000052],[-120.70769179199999,36.285762933000058],[-120.70196778999997,36.286161933000074],[-120.68851078699998,36.272187933000055],[-120.68241878599997,36.271963932000062],[-120.67859478499997,36.267323932000068],[-120.67425878499995,36.272738934000074],[-120.67620278499999,36.276844934000053],[-120.67263478499996,36.280493934000049],[-120.68289778799999,36.286800935000031],[-120.68046278799994,36.290685934000066],[-120.68284678899994,36.294268935000048],[-120.66314378699997,36.314389938000033],[-120.64614178499994,36.317006940000056],[-120.64435578399997,36.31902093900004],[-120.63053978299996,36.316897940000047],[-120.61992878099994,36.319950942000048],[-120.61792777999995,36.318821942000056],[-120.61271177999998,36.32085494200004],[-120.61252278099994,36.324369942000033],[-120.60489677899994,36.324113943000043],[-120.60023777899994,36.328290944000059],[-120.59657477799999,36.328492944000061],[-120.59716779499996,36.488239959000055],[-120.60371879599995,36.488246958000047],[-120.91874387099995,36.740385961000072],[-120.93369487499996,36.75189996000006],[-121.14153591599995,36.836660954000024],[-121.14304191799999,36.846306954000056],[-121.14550591799997,36.847265954000079],[-121.15188591999998,36.858869955000046],[-121.15263892099995,36.86535595600003],[-121.16360092399998,36.869249955000043],[-121.16911092599997,36.884998956000061],[-121.17410092599999,36.88571595600007],[-121.18430992999998,36.896389956000064],[-121.18430993099997,36.908977958000037],[-121.18880893199997,36.91324295700008],[-121.19828693299996,36.914342957000031],[-121.20719393399997,36.911525956000048],[-121.21707093599997,36.913509955000052],[-121.22172593699997,36.910366955000029],[-121.22419793799997,36.919925955000053],[-121.23016393899997,36.921245956000064],[-121.23434493999997,36.92615195500008],[-121.22921794099994,36.941035957000054],[-121.21852093999996,36.947893958000066],[-121.21180693999997,36.957117960000062],[-121.21541894099994,36.961252960000024]]]},"properties":{"STATE_COUNTY_FIPS_CD":"06069","COUNTY_NM":"San Benito","MMG_PCT_OVERALL_FI_RATE":8.30000019,"MMG_YEAR":"2020"}},{"type":"Feature","geometry":{"type":"Polygon","coordinates":[[[-115.64836888899998,35.809216209000056],[-115.73575690499996,35.809102204000055],[-115.73590290399994,35.793625202000044],[-117.37590119299995,35.795155099000056],[-117.63300823799995,35.797256082000047],[-117.63426322999999,35.709932073000061],[-117.65199823299997,35.709939072000054],[-117.65233123099995,35.680787069000075],[-117.61620722399999,35.680861071000038],[-117.61640722199996,35.651760068000044],[-117.63384222499997,35.65157406700007],[-117.63488422099999,35.622165064000058],[-117.63478321599996,35.56411405700004],[-117.63013821599998,35.564076057000079],[-117.62997921299996,35.540117055000053],[-117.63022820499998,35.451046045000055],[-117.63367120499998,35.451002046000042],[-117.63130720299995,35.41957104200003],[-117.63279420099997,35.405412040000044],[-117.63089217299995,35.097609007000074],[-117.63330217299995,35.097563007000076],[-117.63202314899996,34.822274976000074],[-117.66730415499995,34.822530974000074],[-117.66704613199994,34.55801294500003],[-117.66000613099999,34.558044945000063],[-117.65976912099995,34.452773934000049],[-117.64638610499998,34.289174916000036],[-117.67758810099997,34.164372901000036],[-117.71949309899998,34.059735887000045],[-117.72720109799997,34.037415883000051],[-117.73013709799994,34.021375882000029],[-117.73585809899998,34.018558881000047],[-117.76770210499996,34.02351088000006],[-117.76749510299999,34.004615878000038],[-117.78507410599997,34.004813877000061],[-117.80255110699994,33.975555872000029],[-117.80245710599996,33.96831287200007],[-117.79367910499997,33.968139872000052],[-117.79359010299999,33.953794870000024],[-117.78329910099995,33.946415870000067],[-117.68030107699997,33.877416868000068],[-117.67376107599995,33.870835868000029],[-117.67146107599996,33.874135868000053],[-117.67309707699997,33.875619869000047],[-117.66899707599998,33.880919869000024],[-117.67629807799995,33.888819870000077],[-117.65489707399996,33.888819871000067],[-117.65539807699997,33.925118874000077],[-117.61095906999998,33.925118877000045],[-117.61039807399999,33.971618883000076],[-117.55838906599996,33.988424887000065],[-117.55832406899998,34.033455892000063],[-117.37529003899999,34.03387990300007],[-117.37433503799997,34.030636903000072],[-117.37729603799994,34.026722902000074],[-117.37539703699997,34.02541190200003],[-117.37542803699995,34.019403902000079],[-117.22538501099996,34.018719910000073],[-117.22538400999997,34.004318908000073],[-116.92936895899999,34.004918924000037],[-116.92956996099997,34.034117928000057],[-116.31594085399996,34.032474962000038],[-116.30064285099996,34.032548963000067],[-116.30060985099999,34.03440596300004],[-115.98484779499995,34.03515198100007],[-115.31622367499995,34.03411501800008],[-115.31607667899999,34.077848024000048],[-115.12582264299999,34.079796034000026],[-114.43544051699996,34.07973207200007],[-114.43339151799995,34.08841807400006],[-114.42051051599998,34.103471077000052],[-114.41169151499997,34.110036077000075],[-114.40134751299996,34.111643079000032],[-114.39057651099995,34.110089079000034],[-114.37923450999995,34.115995081000051],[-114.36652850699994,34.118582081000056],[-114.35304150599995,34.133125084000028],[-114.33612350299995,34.13403908500004],[-114.32078850099998,34.138640087000056],[-114.31221749899998,34.144781088000059],[-114.28730549699998,34.170534092000025],[-114.27527849399996,34.172154093000074],[-114.26847149299999,34.170182093000051],[-114.25704549099999,34.172842094000032],[-114.24072348899995,34.183237097000074],[-114.22972648699999,34.186933097000065],[-114.22495248699994,34.193901099000072],[-114.22520548799997,34.203647100000069],[-114.21177248599997,34.211544101000072],[-114.17806148199998,34.23997410700008],[-114.17460848099995,34.247308108000027],[-114.16613548099997,34.250020109000047],[-114.16387848099998,34.253354109000043],[-114.16465948099994,34.259704111000076],[-114.13327547499995,34.258467112000062],[-114.13122247499996,34.26273511200003],[-114.13668247699997,34.274382114000048],[-114.13606147699994,34.280838115000051],[-114.13954547899999,34.295849116000056],[-114.13829347999996,34.303235117000042],[-114.15721748399994,34.317867118000038],[-114.16881848799994,34.339518120000037],[-114.17692049099998,34.349311121000028],[-114.19949349499996,34.36137812100003],[-114.22611850099997,34.365921120000053],[-114.23428650299996,34.376667121000025],[-114.26432851099997,34.401334122000037],[-114.28011951399998,34.403152122000051],[-114.28867451599996,34.406628122000029],[-114.29484751899997,34.421394124000074],[-114.31226252299996,34.432731124000043],[-114.32614152599996,34.437256123000054],[-114.33538352799997,34.450043124000047],[-114.34262652999996,34.451447125000072],[-114.37373053499999,34.44694312200005],[-114.38671053799999,34.457916123000075],[-114.38719853899994,34.462026123000044],[-114.38171253999997,34.476045125000041],[-114.38236954099995,34.495763127000032],[-114.37813554099995,34.507293129000061],[-114.38084954399994,34.529729132000057],[-114.40523955099997,34.569642136000027],[-114.42239355599997,34.580716136000035],[-114.43682155999994,34.596079137000061],[-114.42534955799999,34.600847138000063],[-114.42421355799996,34.610458140000048],[-114.43875056199994,34.621460140000067],[-114.44140956399997,34.630176141000049],[-114.44147656399997,34.642535142000042],[-114.45799656899999,34.657118143000048],[-114.45051756799995,34.666841145000035],[-114.46525757299997,34.691207147000057],[-114.47048857499999,34.711373149000053],[-114.47369357599996,34.713969149000036],[-114.48751957899998,34.716631148000033],[-114.49202858099994,34.725707150000062],[-114.51663058599996,34.736750150000034],[-114.52962658999996,34.750827151000067],[-114.55269359499999,34.766876151000076],[-114.57102160099998,34.794299154000043],[-114.57646360399997,34.815305156000079],[-114.58685360699997,34.835677158000067],[-114.60066461099996,34.847366159000046],[-114.62395061599995,34.859743158000072],[-114.63439361999997,34.872895160000041],[-114.63673662199994,34.889112161000071],[-114.63088862199999,34.907268164000072],[-114.63326462399999,34.924613166000029],[-114.62978062499997,34.943045168000026],[-114.63524862799994,34.965154171000052],[-114.62914062799996,34.986137174000078],[-114.63349863099995,35.001862175000042],[-114.79735267299998,35.134932182000057],[-115.25973179099998,35.503546197000048],[-115.64836888899998,35.809216209000056]]]},"properties":{"STATE_COUNTY_FIPS_CD":"06071","COUNTY_NM":"San Bernardino","MMG_PCT_OVERALL_FI_RATE":10.6000004,"MMG_YEAR":"2020"}},{"type":"Feature","geometry":{"type":"MultiPolygon","coordinates":[[[[-117.40422727199996,33.215800000000058],[-117.40153636299999,33.216581818000066],[-117.40492727199995,33.213400000000036],[-117.40192727199997,33.213600000000042],[-117.39677272699998,33.20813636400004],[-117.39789999999999,33.21131818200007],[-117.39550909099995,33.212527273000035],[-117.39329090899997,33.206345454000029],[-117.38950909099998,33.20697272700005],[-117.39156363599994,33.203663636000044],[-117.39527272699996,33.206736364000051],[-117.34379090899995,33.145236364000027],[-117.33697272699999,33.130936364000036],[-117.32837272699999,33.121836364000046],[-117.31627272699996,33.096436364000056],[-117.29663636299995,33.037400000000048],[-117.29064545399996,33.031400000000076],[-117.28044545399996,33.011890909000044],[-117.26127272699995,32.935645454000053],[-117.25947272699995,32.914545454000063],[-117.25567272699999,32.906345454000075],[-117.25167272699997,32.874345454000036],[-117.25618181799996,32.859427273000051],[-117.26383636299994,32.849463636000053],[-117.27387272699997,32.851445454000043],[-117.27897272699994,32.847445454000024],[-117.28215454499997,32.839563636000037],[-117.28216363599995,32.832145454000056],[-117.28097272699995,32.822272727000041],[-117.27315454499995,32.817036364000046],[-117.27365454499994,32.814436364000073],[-117.26793636299999,32.807890909000037],[-117.26429090899995,32.807081818000029],[-117.25736363599998,32.795545454000035],[-117.25409999999999,32.781209091000051],[-117.25388181799997,32.759172727000077],[-117.24667272699998,32.759327273000054],[-117.24597272699998,32.76094545400008],[-117.24967272699996,32.761854545000062],[-117.25036363599997,32.77065454500007],[-117.24637272699999,32.769145454000068],[-117.24617272699999,32.763445454000077],[-117.24317272699994,32.770545454000057],[-117.24637272699999,32.771545454000034],[-117.24597272699998,32.775645454000028],[-117.24887272699999,32.77234545400006],[-117.25107272699995,32.774945454000033],[-117.25177272699995,32.777945454000076],[-117.24757272699998,32.777645454000037],[-117.24837272699995,32.779745454000079],[-117.25206363599995,32.778745454000045],[-117.25155454499998,32.782172727000045],[-117.24878181799994,32.781836364000071],[-117.25152727199998,32.783090909000066],[-117.25256363599999,32.788963636000062],[-117.24845454499996,32.79175454500006],[-117.24437272699998,32.791245454000034],[-117.23937272699999,32.780154545000073],[-117.23546363599996,32.779954545000066],[-117.23057272699998,32.790545454000039],[-117.22252727199998,32.794272727000077],[-117.22245454499995,32.799945454000067],[-117.21715454499997,32.791954545000067],[-117.21175454499996,32.794372727000052],[-117.21617272699996,32.794745454000065],[-117.21577272699994,32.796345454000061],[-117.21046363599999,32.795645454000066],[-117.21187272699996,32.777945454000076],[-117.20788181799998,32.770545454000057],[-117.20886363599999,32.766954545000033],[-117.21167272699995,32.764954545000023],[-117.22857272699997,32.767645454000046],[-117.23237272699998,32.766445454000063],[-117.23466363599999,32.769645454000056],[-117.23567272699995,32.765845454000043],[-117.23757272699999,32.767745454000078],[-117.24247272699995,32.765345454000055],[-117.24207272699999,32.762845454000058],[-117.23847272699999,32.764245454000047],[-117.23477272699995,32.760445454000035],[-117.24067272699995,32.75974545400004],[-117.24177272699995,32.761945454000056],[-117.24588181799999,32.757390909000037],[-117.20756363599997,32.762027273000058],[-117.18910909099998,32.761354545000074],[-117.24822727199995,32.754736364000053],[-117.24843636299994,32.756263636000028],[-117.25273636299994,32.754063636000069],[-117.25727272699999,32.733518182000068],[-117.25587272699994,32.727336364000053],[-117.25837272699999,32.726036364000038],[-117.25567272699999,32.699554545000069],[-117.25037272699996,32.689554545000078],[-117.25037272699996,32.68275454500008],[-117.24597272699998,32.673954545000072],[-117.24527272699999,32.666654545000029],[-117.24317272699994,32.664854545000026],[-117.23807272699997,32.66675454500006],[-117.23627272699997,32.671354545000042],[-117.23856363599998,32.681072727000071],[-117.23330909099997,32.685945454000034],[-117.23816363599997,32.687654545000044],[-117.24075454499996,32.695345454000062],[-117.23630909099995,32.704172727000071],[-117.23717272699997,32.71155454500007],[-117.23320909099999,32.715136364000045],[-117.23607272699996,32.715354545000025],[-117.23387272699995,32.718254545000036],[-117.22768181799995,32.720263636000027],[-117.22367272699995,32.718154545000061],[-117.23503636299995,32.708181818000071],[-117.23249999999996,32.708290909000027],[-117.22045454499994,32.719354545000044],[-117.22286363599994,32.718454545000043],[-117.22808181799996,32.721563636000042],[-117.22699999999998,32.72500000000008],[-117.21777272699995,32.72210909100005],[-117.21571818199999,32.728245454000046],[-117.20528181799995,32.729245454000079],[-117.19769999999994,32.727354545000026],[-117.21337272699998,32.724654545000078],[-117.18906363599996,32.723954545000026],[-117.19592727199995,32.726845454000056],[-117.18658181799998,32.728427273000079],[-117.18085454499999,32.725872727000024],[-117.17585454499999,32.727136364000046],[-117.17362727199998,32.718154545000061],[-117.17697272699996,32.71694545400004],[-117.17365454499998,32.716254545000027],[-117.17696363599998,32.715554545000032],[-117.17369090899996,32.715145454000037],[-117.17695454499994,32.714336364000076],[-117.17367272699994,32.714336364000076],[-117.17599090899995,32.711736364000046],[-117.17352727199994,32.712281818000065],[-117.17148181799996,32.707527273000039],[-117.16878181799996,32.705645454000035],[-117.17031818199996,32.708554545000027],[-117.16830909099997,32.708463636000033],[-117.16491818199995,32.706154545000061],[-117.16755454499997,32.705990909000036],[-117.16540909099996,32.70412727300004],[-117.16452727199999,32.70588181800008],[-117.15823636299996,32.701863636000041],[-117.16072727199997,32.700927273000048],[-117.13622727199999,32.688863636000065],[-117.13862727199995,32.687045454000042],[-117.12885454499997,32.688345454000057],[-117.13396363599998,32.687354545000062],[-117.12366363599995,32.679754545000037],[-117.12466363599998,32.679254545000049],[-117.12396363599998,32.677945454000053],[-117.11927272699995,32.672345454000038],[-117.11596363599995,32.674354545000028],[-117.11616363599995,32.673254545000077],[-117.12156363599996,32.670054545000028],[-117.12375454499994,32.669763636000027],[-117.12017272699995,32.669054545000051],[-117.11829090899994,32.657618182000078],[-117.12286363599998,32.656809091000071],[-117.12076363599999,32.648154545000068],[-117.10913636299995,32.649900000000059],[-117.10956363599996,32.647863636000068],[-117.11586363599997,32.647254545000067],[-117.11476363599996,32.639654545000042],[-117.10556363599994,32.632336364000025],[-117.10846363599995,32.629654545000051],[-117.10585454499994,32.62535454500005],[-117.10175454499995,32.625554545000057],[-117.10016363599999,32.621354545000031],[-117.10276363599996,32.62025454500008],[-117.10426363599998,32.622254545000033],[-117.10366363599996,32.61905454500004],[-117.09846363599996,32.620354545000055],[-117.09879090899994,32.614863636000052],[-117.09704545399995,32.613527273000045],[-117.09903636299998,32.612054545000035],[-117.09865454499999,32.605172727000024],[-117.10525454499998,32.602963636000027],[-117.12585454499998,32.60505454500003],[-117.13294545399998,32.610254545000032],[-117.13236363599998,32.615654545000041],[-117.12826363599999,32.61965454500006],[-117.13206363599994,32.618654545000027],[-117.13055454499994,32.621445454000025],[-117.13343636299999,32.618972727000028],[-117.13352727199998,32.622436364000066],[-117.13213636299997,32.620854545000043],[-117.13084545399994,32.623645454000041],[-117.12878181799999,32.622054545000026],[-117.12995454499998,32.627554545000066],[-117.13086363599996,32.624154545000067],[-117.13346363599999,32.62535454500005],[-117.13376363599997,32.623154545000034],[-117.13586363599995,32.626054545000045],[-117.13206363599994,32.625854545000038],[-117.13456363599994,32.628154545000029],[-117.13166363599998,32.629254545000038],[-117.13445454499998,32.629245454000056],[-117.13136363599995,32.630545454000071],[-117.13526363599999,32.629845454000076],[-117.13536363599997,32.626554545000033],[-117.13724545399998,32.630172727000058],[-117.13177272699994,32.631454545000054],[-117.13317272699999,32.633063636000031],[-117.13884545399998,32.631145454000034],[-117.14127272699994,32.637118182000052],[-117.13874545399995,32.638636364000035],[-117.14569090899994,32.651745454000036],[-117.14906363599999,32.650954545000047],[-117.14756363599997,32.65475454500006],[-117.15246363599999,32.656854545000044],[-117.16097272699994,32.668354545000057],[-117.16038181799996,32.671763636000037],[-117.15399090899996,32.67819090900008],[-117.16016363599999,32.680254545000025],[-117.16566363599998,32.674754545000042],[-117.16878181799996,32.67525454500003],[-117.17516363599998,32.681436364000035],[-117.17186363599996,32.682454545000041],[-117.16926363599998,32.679354545000024],[-117.16716363599994,32.679854545000069],[-117.16396363599995,32.693054545000052],[-117.16826363599995,32.699172727000075],[-117.19065454499997,32.706381818000068],[-117.19096363599999,32.713654545000054],[-117.20206363599999,32.715354545000025],[-117.21607272699998,32.711254545000031],[-117.22497272699997,32.703154545000075],[-117.22697272699997,32.697954545000073],[-117.22717272699998,32.687554545000069],[-117.22386363599998,32.683036364000031],[-117.21306363599996,32.687754545000075],[-117.19682727199995,32.688863636000065],[-117.18027272699999,32.681563636000078],[-117.17888181799998,32.679690909000044],[-117.18066363599996,32.678954545000067],[-117.17668181799996,32.67846363600006],[-117.16594545399994,32.668654545000038],[-117.15166363599997,32.647954545000061],[-117.13666363599998,32.618754545000058],[-117.13296363599994,32.597054545000049],[-117.13365454499996,32.565272727000036],[-117.12694545399995,32.547190909000051],[-117.12486616899997,32.534160936000035],[-116.10619170999996,32.61859680200007],[-116.10565971699998,32.72649881600006],[-116.10316071699998,32.726504816000045],[-116.10326374199997,33.074674858000037],[-116.08110173799997,33.074837860000059],[-116.08517676499997,33.425936902000046],[-116.19760278499996,33.42889789700007],[-117.03087293099998,33.426935852000042],[-117.03087293199997,33.430135852000035],[-117.14368895099994,33.432634846000042],[-117.24124196699995,33.431994841000062],[-117.24167996899996,33.44893284300008],[-117.37093699499997,33.490553841000064],[-117.36428399399995,33.505029843000045],[-117.50973401999994,33.505023835000031],[-117.50862601699998,33.469618830000059],[-117.53844102099998,33.455647828000053],[-117.55723802399996,33.451198826000052],[-117.57849202699998,33.453931825000041],[-117.59617005699994,33.387119703000053],[-117.57321818199995,33.379954545000032],[-117.56369090899994,33.372618182000053],[-117.54769090899998,33.365490909000073],[-117.50565454499997,33.334063636000053],[-117.44557272699996,33.268527273000075],[-117.40626363599995,33.219427273000065],[-117.40473636299998,33.216218182000034],[-117.40606363599994,33.212618182000028],[-117.40422727199996,33.215800000000058]]],[[[-117.21517272699998,32.783745454000041],[-117.21237272699994,32.788245454000048],[-117.21427272699998,32.789445454000031],[-117.23017272699997,32.770845454000039],[-117.22107272699998,32.768954545000042],[-117.22387272699996,32.773154545000068],[-117.22147272699999,32.773354545000075],[-117.21667272699995,32.767254545000071],[-117.21047272699997,32.767354545000046],[-117.21077272699995,32.772254545000067],[-117.21917272699994,32.776445454000054],[-117.21887272699996,32.778445454000064],[-117.21417272699995,32.776445454000054],[-117.21517272699998,32.783745454000041]]],[[[-117.24305454499995,32.775736364000068],[-117.23966363599999,32.77063636400004],[-117.23513636299998,32.771536364000042],[-117.23260909099997,32.777863636000063],[-117.24305454499995,32.775736364000068]]],[[[-117.40422727199996,33.215800000000058],[-117.40420909099998,33.215736364000065],[-117.40416363599996,33.215781818000039],[-117.40422727199996,33.215800000000058]]]]},"properties":{"STATE_COUNTY_FIPS_CD":"06073","COUNTY_NM":"San Diego","MMG_PCT_OVERALL_FI_RATE":10.1000004,"MMG_YEAR":"2020"}},{"type":"Feature","geometry":{"type":"MultiPolygon","coordinates":[[[[-122.38128089899999,37.760229111000058],[-122.38189125099996,37.764356613000075],[-122.38199043299994,37.762544632000072],[-122.38249015799994,37.764253616000076],[-122.38369941699995,37.762346268000044],[-122.38399887099996,37.764154434000034],[-122.38399887099996,37.762647629000071],[-122.38691711399997,37.76354789700008],[-122.38570785499996,37.766763687000036],[-122.38298988299999,37.766862869000079],[-122.38537216199995,37.767911911000056],[-122.38558196999998,37.770017624000047],[-122.38327217099999,37.769811630000049],[-122.38668060299995,37.773229599000047],[-122.38146400499994,37.771818161000056],[-122.38206291199998,37.774728775000028],[-122.38688087499997,37.774526596000044],[-122.38498115499999,37.776529312000036],[-122.39006233199996,37.776609421000046],[-122.39863586399997,37.770502090000036],[-122.39042663599997,37.777338028000031],[-122.38458061199998,37.778627396000047],[-122.38748168899997,37.779127121000045],[-122.38428115799996,37.779829025000026],[-122.38758087199994,37.78032875100007],[-122.38438224799995,37.780828476000067],[-122.38768196099994,37.781229019000079],[-122.38458061199998,37.781728745000066],[-122.38768196099994,37.782129288000078],[-122.38478088399995,37.782629013000076],[-122.38756370499999,37.782926559000032],[-122.38546371499996,37.784765244000027],[-122.38768958999998,37.785047531000032],[-122.38436317399999,37.785982132000072],[-122.38740920999999,37.787473679000072],[-122.38529968299997,37.78849983200007],[-122.38711738599994,37.788591385000075],[-122.38595390299997,37.79089164700008],[-122.38840866099997,37.790845871000045],[-122.38661766099995,37.791944504000071],[-122.38979911799998,37.792245865000041],[-122.38850784299996,37.793638229000067],[-122.39049911499995,37.792947769000079],[-122.38943672199997,37.794466019000026],[-122.39097213699995,37.79380989100008],[-122.39303588899998,37.798089981000032],[-122.39530944799998,37.797391891000075],[-122.39373588599994,37.798936844000025],[-122.39651679999997,37.798753738000073],[-122.39424514799998,37.800146103000031],[-122.39750862099999,37.799745560000076],[-122.39540862999996,37.800992966000024],[-122.39813613899997,37.80051994300004],[-122.39613532999999,37.801855087000035],[-122.39726257299998,37.802999496000041],[-122.39938163799997,37.801763535000077],[-122.39789962799995,37.80376625100007],[-122.40041732799995,37.80291175800005],[-122.39855384799995,37.804609299000049],[-122.40098190299994,37.803564072000029],[-122.40090942399996,37.80763816800004],[-122.40279006999998,37.806028366000078],[-122.40272712699999,37.808038712000041],[-122.40468215899995,37.806974411000056],[-122.40392684899996,37.808763504000069],[-122.40588188199996,37.807184219000078],[-122.40612602199997,37.810037613000077],[-122.40657234199995,37.807817459000034],[-122.41043662999999,37.811418533000051],[-122.41055488599994,37.808835983000051],[-122.41993522599995,37.811563492000062],[-122.41638183599997,37.808256149000044],[-122.42274475099998,37.810247421000042],[-122.42109107999994,37.808546066000076],[-122.42509078999996,37.806764603000033],[-122.42659950299998,37.809137344000078],[-122.42501831099997,37.810800552000046],[-122.42669868499996,37.809617996000043],[-122.42669868499996,37.808137894000026],[-122.43260955799997,37.80850029000004],[-122.43277168299994,37.805681229000072],[-122.43576240499999,37.807611465000036],[-122.44679069499995,37.805402756000035],[-122.44006347699997,37.808809280000048],[-122.46386337299998,37.804800034000039],[-122.47790908799999,37.811010361000058],[-122.48003578199996,37.801473618000045],[-122.48579025299995,37.790620804000071],[-122.49353599499995,37.787565231000031],[-122.50595474199997,37.788175583000054],[-122.51469993599994,37.781217575000028],[-122.50648117099996,37.723737717000063],[-122.50247001599996,37.708139420000066],[-122.42390251199998,37.708242416000076],[-122.39265632599995,37.708337784000037],[-122.38750457799995,37.708337784000037],[-122.38745117199994,37.708337784000037],[-122.37529945399996,37.709875107000073],[-122.38064575199996,37.710111618000042],[-122.37598228499996,37.715829849000045],[-122.38391685499994,37.720457077000049],[-122.38548088099998,37.724645615000043],[-122.38079070999999,37.72131919900005],[-122.37641715999996,37.725656509000032],[-122.37492752099996,37.724519730000054],[-122.37654495199996,37.721536636000053],[-122.37400817899999,37.718374252000046],[-122.36050796499995,37.714357376000066],[-122.36406326299999,37.716718674000049],[-122.36301803599997,37.717981339000062],[-122.35900878899997,37.715948105000052],[-122.36383628799996,37.71906471300008],[-122.35945320099995,37.719530106000036],[-122.36380767799994,37.722082138000076],[-122.35975456199998,37.721708298000067],[-122.36559104899999,37.725683212000035],[-122.35776328999998,37.72475624100008],[-122.36165428199996,37.725439072000029],[-122.35789871199995,37.726320267000062],[-122.356971741,37.729055405000054],[-122.36207199099999,37.730237961000057],[-122.36370849599996,37.733011246000046],[-122.36637306199998,37.732145309000032],[-122.36520004299996,37.734109879000073],[-122.36834526099994,37.731428146000042],[-122.37508964499995,37.733854294000025],[-122.37598228499996,37.73862648000005],[-122.37088203399998,37.740037918000041],[-122.37648963899994,37.747537613000077],[-122.39282607999996,37.747655869000027],[-122.38327217099999,37.748338699000044],[-122.38077163699995,37.750337601000069],[-122.37997245799994,37.754156113000079],[-122.38418197599998,37.754629135000073],[-122.38088226299999,37.755228043000045],[-122.37998199499998,37.762426376000064],[-122.38078117399999,37.760229111000058],[-122.38128089899999,37.760229111000058]]],[[[-122.37938117999994,37.826829910000072],[-122.37167167699999,37.81512641900008],[-122.37279128999995,37.811056137000037],[-122.36238098099994,37.807229996000046],[-122.35858154299996,37.814500809000037],[-122.36769103999995,37.812417984000035],[-122.37108039899999,37.816026688000079],[-122.36468124399994,37.817926407000073],[-122.36184501599996,37.821519852000051],[-122.36707305899995,37.828638077000051],[-122.36548042299995,37.829027176000068],[-122.36648178099995,37.830827713000076],[-122.36744499199995,37.829473495000059],[-122.37328147899996,37.832429886000057],[-122.37818145799997,37.830427170000064],[-122.37938117999994,37.826829910000072]]],[[[-122.33227920499996,37.788122177000048],[-122.33201789899999,37.781747818000042],[-122.32767867999996,37.780813217000059],[-122.32888793899997,37.782728195000061],[-122.33227920499996,37.788122177000048]]],[[[-122.42039489699999,37.863443375000031],[-122.41987800599998,37.860330582000074],[-122.41870880099998,37.862146378000034],[-122.42039489699999,37.863443375000031]]],[[[-122.47872543299997,37.828760147000025],[-122.47757148699998,37.832578659000035],[-122.47864532499995,37.831304550000027],[-122.47872543299997,37.828760147000025]]],[[[-122.48138046299999,37.82593345600003],[-122.47962760899998,37.825510025000028],[-122.47808074999995,37.825727463000078],[-122.47857856799999,37.827436447000025],[-122.47916793799999,37.825586319000024],[-122.48138046299999,37.82593345600003]]],[[[-122.38078117399999,37.760229111000058],[-122.38068199199995,37.762228012000037],[-122.38098144499997,37.762128830000051],[-122.38078117399999,37.760229111000058]]],[[[-122.52918052699999,37.819028854000067],[-122.52453994799998,37.823003769000024],[-122.52919769299996,37.81903266900008],[-122.52738952599998,37.815771103000031],[-122.52918052699999,37.819028854000067]]],[[[-122.49118041999998,37.826433182000073],[-122.48628044099996,37.826227188000075],[-122.48349189799995,37.826726913000073],[-122.48629569999997,37.826234818000046],[-122.49118041999998,37.826433182000073]]],[[[-122.49139594999997,37.825735092000059],[-122.49319267299995,37.824632645000065],[-122.49138069199995,37.825727463000078],[-122.49118041999998,37.826433182000073],[-122.49119567899999,37.826433182000073],[-122.49139594999997,37.825735092000059]]],[[[-122.41879653899997,37.85344505300003],[-122.41868972799995,37.852548599000045],[-122.41866302499994,37.85253715500005],[-122.41879653899997,37.85344505300003]]],[[[-122.50093460099998,37.82087135300003],[-122.49979019199998,37.819726944000024],[-122.499780655,37.819734573000062],[-122.50093460099998,37.82087135300003]]]]},"properties":{"STATE_COUNTY_FIPS_CD":"06075","COUNTY_NM":"San Francisco","MMG_PCT_OVERALL_FI_RATE":11,"MMG_YEAR":"2020"}},{"type":"Feature","geometry":{"type":"Polygon","coordinates":[[[-120.99551004999995,38.225407087000065],[-121.02709706399997,38.300257091000049],[-121.04058306599995,38.297723090000034],[-121.04813706599998,38.291118089000065],[-121.06168506999995,38.298945088000039],[-121.06749807099999,38.298934088000067],[-121.08386007199999,38.28652508600004],[-121.09422807199996,38.281862084000068],[-121.10221607399995,38.283252084000026],[-121.11630407499996,38.277357082000037],[-121.12779507699997,38.277452081000035],[-121.14702707799995,38.263910079000027],[-121.16340608099995,38.260435078000057],[-121.17309208199998,38.255213077000064],[-121.19203608399999,38.256703075000075],[-121.20342008599999,38.248759074000077],[-121.21503108699994,38.248804072000041],[-121.22303108799997,38.24436907200004],[-121.22926308999996,38.247530072000075],[-121.24759709199998,38.245431070000052],[-121.26839309599995,38.252276069000061],[-121.27737409699995,38.24911006800005],[-121.28229809799996,38.249834068000041],[-121.29551809799995,38.237629066000068],[-121.30532409899996,38.234756065000056],[-121.31775710199997,38.23521306400005],[-121.32204410199995,38.232614064000074],[-121.32931910299999,38.232831063000049],[-121.34438010499997,38.228215061000071],[-121.35469510699994,38.231036061000054],[-121.36322910799998,38.228301060000035],[-121.36635010899994,38.231159060000039],[-121.37092710899998,38.229730060000065],[-121.38906711199996,38.233170058000042],[-121.39844411299998,38.227430057000049],[-121.40170711399998,38.230699058000027],[-121.41124411599998,38.231933057000049],[-121.42053011799999,38.237247056000058],[-121.42770611999998,38.245731057000057],[-121.42537311899997,38.246803057000079],[-121.42509411999998,38.250406057000077],[-121.42928312099997,38.25480705800004],[-121.44492912399994,38.256851057000063],[-121.45043912399996,38.254622056000073],[-121.46104512599999,38.259102055000028],[-121.47215112899994,38.25966405500003],[-121.48008312899998,38.253581054000051],[-121.47859412699995,38.246174053000061],[-121.48707412899995,38.239919052000062],[-121.48678612799995,38.235823051000068],[-121.49046612799998,38.232991051000056],[-121.49168212699999,38.227695051000069],[-121.50640312899998,38.22459204900008],[-121.50735612999995,38.221480049000036],[-121.50434812799995,38.212136048000048],[-121.50994812799996,38.20458504700008],[-121.51319612799995,38.20240904700006],[-121.52070112899997,38.202937046000045],[-121.52890912899994,38.195337045000031],[-121.52446812799997,38.185521044000041],[-121.52784412799997,38.181665044000056],[-121.52430712599994,38.172690043000046],[-121.52931512699996,38.169026042000041],[-121.53118812599996,38.163282042000048],[-121.53616412599996,38.15816304100008],[-121.53454812499996,38.155697041000053],[-121.53632312499997,38.15158604100003],[-121.54136412599996,38.151891040000066],[-121.54379612599996,38.14733104000004],[-121.54722112599995,38.148083039000028],[-121.55918912799996,38.143891038000049],[-121.55770112699997,38.136756038000044],[-121.57453312899997,38.13013103600008],[-121.58294012899995,38.122162034000041],[-121.58351512799999,38.113480034000077],[-121.56719712499995,38.106248034000032],[-121.56404812399995,38.101427035000029],[-121.56719712399996,38.097326034000048],[-121.58003512599998,38.094419033000065],[-121.57676212299998,38.078198032000046],[-121.57290612199995,38.073747031000039],[-121.58221612299997,38.068428030000064],[-121.58440111899995,38.036030027000038],[-121.58169911799996,38.032360027000038],[-121.57884711799994,38.032645028000047],[-121.58019811899999,38.041273028000035],[-121.57302211799998,38.042155029000071],[-121.57083211799994,38.038008029000025],[-121.57140111599995,38.030428028000074],[-121.56465111599999,38.030241028000034],[-121.56376711499996,38.024762028000055],[-121.55754111299996,38.016620027000045],[-121.56108211299994,38.015446028000042],[-121.56801111399994,38.018526027000064],[-121.57263311499997,38.018007026000078],[-121.56716211399998,38.011988027000029],[-121.57789211499994,38.010825026000077],[-121.57985511499999,38.006441025000072],[-121.57825811499998,38.003903025000056],[-121.56962511299997,38.003165025000044],[-121.56899111299998,38.001395025000079],[-121.57057311299997,37.999030025000025],[-121.57895811399999,37.99855502500003],[-121.57609711299995,37.994860024000047],[-121.58103811299998,37.989530023000043],[-121.58247611299998,37.983927023000035],[-121.57240611099996,37.97905002300007],[-121.58022311099995,37.97637502300006],[-121.57443710999996,37.972482023000055],[-121.57372610899995,37.966439023000078],[-121.56515110699996,37.959854022000059],[-121.56559910699997,37.95779002200004],[-121.57330210799995,37.95732402200008],[-121.57520110899998,37.95505002200008],[-121.56352710599998,37.954750022000042],[-121.56885910699998,37.948457021000024],[-121.56742210599998,37.943987021000055],[-121.56069610499998,37.947584021000068],[-121.55759610399997,37.946501022000064],[-121.56363110499996,37.943445021000059],[-121.56089310399994,37.939885021000066],[-121.56146810399997,37.935890020000045],[-121.55728710299996,37.932252021000068],[-121.55891210299995,37.927931020000074],[-121.55642110199994,37.92364402000004],[-121.56512710199996,37.919178019000071],[-121.56599410199999,37.916264018000049],[-121.56330210099998,37.910606019000056],[-121.57283710199999,37.904306017000067],[-121.56591709999998,37.897677016000046],[-121.56838809999999,37.891685016000054],[-121.57586410099998,37.888298015000032],[-121.57388309899994,37.883400015000063],[-121.57934709899996,37.870642014000055],[-121.57340209799997,37.865756013000066],[-121.57944209799996,37.860165013000028],[-121.57803409699994,37.857826013000079],[-121.56899109599999,37.860578014000055],[-121.57046709599996,37.857590013000049],[-121.56591609599997,37.857868014000076],[-121.56199009399995,37.853143013000079],[-121.56110709399996,37.857815014000039],[-121.55526809399998,37.858012014000053],[-121.55253709399994,37.861121015000037],[-121.54750909299997,37.855231015000072],[-121.54065609099996,37.857602015000055],[-121.54202309099998,37.851319015000058],[-121.54004808999997,37.848847014000057],[-121.53722208999994,37.850843015000066],[-121.53411508899995,37.849462015000029],[-121.54028508999994,37.841499014000078],[-121.53798708899996,37.837575013000048],[-121.54400808899999,37.832657013000073],[-121.54947208999999,37.833574013000032],[-121.55210808999999,37.829708012000026],[-121.55116708899999,37.825106012000049],[-121.55352408899995,37.818391011000074],[-121.55694908999999,37.817223011000067],[-121.55666805799996,37.542736987000069],[-121.54062405399998,37.529826987000035],[-121.52883005199999,37.52806498700005],[-121.52234104999997,37.524709988000041],[-121.50148804699995,37.525007989000073],[-121.49828104699998,37.52243198900004],[-121.50238404699996,37.518474989000026],[-121.49724504499994,37.512467989000072],[-121.49603004399995,37.504942988000039],[-121.49319604399994,37.502425988000027],[-121.48207804199996,37.501443988000062],[-121.47937503999998,37.496488989000056],[-121.46928803899999,37.489692989000048],[-121.47193803799996,37.481787988000065],[-121.24089502299995,37.664782021000065],[-121.23020402099996,37.662981021000064],[-121.22926102199995,37.668933022000033],[-121.22137001999999,37.67144402200006],[-121.22347902199999,37.683613023000078],[-121.22098102199999,37.68305302300007],[-121.21640402199995,37.68787502400005],[-121.20870502099996,37.686307025000076],[-121.20523402099997,37.691510025000071],[-121.20687602199996,37.694301025000073],[-121.20406202099997,37.693631026000048],[-121.20155501999994,37.696155026000042],[-121.19916101999996,37.695518026000059],[-121.20130701999994,37.693085026000062],[-121.19936601999996,37.690215026000033],[-121.19452401899997,37.694823026000051],[-121.19188501799999,37.690383026000063],[-121.18903501799997,37.69159202600008],[-121.18769201699996,37.687640026000054],[-121.18119001699995,37.687896027000079],[-121.18310901699999,37.689989027000024],[-121.17921801699998,37.690865027000029],[-121.17931101699997,37.692803027000025],[-121.18418201699996,37.692725027000051],[-121.18025401699998,37.695396027000072],[-121.18258201799995,37.698544028000072],[-121.17592501699994,37.699426028000062],[-121.17692301699998,37.702533028000062],[-121.18007501799997,37.703060028000039],[-121.17785301799995,37.706195028000025],[-121.16893501599998,37.699130029000059],[-121.16625701499999,37.699402029000055],[-121.16369201499998,37.700382029000025],[-121.16672901599998,37.701820029000032],[-121.16568501599994,37.70425503000007],[-121.15857201399996,37.705375030000027],[-121.16213001599999,37.708057030000077],[-121.15936201499994,37.708533030000069],[-121.16084201599995,37.711147030000063],[-121.15778801599998,37.713359031000039],[-121.15911001599994,37.716605030000039],[-121.15610401599997,37.716815031000067],[-121.15510901599998,37.720328032000054],[-121.14611901399996,37.717504032000079],[-121.14545701499998,37.719993032000048],[-121.14186901399995,37.72082503200005],[-121.14277401499999,37.722141033000071],[-121.13801201399997,37.722329033000051],[-121.13653501299996,37.724688033000064],[-121.13181401299994,37.722056033000058],[-121.12873101299999,37.724313034000033],[-121.12595801199996,37.722630034000076],[-121.12269101099997,37.724126034000051],[-121.12363801199996,37.722828034000031],[-121.12136901099996,37.72192403400004],[-121.12138301099998,37.72447203400003],[-121.11678300999995,37.724152034000042],[-121.11677401099996,37.726496035000025],[-121.10764300999995,37.732285036000064],[-121.11136201099998,37.740033036000057],[-121.11006201199996,37.742133036000041],[-121.10686101099998,37.74013203700008],[-121.10023100999996,37.740295037000067],[-121.10095500999995,37.737438037000061],[-121.09603200799995,37.736199037000063],[-121.09688700899994,37.734428037000043],[-121.09486100799995,37.733333037000079],[-121.09052700799998,37.735855037000078],[-121.08770300799995,37.741405038000039],[-121.08314000699994,37.741845038000065],[-121.07753000599996,37.737530038000045],[-121.06708700499996,37.739713040000026],[-121.06695400499996,37.744753040000035],[-121.06339900499995,37.743743040000027],[-121.06467000499998,37.746677040000066],[-121.06145400399998,37.746345040000051],[-121.06053700399997,37.749438041000076],[-121.05675300399997,37.750519041000075],[-121.05168600299999,37.748109041000077],[-121.05356600299996,37.745863041000064],[-121.05071900299998,37.745717042000024],[-121.05102800199995,37.741756041000031],[-121.04684300199995,37.742860041000029],[-121.04400400099996,37.738708041000052],[-121.04262300099998,37.741806041000075],[-121.03788499999996,37.739165042000025],[-121.03652499999998,37.743019042000071],[-121.02882899799999,37.740709042000049],[-121.02574599799999,37.742361043000074],[-121.01749299899996,37.755411045000073],[-121.01117899699994,37.755756045000055],[-121.01405499799995,37.754241045000072],[-121.01076599699996,37.751635044000068],[-121.01269399699999,37.749725044000058],[-121.00801299699998,37.749096044000055],[-121.00633999699994,37.751524045000053],[-120.99929499599995,37.753636046000054],[-120.99895199499997,37.757133046000035],[-120.99344599599999,37.760946047000061],[-120.98734599399995,37.756621047000067],[-120.98179899299998,37.756357047000051],[-120.97317799099994,37.747957047000057],[-120.95404498699997,37.738357048000069],[-120.94198298599997,37.742299049000053],[-120.92067798099998,37.73839705000006],[-120.92325798399997,37.757733052000049],[-120.92635999999999,37.886729063000075],[-120.92646202199995,38.077426079000077],[-120.93886302499999,38.088326079000069],[-120.99551004999995,38.225407087000065]]]},"properties":{"STATE_COUNTY_FIPS_CD":"06077","COUNTY_NM":"San Joaquin","MMG_PCT_OVERALL_FI_RATE":12.1000004,"MMG_YEAR":"2020"}},{"type":"Feature","geometry":{"type":"Polygon","coordinates":[[[-120.21399166399999,35.789280917000042],[-121.34732714399996,35.795192390000068],[-121.33186363599998,35.782536364000066],[-121.33217272699994,35.77949090900006],[-121.32579090899998,35.772072727000079],[-121.32479999999998,35.761609091000025],[-121.32755454499994,35.759663636000028],[-121.31665454499995,35.754790909000064],[-121.31559090899998,35.74946363600003],[-121.31881818199997,35.74320909100004],[-121.31583636299996,35.738881818000038],[-121.31707272699998,35.734990909000032],[-121.31536363599997,35.731009091000033],[-121.31848181799995,35.728054545000077],[-121.31401818199998,35.72324545400005],[-121.31294545399999,35.718100000000049],[-121.31657272699999,35.713218182000048],[-121.30803636299999,35.709718182000074],[-121.31072727199995,35.709190909000029],[-121.30682727199996,35.704263636000064],[-121.28979090899998,35.689427273000035],[-121.28758181799998,35.675827273000039],[-121.28474545399996,35.672854545000064],[-121.28659999999996,35.664563636000025],[-121.28427272699997,35.663672727000062],[-121.28171818199996,35.666809091000061],[-121.27150909099998,35.66675454500006],[-121.26780909099995,35.663409091000062],[-121.26003636299998,35.663436364000063],[-121.24216363599999,35.651736364000044],[-121.22101818199997,35.651700000000062],[-121.21218181799998,35.647236364000037],[-121.20836363599994,35.641536364000046],[-121.20185454499995,35.641372727000032],[-121.19456363599994,35.634254545000033],[-121.19290909099999,35.634990909000066],[-121.19529090899999,35.640736364000077],[-121.18889999999999,35.643136364000043],[-121.16670909099997,35.635400000000061],[-121.15446363599995,35.617772727000045],[-121.14823636299997,35.613945454000032],[-121.14258181799994,35.604145454000047],[-121.13355454499998,35.600454545000048],[-121.12602727199999,35.593063636000068],[-121.12184545399998,35.581645454000068],[-121.11524545399999,35.576154545000065],[-121.10800909099999,35.561563636000074],[-121.10372727199996,35.557718182000031],[-121.10506363599995,35.555009091000045],[-121.10160909099994,35.548863636000078],[-121.09818181799994,35.547881818000064],[-121.09147272699994,35.539018182000063],[-121.07511818199998,35.525854545000072],[-121.05991818199999,35.509672727000066],[-121.04857272699996,35.504772727000045],[-121.04659090899997,35.500490909000064],[-121.04240909099997,35.498154545000034],[-121.04286363599999,35.495590909000043],[-121.03799090899997,35.493463636000058],[-121.03835454499995,35.490900000000067],[-121.03292727199999,35.490281818000028],[-121.02817272699997,35.485009091000052],[-121.02304545399994,35.483981818000075],[-121.02307272699994,35.480500000000063],[-121.00456363599994,35.461236364000058],[-120.99780909099997,35.460527273000025],[-120.99249090899997,35.463763636000067],[-120.97899999999998,35.459254545000078],[-120.96811818199996,35.459918182000024],[-120.95199999999994,35.452300000000037],[-120.95074545399996,35.448018182000055],[-120.94550909099996,35.446554545000026],[-120.90793636299998,35.449072727000043],[-120.88802727199999,35.434300000000064],[-120.87379090899998,35.412281818000054],[-120.86716363599999,35.39730000000003],[-120.86423636299997,35.374472727000068],[-120.86518181799994,35.371400000000051],[-120.86979090899996,35.370909091000044],[-120.86969090899998,35.367290909000076],[-120.86552727199995,35.367600000000039],[-120.86043636299996,35.372054545000026],[-120.85618181799998,35.369881818000067],[-120.85120909099999,35.357954545000041],[-120.84594545399995,35.354463636000048],[-120.84368181799999,35.348700000000065],[-120.84493636299999,35.346436364000056],[-120.84020909099996,35.344963636000045],[-120.84444545399998,35.345436364000079],[-120.84206363599998,35.341054545000077],[-120.83881818199995,35.341336364000028],[-120.84161818199999,35.340163636000057],[-120.83357272699999,35.340418182000064],[-120.82725454499996,35.337872727000047],[-120.83334545399998,35.331327273000056],[-120.84359999999998,35.33137272700003],[-120.84438181799999,35.32828181800005],[-120.84015454499996,35.325536364000072],[-120.84133636299998,35.322372727000072],[-120.85031818199997,35.321627273000047],[-120.84797272699996,35.319181818000061],[-120.85104545399997,35.320218182000076],[-120.86465454499995,35.315181818000042],[-120.86670909099996,35.311545454000054],[-120.85759090899995,35.335718182000051],[-120.85869090899996,35.357381818000079],[-120.85548181799999,35.359990909000032],[-120.85682727199998,35.365663636000079],[-120.86252727199997,35.368345454000064],[-120.86115454499998,35.361700000000042],[-120.86544545399994,35.333063636000077],[-120.87895454499994,35.295536364000043],[-120.88938181799995,35.279563636000034],[-120.88829090899998,35.27463636400006],[-120.89524545399996,35.272990909000043],[-120.89369090899999,35.263400000000047],[-120.89475454499996,35.259436364000067],[-120.89966363599996,35.255090909000046],[-120.89687272699996,35.253990909000038],[-120.89561818199996,35.250427273000071],[-120.89765454499997,35.247327273000053],[-120.88625454499999,35.235309091000033],[-120.87469090899998,35.227727273000028],[-120.87268181799999,35.224318182000047],[-120.87377272699996,35.222190909000062],[-120.85948181799995,35.215781818000039],[-120.86193636299998,35.21351818200003],[-120.85671818199995,35.211154545000056],[-120.85635454499999,35.209281818000079],[-120.85869999999994,35.20870909100006],[-120.85696363599999,35.206009091000055],[-120.85646363599994,35.207745454000076],[-120.85328181799997,35.207200000000057],[-120.85520909099995,35.205963636000035],[-120.84943636299994,35.206009091000055],[-120.84516363599994,35.204181818000052],[-120.84606363599994,35.202090909000049],[-120.83863636299998,35.199918182000033],[-120.83880909099997,35.198045454000066],[-120.82742727199997,35.196190909000052],[-120.81799999999998,35.189463636000028],[-120.81259090899999,35.18928181800004],[-120.80668181799996,35.184563636000064],[-120.79541818199999,35.181100000000072],[-120.79410909099994,35.178490909000061],[-120.78607272699998,35.177663636000034],[-120.77877272699999,35.168090909000057],[-120.77086363599994,35.163700000000063],[-120.75410909099998,35.159227273000056],[-120.75642727199994,35.161009091000039],[-120.75699999999995,35.166690909000067],[-120.75527272699998,35.174354545000028],[-120.74887272699999,35.177790909000066],[-120.73836363599997,35.178554545000054],[-120.73925454499999,35.181036364000079],[-120.73793636299996,35.180954545000077],[-120.73429090899998,35.183390909000025],[-120.73191818199996,35.183500000000038],[-120.73027272699994,35.18220000000008],[-120.73426363599998,35.18295454500003],[-120.73799999999994,35.179518182000038],[-120.72508181799998,35.174300000000073],[-120.71606363599994,35.17385454500004],[-120.71647272699994,35.175554545000068],[-120.71419090899997,35.176000000000045],[-120.70567272699998,35.17387272700006],[-120.69890909099996,35.171190909000074],[-120.68658181799998,35.15963636400005],[-120.68049999999999,35.158527273000061],[-120.67499999999995,35.153054545000032],[-120.66838181799994,35.151454545000036],[-120.66247272699997,35.15335454500007],[-120.64748181799996,35.144218182000031],[-120.63400909099994,35.117918182000039],[-120.62958181799996,35.078363636000063],[-120.63124545399995,35.048927273000061],[-120.63569090899995,35.020818182000028],[-120.64910659399999,34.974587661000044],[-120.63415665299999,34.959566810000069],[-120.61631665099998,34.965953812000066],[-120.61315565099994,34.971276813000031],[-120.60221164899997,34.972753813000054],[-120.59551264799995,34.966492813000059],[-120.58552864599994,34.967225814000074],[-120.57520364499999,34.97829581600007],[-120.55493264199998,34.973885816000063],[-120.53858263999996,34.983758819000059],[-120.49623463499995,34.993159822000052],[-120.44026262499995,34.988327824000066],[-120.39106161499996,34.963309825000067],[-120.36125760899995,34.946470826000052],[-120.35304260699996,34.939291825000055],[-120.33730160299996,34.932029825000029],[-120.32443660099995,34.922225825000055],[-120.31799759799998,34.906762824000054],[-120.31197559699996,34.903821824000033],[-120.30546059599999,34.904645824000056],[-120.29946059599996,34.907076825000047],[-120.30025759699998,34.915453826000032],[-120.29352759599999,34.924814827000034],[-120.29235959699997,34.933243828000059],[-120.29521859799996,34.948489829000039],[-120.30399660099999,34.956523830000037],[-120.30196160099996,34.96338583000005],[-120.31563560399997,34.974933831000044],[-120.31443560499997,34.980003831000033],[-120.31601060499997,34.984009832000027],[-120.31897160499994,34.986054832000036],[-120.32627060699997,34.98571583100005],[-120.33393460899998,34.995635832000062],[-120.33456060999998,35.006319833000077],[-120.32383560899996,35.017318835000026],[-120.30993860599995,35.009224835000055],[-120.29024060399996,35.015439836000041],[-120.27863160199996,35.011564837000037],[-120.27715760199999,35.017580837000025],[-120.27368260199995,35.020809838000048],[-120.26660559999999,35.021261839000033],[-120.26140859999998,35.026610839000057],[-120.25995359999996,35.025920840000026],[-120.26133359999994,35.021372839000037],[-120.25746359899995,35.017593839000028],[-120.25000059899997,35.030063840000025],[-120.24069259599997,35.022434841000063],[-120.23298659499994,35.023556841000072],[-120.23181159499995,35.020519841000066],[-120.21578159299997,35.022621842000035],[-120.20991959099996,35.020586842000057],[-120.21030259199995,35.023771842000031],[-120.20477859099998,35.025486843000067],[-120.20333659099998,35.028659843000071],[-120.18839558899998,35.03038284400003],[-120.18641358999997,35.036556845000064],[-120.18051658899998,35.038039845000071],[-120.18492558999998,35.049098846000049],[-120.18058458999997,35.054710847000024],[-120.18015758999996,35.061610848000043],[-120.17294658999998,35.064273849000074],[-120.17458758999999,35.070246849000057],[-120.17171858999995,35.070258849000027],[-120.16762858999999,35.075301850000074],[-120.15558058799996,35.078108851000025],[-120.15528358899996,35.081999851000035],[-120.14940058699995,35.081473852000045],[-120.14898058799997,35.084456852000073],[-120.14293058599998,35.082220852000034],[-120.14088558599997,35.086806853000041],[-120.14535658799997,35.088194852000072],[-120.14152658699999,35.091070853000076],[-120.14318258699996,35.095743853000045],[-120.13834458599996,35.094186853000053],[-120.13597958699995,35.097864855000068],[-120.13005158599998,35.096121854000046],[-120.13050858499997,35.091509853000048],[-120.12799858499994,35.090807854000047],[-120.12438958499996,35.099699856000029],[-120.11934458399998,35.098451856000054],[-120.11968958499995,35.102926856000067],[-120.11675258499997,35.104432856000074],[-120.11687358399996,35.106680857000072],[-120.10993858299997,35.103433856000038],[-120.10741258299998,35.10472685700006],[-120.10834358399995,35.108888857000068],[-120.10229158199996,35.108449857000039],[-120.10218658299999,35.113363858000071],[-120.09792558199996,35.109506858000032],[-120.09328958199995,35.114206859000035],[-120.08829958099994,35.112981858000069],[-120.08209657999998,35.114682859000027],[-120.07951757899997,35.113004859000057],[-120.08560657999999,35.109555858000078],[-120.08495057899995,35.10761485900008],[-120.08075157899998,35.104899858000067],[-120.07242757699998,35.104714858000079],[-120.06732557599997,35.096766858000024],[-120.04853357199994,35.089905859000055],[-120.04405057099996,35.085997859000031],[-120.03957056999997,35.08915685900007],[-120.03282956899994,35.087828859000069],[-120.02932556899998,35.083575859000064],[-120.02409056799996,35.084044859000073],[-120.02333456699995,35.080315859000052],[-120.01827656599994,35.082362860000046],[-120.01406156599995,35.081451860000072],[-120.01359456499995,35.075582859000065],[-120.00560856399994,35.071803860000045],[-120.00202956299995,35.073209860000077],[-119.99257155999999,35.062935860000039],[-119.98857055999997,35.064933860000053],[-119.98246555899999,35.061195860000055],[-119.97967455899999,35.061869860000058],[-119.98013455799997,35.057577859000048],[-119.97788455799997,35.059480860000065],[-119.96695855599995,35.056326861000059],[-119.96503455599998,35.058829861000049],[-119.96192155499995,35.058332861000054],[-119.96070155499996,35.055716861000064],[-119.95579655399996,35.057183861000055],[-119.95428255399997,35.05459286100006],[-119.95222255299996,35.057344861000047],[-119.94877855299995,35.05718186200005],[-119.94273255199994,35.054443862000028],[-119.93993255199996,35.05801486200005],[-119.93787355099994,35.057087863000049],[-119.93901755099995,35.054996862000053],[-119.93162455099997,35.056347863000042],[-119.92843154999997,35.059798864000072],[-119.92180354799996,35.05254786200004],[-119.91837154799998,35.053146863000052],[-119.91731954699998,35.048981863000051],[-119.90944154599998,35.045957863000069],[-119.91211454599994,35.044695863000072],[-119.90830354499997,35.043557862000057],[-119.91026354599995,35.039567862000069],[-119.90707854499999,35.037914862000036],[-119.90191054399997,35.039008863000049],[-119.90198054399997,35.035797862000038],[-119.88966454199999,35.040633863000039],[-119.87828454099997,35.039717864000067],[-119.87509953899996,35.035693864000052],[-119.86600953799996,35.035087865000037],[-119.86334153699994,35.031429864000074],[-119.85452953599997,35.032153865000055],[-119.84799253399996,35.025422864000063],[-119.84418253199999,35.01548086400004],[-119.84119253199998,35.015019864000067],[-119.83083752999994,35.005785863000028],[-119.81318252599999,35.000674864000075],[-119.80996152599994,35.002101864000053],[-119.80389052399994,34.997617864000063],[-119.80103752399998,34.998863865000033],[-119.79900952399998,34.993253864000053],[-119.78930452099996,34.988674865000064],[-119.78041451999997,34.990733865000038],[-119.76387151699998,34.982088865000037],[-119.75505151499999,34.980011866000041],[-119.74557851299994,34.973680866000052],[-119.72701750999994,34.976136867000037],[-119.71857750799995,34.971480867000025],[-119.70057650599995,34.976678869000068],[-119.68457650299996,34.972072869000044],[-119.67317550099995,34.973479870000062],[-119.65529449699994,34.963805870000044],[-119.64427449499999,34.953579869000066],[-119.63487349299999,34.953879870000037],[-119.62477349099998,34.949179871000069],[-119.61311648999998,34.94950687100004],[-119.59247248499997,34.935080871000025],[-119.57987148199999,34.922779871000046],[-119.56297047799995,34.914779871000064],[-119.53576947199997,34.897580871000059],[-119.49046746499999,34.897479873000066],[-119.49036746499996,34.901178873000049],[-119.47276646299997,34.901178874000038],[-119.47273147899995,35.076889893000043],[-119.49072148099998,35.077212892000034],[-119.49064448199999,35.091809893000061],[-119.56098749399996,35.08767788800003],[-119.55365350099999,35.179979898000056],[-119.66706851799995,35.174813891000042],[-119.66667552699994,35.262531900000056],[-119.80946154999998,35.26358889100004],[-119.80935855799999,35.350869900000077],[-119.88018456899999,35.351215895000053],[-119.88005757799999,35.439137904000063],[-119.99740459699996,35.439499896000029],[-119.99739459899996,35.468706900000029],[-120.01567160199994,35.469043898000052],[-120.01461460299998,35.483656900000028],[-120.03332660699999,35.483652899000049],[-120.03325360699995,35.49864690000004],[-120.05106260999997,35.498631899000031],[-120.05124961099995,35.512699901000076],[-120.06891761399999,35.512783899000055],[-120.06866961599997,35.526324901000066],[-120.08668661799999,35.526558900000055],[-120.08593462699997,35.614528908000068],[-120.19393064399998,35.614363902000036],[-120.19415866099996,35.789208919000032],[-120.21399166399999,35.789280917000042]]]},"properties":{"STATE_COUNTY_FIPS_CD":"06079","COUNTY_NM":"San Luis Obispo","MMG_PCT_OVERALL_FI_RATE":9.10000038,"MMG_YEAR":"2020"}},{"type":"Feature","geometry":{"type":"MultiPolygon","coordinates":[[[[-122.42390320799996,37.708240938000074],[-122.50247000799999,37.708137926000063],[-122.49538181799994,37.673836364000067],[-122.49458181799997,37.629690909000033],[-122.49599999999998,37.621454545000063],[-122.49868181799997,37.619772727000054],[-122.49647272699997,37.617927273000078],[-122.49834545399995,37.613300000000038],[-122.49641818199996,37.611436364000042],[-122.49812727199998,37.607845454000028],[-122.50172727199998,37.607018182000047],[-122.49963636299998,37.60280909100004],[-122.50137272699999,37.599672727000041],[-122.50719090899997,37.595809091000035],[-122.51509090899998,37.59824545400005],[-122.51490909099999,37.595409091000079],[-122.52067272699998,37.594027273000052],[-122.51719090899996,37.590636364000034],[-122.51699090899996,37.581736364000051],[-122.52009090899998,37.574154545000056],[-122.51769090899995,37.567945454000039],[-122.51469090899997,37.566736364000064],[-122.51549090899999,37.55833636400007],[-122.51369090899999,37.552236364000066],[-122.51949090899996,37.537136364000048],[-122.51679090899995,37.528536364000047],[-122.51779090899998,37.52403636400004],[-122.51208181799996,37.513736364000067],[-122.49959090899995,37.501345454000045],[-122.49929090899997,37.495345454000073],[-122.49549090899995,37.495145454000067],[-122.49379090899998,37.492336364000039],[-122.48790909099995,37.494045454000059],[-122.49339090899997,37.492845454000076],[-122.49589999999995,37.499354545000074],[-122.48681818199998,37.503136364000056],[-122.47739090899995,37.502345454000078],[-122.46788181799997,37.498145454000053],[-122.45210909099995,37.480536364000045],[-122.44602727199998,37.461527273000058],[-122.44369999999998,37.435990909000054],[-122.43179090899997,37.410945454000057],[-122.42779090899995,37.409645454000042],[-122.42779090899995,37.405745454000055],[-122.42309090899994,37.398863636000044],[-122.42328181799996,37.392545454000071],[-122.41578181799997,37.38474545400004],[-122.41488181799997,37.37904545400005],[-122.40925454499995,37.374809091000031],[-122.40829999999994,37.364018182000052],[-122.40164545399995,37.360645454000064],[-122.39988181799998,37.356645454000045],[-122.40236363599996,37.348081818000026],[-122.40106363599995,37.340072727000063],[-122.40648181799997,37.291445454000041],[-122.41911818199998,37.24147272700003],[-122.40718181799997,37.219472727000039],[-122.40932727199998,37.214290909000056],[-122.40473636299998,37.205309091000061],[-122.40554545399999,37.197081818000072],[-122.39801818199999,37.19214545400007],[-122.39480909099996,37.181381818000034],[-122.38539090899997,37.183054545000061],[-122.36708181799997,37.173145454000064],[-122.36179090899998,37.16359090900005],[-122.36026363599996,37.149354545000051],[-122.35588181799994,37.149254545000076],[-122.35194545399997,37.145490909000046],[-122.34581818199996,37.145490909000046],[-122.33804545399994,37.136327273000063],[-122.33708181799994,37.130790909000041],[-122.33940909099999,37.120900000000063],[-122.33761818199997,37.117709091000052],[-122.33177272699999,37.116872727000043],[-122.32944545399999,37.112427273000037],[-122.31116363599995,37.117872727000076],[-122.29871818199996,37.112136364000037],[-122.29312403399996,37.107109063000053],[-122.28939512099998,37.113476899000034],[-122.31179512899996,37.147549899000069],[-122.31769513299997,37.186949902000038],[-122.28859412899999,37.186749904000067],[-122.26889412699995,37.189847906000068],[-122.24267312199999,37.190039908000074],[-122.24258612599999,37.215138911000054],[-122.15278711199994,37.21544891700006],[-122.15229111999997,37.286059923000039],[-122.15624712099998,37.291816923000056],[-122.16685112299996,37.295241922000059],[-122.16208312299995,37.304237924000063],[-122.16659712399996,37.305621923000047],[-122.17082512499996,37.311986923000063],[-122.17763312599999,37.312385923000079],[-122.18233312699999,37.309532922000074],[-122.18558312799996,37.311674922000066],[-122.18661012799998,37.315552923000041],[-122.19307512899996,37.318281923000029],[-122.18652912899995,37.322035923000044],[-122.18305112799999,37.327318924000053],[-122.17508812799997,37.325745924000046],[-122.19417713299998,37.345672925000031],[-122.20248013499997,37.360276925000051],[-122.20071913599998,37.371968927000069],[-122.19051813699997,37.385257928000044],[-122.19002913799994,37.394861929000058],[-122.19455313999998,37.407938930000057],[-122.19235113999997,37.413916931000074],[-122.18717213899998,37.416339931000039],[-122.19028013999997,37.418481931000031],[-122.18792813999994,37.42019193200008],[-122.19131814099995,37.425191931000029],[-122.18945814099999,37.427465932000075],[-122.19053914099999,37.431290932000024],[-122.18443514099999,37.43422993300004],[-122.18218814199997,37.439482934000068],[-122.16876013999996,37.447439935000034],[-122.16517713999997,37.452985936000061],[-122.15580413899994,37.454131936000067],[-122.15255613899996,37.457685937000065],[-122.14749013799997,37.456502937000039],[-122.14467113699999,37.458209937000049],[-122.12865113499998,37.451889938000079],[-122.12411813399996,37.45287593900008],[-122.12196513399999,37.454186939000067],[-122.12390813499997,37.461121939000066],[-122.11531769799996,37.466189513000074],[-122.12197272699996,37.472836364000045],[-122.12108181799999,37.476572727000075],[-122.12347272699998,37.476527273000045],[-122.12758181799995,37.499736364000057],[-122.13267272699994,37.505336364000073],[-122.13937272699997,37.50783636400007],[-122.15789090899995,37.500545454000076],[-122.17767272699996,37.510436364000043],[-122.18117272699999,37.520136364000052],[-122.18287272699996,37.520936364000079],[-122.18437272699998,37.517236364000041],[-122.19657272699999,37.523636364000026],[-122.20287272699994,37.520436364000034],[-122.20557272699995,37.514245454000047],[-122.21049090899999,37.510763636000036],[-122.21329090899997,37.502600000000029],[-122.21089090899994,37.500454545000025],[-122.21450909099997,37.502109091000079],[-122.21467272699999,37.506036364000067],[-122.21028181799994,37.515645454000037],[-122.19417272699997,37.532236364000028],[-122.19677272699994,37.536936364000042],[-122.20667272699995,37.539136364000058],[-122.21627272699999,37.538236364000056],[-122.21717272699999,37.541836364000062],[-122.22347272699994,37.541536364000081],[-122.23037272699997,37.530136364000043],[-122.23897272699998,37.527636364000045],[-122.24547272699999,37.515236364000032],[-122.24339090899997,37.505063636000045],[-122.24747272699994,37.513336364000054],[-122.24681818199997,37.526036364000049],[-122.24299999999999,37.530572727000049],[-122.23117272699994,37.534136364000062],[-122.22397272699999,37.545936364000056],[-122.24368181799997,37.548336364000079],[-122.24640909099998,37.55034545400008],[-122.25099999999998,37.546454545000074],[-122.24906363599996,37.541390909000029],[-122.25075454499995,37.539181818000031],[-122.25882727199996,37.539645454000038],[-122.25895454499999,37.529672727000047],[-122.26064545399998,37.532663636000052],[-122.26499090899995,37.533409091000067],[-122.26935454499994,37.528581818000077],[-122.26699999999994,37.533545454000034],[-122.26092727199995,37.534036364000031],[-122.25971818199997,37.540800000000047],[-122.25255454499995,37.541681818000029],[-122.25423636299996,37.547836364000034],[-122.24625454499994,37.554209091000075],[-122.24544545399999,37.557572727000036],[-122.25119090899994,37.567272727000045],[-122.26311818199997,37.572818182000049],[-122.27479090899999,37.569836364000025],[-122.28001818199999,37.570618182000032],[-122.28026363599997,37.573518182000043],[-122.28609999999998,37.57571818200006],[-122.29349999999999,37.571645454000077],[-122.29209999999995,37.570400000000063],[-122.29338181799994,37.570036364000032],[-122.28851818199996,37.569090909000067],[-122.28718181799997,37.567436364000059],[-122.29268181799995,37.567636364000066],[-122.29683636299995,37.571600000000046],[-122.29683636299995,37.575363636000077],[-122.30558181799995,37.574836364000078],[-122.31675454499998,37.584381818000054],[-122.31458181799997,37.585845454000037],[-122.31548181799997,37.590736364000065],[-122.31528181799996,37.58713636400006],[-122.31708181799996,37.58713636400006],[-122.31738181799994,37.590236364000077],[-122.31838181799998,37.586936364000053],[-122.31908181799997,37.591036364000047],[-122.31528181799996,37.591336364000028],[-122.32118181799996,37.591827273000035],[-122.33460909099995,37.587536364000073],[-122.33459090899999,37.592672727000036],[-122.33777272699996,37.592563636000079],[-122.33816363599999,37.587145454000051],[-122.35740909099997,37.588090909000073],[-122.35160909099994,37.590118182000026],[-122.35149999999999,37.588436364000074],[-122.33837272699998,37.588100000000054],[-122.33818181799995,37.592554545000041],[-122.34078181799998,37.592736364000075],[-122.33988181799998,37.590236364000077],[-122.34648181799997,37.589036364000037],[-122.34828181799998,37.591336364000028],[-122.34368181799999,37.592636364000043],[-122.36052727199996,37.592563636000079],[-122.36487272699998,37.596145454000066],[-122.36448181799994,37.597936364000077],[-122.37828181799995,37.605327273000057],[-122.37178181799999,37.614836364000041],[-122.35838181799994,37.609936364000077],[-122.35488181799997,37.615536364000036],[-122.36808181799995,37.621536364000065],[-122.36538181799995,37.62853636400007],[-122.37298181799997,37.62793636400005],[-122.37958181799996,37.632736364000039],[-122.38005454499995,37.630536364000079],[-122.38531818199999,37.628890909000063],[-122.38872727199998,37.630354545000046],[-122.38904545399998,37.632736364000039],[-122.38598181799995,37.635263636000047],[-122.38076363599998,37.635190909000073],[-122.38586363599995,37.639209091000055],[-122.39137272699998,37.638609091000035],[-122.39096363599998,37.644718182000076],[-122.39357272699999,37.64191818200004],[-122.39187272699996,37.63850909100006],[-122.39458181799995,37.639118182000061],[-122.40125454499997,37.639009091000048],[-122.40338181799996,37.638418182000066],[-122.40107272699998,37.63479090900006],[-122.40159999999997,37.63365454500007],[-122.40409090899999,37.638072727000065],[-122.40400909099998,37.638636364000035],[-122.40140909099995,37.639318182000068],[-122.39467272699994,37.639800000000037],[-122.39750909099996,37.641990909000071],[-122.39410909099996,37.64450000000005],[-122.39700909099997,37.642700000000048],[-122.40092727199999,37.643754545000036],[-122.39682727199994,37.642963636000047],[-122.39198181799998,37.648136364000038],[-122.37977272699999,37.648554545000025],[-122.37677272699995,37.655854545000068],[-122.37448181799999,37.656054545000075],[-122.37976363599995,37.66103636400004],[-122.37438181799996,37.661336364000078],[-122.37428181799999,37.662836364000043],[-122.38228181799997,37.662936364000075],[-122.38358181799998,37.664736364000078],[-122.38158181799997,37.664736364000078],[-122.38188181799995,37.667254545000048],[-122.38672727199997,37.667254545000048],[-122.38682727199995,37.663727273000063],[-122.38884545399998,37.665645454000071],[-122.39549999999997,37.664936364000027],[-122.39136363599999,37.66675454500006],[-122.39209999999997,37.668436364000058],[-122.38016363599996,37.669709091000072],[-122.38016363599996,37.677836364000029],[-122.38758181799994,37.679136364000044],[-122.39265613299995,37.70833594000004],[-122.42390320799996,37.708240938000074]]],[[[-122.28909090899998,37.567954545000077],[-122.28792727199999,37.568100000000072],[-122.29099090899996,37.568627273000061],[-122.28909090899998,37.567954545000077]]],[[[-122.38745189699995,37.708336618000033],[-122.38750578299999,37.70833594100003],[-122.38747272699999,37.708318182000028],[-122.38745189699995,37.708336618000033]]]]},"properties":{"STATE_COUNTY_FIPS_CD":"06081","COUNTY_NM":"San Mateo","MMG_PCT_OVERALL_FI_RATE":7.0999999,"MMG_YEAR":"2020"}},{"type":"Feature","geometry":{"type":"MultiPolygon","coordinates":[[[[-120.07951757899997,35.113004859000057],[-120.08209657999998,35.114682859000027],[-120.08829958099994,35.112981858000069],[-120.09328958199995,35.114206859000035],[-120.09792558199996,35.109506858000032],[-120.10218658299999,35.113363858000071],[-120.10229158199996,35.108449857000039],[-120.10834358399995,35.108888857000068],[-120.10741258299998,35.10472685700006],[-120.10993858299997,35.103433856000038],[-120.11687358399996,35.106680857000072],[-120.11675258499997,35.104432856000074],[-120.11968958499995,35.102926856000067],[-120.11934458399998,35.098451856000054],[-120.12438958499996,35.099699856000029],[-120.12799858499994,35.090807854000047],[-120.13050858499997,35.091509853000048],[-120.13005158599998,35.096121854000046],[-120.13597958699995,35.097864855000068],[-120.13834458599996,35.094186853000053],[-120.14318258699996,35.095743853000045],[-120.14152658699999,35.091070853000076],[-120.14535658799997,35.088194852000072],[-120.14088558599997,35.086806853000041],[-120.14293058599998,35.082220852000034],[-120.14898058799997,35.084456852000073],[-120.14940058699995,35.081473852000045],[-120.15528358899996,35.081999851000035],[-120.15558058799996,35.078108851000025],[-120.16762858999999,35.075301850000074],[-120.17171858999995,35.070258849000027],[-120.17458758999999,35.070246849000057],[-120.17294658999998,35.064273849000074],[-120.18015758999996,35.061610848000043],[-120.18058458999997,35.054710847000024],[-120.18492558999998,35.049098846000049],[-120.18051658899998,35.038039845000071],[-120.18641358999997,35.036556845000064],[-120.18839558899998,35.03038284400003],[-120.20333659099998,35.028659843000071],[-120.20477859099998,35.025486843000067],[-120.21030259199995,35.023771842000031],[-120.20991959099996,35.020586842000057],[-120.21578159299997,35.022621842000035],[-120.23181159499995,35.020519841000066],[-120.23298659499994,35.023556841000072],[-120.24069259599997,35.022434841000063],[-120.25000059899997,35.030063840000025],[-120.25746359899995,35.017593839000028],[-120.26133359999994,35.021372839000037],[-120.25995359999996,35.025920840000026],[-120.26140859999998,35.026610839000057],[-120.26660559999999,35.021261839000033],[-120.27368260199995,35.020809838000048],[-120.27715760199999,35.017580837000025],[-120.27863160199996,35.011564837000037],[-120.29024060399996,35.015439836000041],[-120.30993860599995,35.009224835000055],[-120.32383560899996,35.017318835000026],[-120.33456060999998,35.006319833000077],[-120.33393460899998,34.995635832000062],[-120.32627060699997,34.98571583100005],[-120.31897160499994,34.986054832000036],[-120.31601060499997,34.984009832000027],[-120.31443560499997,34.980003831000033],[-120.31563560399997,34.974933831000044],[-120.30196160099996,34.96338583000005],[-120.30399660099999,34.956523830000037],[-120.29521859799996,34.948489829000039],[-120.29235959699997,34.933243828000059],[-120.29352759599999,34.924814827000034],[-120.30025759699998,34.915453826000032],[-120.29946059599996,34.907076825000047],[-120.30546059599999,34.904645824000056],[-120.31197559699996,34.903821824000033],[-120.31799759799998,34.906762824000054],[-120.32443660099995,34.922225825000055],[-120.33730160299996,34.932029825000029],[-120.35304260699996,34.939291825000055],[-120.36125760899995,34.946470826000052],[-120.39106161499996,34.963309825000067],[-120.44026262499995,34.988327824000066],[-120.49623463499995,34.993159822000052],[-120.53858263999996,34.983758819000059],[-120.55493264199998,34.973885816000063],[-120.57520364499999,34.97829581600007],[-120.58552864599994,34.967225814000074],[-120.59551264799995,34.966492813000059],[-120.60221164899997,34.972753813000054],[-120.61315565099994,34.971276813000031],[-120.61631665099998,34.965953812000066],[-120.63415665299999,34.959566810000069],[-120.64910659399999,34.974587661000044],[-120.66199090899994,34.936436364000031],[-120.66677272699997,34.930327273000046],[-120.66385454499999,34.928400000000067],[-120.66435454499998,34.920318182000074],[-120.67155454499999,34.902854545000025],[-120.66478181799999,34.900863636000054],[-120.64699999999999,34.901000000000067],[-120.63958181799995,34.889727273000062],[-120.63928181799997,34.880418182000028],[-120.61632727199998,34.866736364000076],[-120.61026363599996,34.858181818000048],[-120.60989999999998,34.842754545000048],[-120.61679090899997,34.814063636000071],[-120.62310909099995,34.791809091000061],[-120.63741818199998,34.755890909000072],[-120.63129090899997,34.753027273000043],[-120.62931818199996,34.748509091000074],[-120.63020909099998,34.744300000000067],[-120.62631818199998,34.738072727000031],[-120.61549090899996,34.732290909000028],[-120.60045454499999,34.704636364000066],[-120.60631818199994,34.682318182000074],[-120.61918181799996,34.648181818000069],[-120.63789090899996,34.60763636400003],[-120.64331818199997,34.603536364000036],[-120.63980909099996,34.59650909100003],[-120.64252727199994,34.588836364000031],[-120.64598181799994,34.587490909000053],[-120.64496363599994,34.580072727000072],[-120.65058181799998,34.576800000000048],[-120.64228181799996,34.575518182000053],[-120.64137272699998,34.572563636000041],[-120.63832727199997,34.571963636000078],[-120.63929999999999,34.567618182000047],[-120.63722727199996,34.564800000000048],[-120.63988181799999,34.563381818000039],[-120.63587272699999,34.562327273000051],[-120.63619999999997,34.560109091000072],[-120.63232727199994,34.56140909100003],[-120.62365454499997,34.553809091000062],[-120.61200909099995,34.553563636000035],[-120.60835454499994,34.556654545000072],[-120.58129090899996,34.556963636000035],[-120.55320909099999,34.541072727000028],[-120.54098181799998,34.53914545400005],[-120.51169999999996,34.523181818000069],[-120.50252727199995,34.511618182000063],[-120.49639090899996,34.494881818000067],[-120.47799090899997,34.477836364000041],[-120.47093636299996,34.451509091000048],[-120.47176363599999,34.448009091000074],[-120.46300909099995,34.448463636000042],[-120.45264545399999,34.44212727300004],[-120.45142727199999,34.447090909000053],[-120.44197272699995,34.451509091000048],[-120.42326363599994,34.449590909000051],[-120.41829090899995,34.452790909000043],[-120.40809999999999,34.454645454000058],[-120.34137272699996,34.458790909000072],[-120.33161818199994,34.462818182000035],[-120.30350909099997,34.466463636000071],[-120.29505454499997,34.470627273000048],[-120.27821818199999,34.46668181800004],[-120.27308181799998,34.468554545000075],[-120.23799999999994,34.468100000000049],[-120.22382727199999,34.470763636000072],[-120.16874545399997,34.469663636000064],[-120.15232727199998,34.473254545000032],[-120.13494545399999,34.473036364000052],[-120.11741818199999,34.469672727000045],[-120.08859090899995,34.460209091000024],[-120.03882727199999,34.463436364000074],[-120.02358181799997,34.457663636000063],[-120.01824545399995,34.461463636000076],[-120.00807272699996,34.46044545400008],[-119.98980909099998,34.449618182000052],[-119.98254545399999,34.449436364000064],[-119.95643636299997,34.435290909000059],[-119.92522727199997,34.433927273000052],[-119.88337272699999,34.412290909000035],[-119.87797272699999,34.407000000000039],[-119.86248181799999,34.408990909000067],[-119.84428181799996,34.404100000000028],[-119.84018181799996,34.413090909000061],[-119.83577272699995,34.415800000000047],[-119.79477272699995,34.41760000000005],[-119.74309090899999,34.402300000000025],[-119.72936363599996,34.395890909000059],[-119.70906363599994,34.395400000000052],[-119.69166363599999,34.403100000000052],[-119.69336363599996,34.406200000000069],[-119.69196363599997,34.408600000000035],[-119.69026363599994,34.406700000000058],[-119.68876363599998,34.411600000000078],[-119.68466363599998,34.408300000000054],[-119.68811818199998,34.412590909000073],[-119.67181818199998,34.41615454500004],[-119.64866363599998,34.417427273000044],[-119.63886363599994,34.415700000000072],[-119.63086363599996,34.418900000000065],[-119.62066363599996,34.418500000000051],[-119.61687272699999,34.421000000000049],[-119.59336363599999,34.41820000000007],[-119.57657272699998,34.41219090900006],[-119.56754545399997,34.414590909000026],[-119.55949090899998,34.413409091000062],[-119.53695454499996,34.395490909000046],[-119.52923636299994,34.395081818000051],[-119.51064545399998,34.386290909000024],[-119.49009090899995,34.382472727000049],[-119.47666619899996,34.373203790000048],[-119.47762841799999,34.379745820000039],[-119.47302741699997,34.37949382000005],[-119.47269941699994,34.383666821000077],[-119.46842641699999,34.386611822000077],[-119.46873941699999,34.388408822000031],[-119.45181741499999,34.396994824000046],[-119.44565241499998,34.404261825000049],[-119.44542341499999,34.408885825000027],[-119.45443441799995,34.418338826000024],[-119.45457941699999,34.421747826000058],[-119.45315341799994,34.428949827000054],[-119.44472941599997,34.429514827000048],[-119.44042641699997,34.441846829000042],[-119.44330341899996,34.449529830000074],[-119.44159441799997,34.451871830000073],[-119.44236445799999,34.901278876000049],[-119.47276646299997,34.901178874000038],[-119.49036746499996,34.901178873000049],[-119.49046746499999,34.897479873000066],[-119.53576947199997,34.897580871000059],[-119.56297047799995,34.914779871000064],[-119.57987148199999,34.922779871000046],[-119.59247248499997,34.935080871000025],[-119.61311648999998,34.94950687100004],[-119.62477349099998,34.949179871000069],[-119.63487349299999,34.953879870000037],[-119.64427449499999,34.953579869000066],[-119.65529449699994,34.963805870000044],[-119.67317550099995,34.973479870000062],[-119.68457650299996,34.972072869000044],[-119.70057650599995,34.976678869000068],[-119.71857750799995,34.971480867000025],[-119.72701750999994,34.976136867000037],[-119.74557851299994,34.973680866000052],[-119.75505151499999,34.980011866000041],[-119.76387151699998,34.982088865000037],[-119.78041451999997,34.990733865000038],[-119.78930452099996,34.988674865000064],[-119.79900952399998,34.993253864000053],[-119.80103752399998,34.998863865000033],[-119.80389052399994,34.997617864000063],[-119.80996152599994,35.002101864000053],[-119.81318252599999,35.000674864000075],[-119.83083752999994,35.005785863000028],[-119.84119253199998,35.015019864000067],[-119.84418253199999,35.01548086400004],[-119.84799253399996,35.025422864000063],[-119.85452953599997,35.032153865000055],[-119.86334153699994,35.031429864000074],[-119.86600953799996,35.035087865000037],[-119.87509953899996,35.035693864000052],[-119.87828454099997,35.039717864000067],[-119.88966454199999,35.040633863000039],[-119.90198054399997,35.035797862000038],[-119.90191054399997,35.039008863000049],[-119.90707854499999,35.037914862000036],[-119.91026354599995,35.039567862000069],[-119.90830354499997,35.043557862000057],[-119.91211454599994,35.044695863000072],[-119.90944154599998,35.045957863000069],[-119.91731954699998,35.048981863000051],[-119.91837154799998,35.053146863000052],[-119.92180354799996,35.05254786200004],[-119.92843154999997,35.059798864000072],[-119.93162455099997,35.056347863000042],[-119.93901755099995,35.054996862000053],[-119.93787355099994,35.057087863000049],[-119.93993255199996,35.05801486200005],[-119.94273255199994,35.054443862000028],[-119.94877855299995,35.05718186200005],[-119.95222255299996,35.057344861000047],[-119.95428255399997,35.05459286100006],[-119.95579655399996,35.057183861000055],[-119.96070155499996,35.055716861000064],[-119.96192155499995,35.058332861000054],[-119.96503455599998,35.058829861000049],[-119.96695855599995,35.056326861000059],[-119.97788455799997,35.059480860000065],[-119.98013455799997,35.057577859000048],[-119.97967455899999,35.061869860000058],[-119.98246555899999,35.061195860000055],[-119.98857055999997,35.064933860000053],[-119.99257155999999,35.062935860000039],[-120.00202956299995,35.073209860000077],[-120.00560856399994,35.071803860000045],[-120.01359456499995,35.075582859000065],[-120.01406156599995,35.081451860000072],[-120.01827656599994,35.082362860000046],[-120.02333456699995,35.080315859000052],[-120.02409056799996,35.084044859000073],[-120.02932556899998,35.083575859000064],[-120.03282956899994,35.087828859000069],[-120.03957056999997,35.08915685900007],[-120.04405057099996,35.085997859000031],[-120.04853357199994,35.089905859000055],[-120.06732557599997,35.096766858000024],[-120.07242757699998,35.104714858000079],[-120.08075157899998,35.104899858000067],[-120.08495057899995,35.10761485900008],[-120.08560657999999,35.109555858000078],[-120.07951757899997,35.113004859000057]]],[[[-119.91700909099995,34.077354545000048],[-119.91915454499997,34.077281818000074],[-119.91794545399995,34.075154545000032],[-119.92333636299998,34.069363636000048],[-119.91836363599998,34.063018182000064],[-119.92287272699997,34.059609091000027],[-119.92985454499996,34.059609091000027],[-119.92507272699999,34.056636364000042],[-119.91621818199997,34.058354545000043],[-119.90728181799994,34.054990909000026],[-119.88721818199997,34.04200000000003],[-119.88671818199998,34.037063636000028],[-119.88185454499995,34.036436364000053],[-119.87632727199997,34.032090909000033],[-119.87818181799997,34.020390909000071],[-119.88225454499997,34.015545454000062],[-119.88252727199995,34.011672727000075],[-119.88737272699996,34.007463636000068],[-119.87418181799995,33.980009091000056],[-119.86453636299996,33.978800000000035],[-119.85043636299997,33.967954545000055],[-119.84274545399995,33.970336364000048],[-119.83046363599999,33.968581818000075],[-119.82024545399997,33.96327272700006],[-119.81793636299994,33.959954545000073],[-119.80324545399998,33.963636364000024],[-119.79138181799999,33.961900000000071],[-119.78967272699998,33.95926363600006],[-119.77170909099999,33.962372727000059],[-119.75814545399999,33.959209091000048],[-119.75487272699996,33.962572727000065],[-119.74296363599996,33.963881818000061],[-119.72120909099999,33.959581818000061],[-119.71469999999999,33.961436364000065],[-119.70695454499997,33.969181818000038],[-119.70038181799998,33.966818182000054],[-119.69969999999995,33.971127273000036],[-119.69010909099995,33.972227273000044],[-119.68187272699998,33.977354545000026],[-119.67013636299998,33.980327273000057],[-119.66282727199996,33.985890909000034],[-119.65240909099998,33.988018182000076],[-119.63336363599996,33.987118182000074],[-119.62111818199998,33.988990909000051],[-119.61325454499996,33.98690909100003],[-119.59086363599999,33.988754545000063],[-119.57563636299994,33.996009091000076],[-119.55974545399999,33.995418182000037],[-119.55447272699996,33.99781818200006],[-119.54707272699994,34.00547272700004],[-119.54828181799996,34.00981818200006],[-119.54259090899995,34.014945454000042],[-119.54399090899994,34.018400000000042],[-119.54244545399996,34.021081818000027],[-119.53884545399995,34.023990909000076],[-119.52768181799996,34.026454545000036],[-119.52055454499998,34.034127273000024],[-119.52959999999996,34.04115454500004],[-119.54620909099998,34.043972727000039],[-119.55589090899997,34.048627273000079],[-119.55792727199997,34.052627273000041],[-119.56301818199995,34.055654545000039],[-119.56678181799998,34.051718182000059],[-119.57214545399995,34.052400000000034],[-119.57506363599998,34.049718182000049],[-119.58501818199994,34.053563636000035],[-119.58881818199995,34.051554545000045],[-119.58809999999994,34.049490909000042],[-119.59324545399994,34.049627273000056],[-119.59043636299998,34.046945454000024],[-119.59540909099996,34.048936364000042],[-119.59554545399999,34.045390909000048],[-119.60069090899998,34.044309091000059],[-119.60456363599997,34.04060000000004],[-119.60794545399995,34.040872727000078],[-119.60627272699998,34.039136364000058],[-119.60926363599998,34.036045454000032],[-119.60431818199999,34.031954545000076],[-119.60486363599995,34.029681818000029],[-119.61569090899997,34.01858181800003],[-119.63774545399997,34.013181818000078],[-119.64117272699997,34.016272727000057],[-119.65148181799998,34.015518182000051],[-119.65395454499998,34.01978181800007],[-119.66503636299996,34.016527273000065],[-119.67389090899997,34.019481818000031],[-119.68650909099995,34.01980909100007],[-119.69299999999998,34.029100000000028],[-119.70349999999996,34.033054545000027],[-119.70309090899997,34.036790909000047],[-119.71257272699995,34.043263636000063],[-119.72359999999998,34.044572727000059],[-119.72643636299995,34.047909091000065],[-119.73358181799995,34.045936364000056],[-119.73897272699998,34.046963636000044],[-119.74214545399997,34.05088181800005],[-119.74789090899998,34.050736364000045],[-119.74775454499996,34.053027273000055],[-119.75590909099998,34.052845454000078],[-119.75551818199995,34.056718182000054],[-119.75868181799996,34.058800000000076],[-119.76919090899997,34.055054545000075],[-119.78585454499995,34.05773636400005],[-119.78673636299999,34.055100000000039],[-119.78915454499997,34.055054545000075],[-119.78989999999999,34.057390909000048],[-119.79787272699997,34.057045454000047],[-119.79663636299995,34.056018182000059],[-119.80031818199996,34.053254545000073],[-119.81029999999998,34.050981818000025],[-119.81566363599995,34.054190909000056],[-119.81863636299994,34.05259090900006],[-119.82586363599995,34.059790909000071],[-119.82921818199998,34.058718182000064],[-119.83235454499999,34.062445454000056],[-119.85106363599999,34.067500000000052],[-119.85730909099999,34.071300000000065],[-119.86533636299998,34.069672727000068],[-119.87660909099998,34.074109091000025],[-119.89112727199995,34.072854545000041],[-119.89586363599994,34.075009091000027],[-119.89916363599997,34.07340909100003],[-119.91700909099995,34.077354545000048]]],[[[-120.05455454499997,34.03748181800006],[-120.05999999999995,34.036472727000046],[-120.06613636299994,34.029263636000053],[-120.07044545399998,34.029327273000035],[-120.07401818199997,34.024109091000071],[-120.09018181799996,34.01980909100007],[-120.11505454499996,34.019863636000025],[-120.12033636299998,34.023181818000069],[-120.12531818199994,34.022472727000036],[-120.14036363599996,34.025972727000067],[-120.14764545399998,34.024836364000066],[-120.15130909099997,34.018172727000035],[-120.16730909099999,34.008218182000064],[-120.17783636299998,34.005936364000036],[-120.18659999999994,34.007354545000055],[-120.19578181799994,34.004281818000038],[-120.20848181799994,34.005654545000027],[-120.22129090899995,34.01037272700006],[-120.22999999999996,34.010136364000061],[-120.23896363599999,34.008872727000039],[-120.24157272699995,34.004727273000071],[-120.25041818199998,34.001336364000053],[-120.24656363599996,34.000000000000057],[-120.24705454499997,33.997563636000052],[-120.24391818199996,33.999054545000035],[-120.24054545399997,33.997390909000046],[-120.23889090899996,33.992854545000057],[-120.22300909099999,33.98755454500008],[-120.21907272699997,33.978163636000033],[-120.20767272699999,33.969954545000064],[-120.19959090899999,33.956354545000067],[-120.19909999999999,33.951545454000041],[-120.18972727199997,33.947909091000042],[-120.17905454499999,33.927990909000073],[-120.18017272699996,33.924354545000028],[-120.17149999999998,33.922090909000076],[-120.16809999999998,33.917236364000075],[-120.16129090899994,33.916390909000029],[-120.15670909099998,33.912218182000061],[-120.15211818199998,33.912309091000054],[-120.12077272699997,33.894572727000025],[-120.11344545399999,33.894136364000076],[-120.10908181799999,33.895990909000034],[-120.10864545399994,33.900827273000061],[-120.10549090899997,33.904281818000072],[-120.09859999999998,33.907854545000077],[-120.07721818199997,33.908609091000073],[-120.06969999999995,33.91250000000008],[-120.04968181799995,33.914563636000025],[-120.04688181799997,33.919600000000059],[-120.02793636299998,33.927672727000072],[-120.01771818199995,33.936363636000067],[-119.99615454499997,33.942245454000044],[-119.96770909099996,33.942918182000028],[-119.97127272699998,33.945645454000044],[-119.97056363599995,33.951754545000028],[-119.97724545399996,33.957909091000033],[-119.97769090899999,33.967081818000054],[-119.97991818199995,33.969627273000071],[-119.97923636299998,33.983354545000054],[-120.01112727199995,33.979890909000062],[-120.01466363599997,33.983445454000048],[-120.02565454499995,33.98555454500007],[-120.02738181799998,33.988281818000075],[-120.03474545399996,33.990318182000067],[-120.04562727199999,33.998354545000041],[-120.05038181799995,34.013327273000073],[-120.04779999999994,34.021227273000079],[-120.04399999999998,34.024818182000047],[-120.04515454499995,34.031136364000076],[-120.04325454499997,34.035809091000033],[-120.05455454499997,34.03748181800006]]],[[[-120.36579999999998,34.074109091000025],[-120.36915454499996,34.076236364000067],[-120.37009090899994,34.07460909100007],[-120.36607272699996,34.071363636000058],[-120.36870909099997,34.067263636000064],[-120.38546363599994,34.054672727000025],[-120.39619090899998,34.050190909000037],[-120.40147272699994,34.050236364000057],[-120.41065454499994,34.052500000000066],[-120.41453636299997,34.056072727000071],[-120.41896363599994,34.051936364000028],[-120.42878181799995,34.048200000000065],[-120.43801818199995,34.037881818000074],[-120.44907272699999,34.03714545400004],[-120.45036363599996,34.033990909000067],[-120.44726363599995,34.032136364000053],[-120.45237272699995,34.029427273000067],[-120.43975454499997,34.031718182000077],[-120.43760909099996,34.029063636000046],[-120.434772727,34.029590909000035],[-120.42740909099996,34.025427273000048],[-120.41909999999996,34.027618182000026],[-120.41522727199998,34.032245454000076],[-120.40937272699995,34.032200000000046],[-120.38267272699994,34.024318182000059],[-120.37461818199995,34.018481818000055],[-120.35936363599996,34.013836364000042],[-120.35531818199996,34.017918182000074],[-120.34770909099996,34.020118182000033],[-120.31705454499996,34.018836364000038],[-120.29569090899997,34.02180909100008],[-120.30709999999999,34.02577272700006],[-120.31270909099999,34.034336364000069],[-120.31221818199998,34.036781818000065],[-120.33116363599999,34.049100000000067],[-120.34694545399998,34.046572727000068],[-120.35789090899999,34.049636364000037],[-120.36067272699995,34.054745454000056],[-120.35498181799994,34.059254545000044],[-120.35809090899994,34.061681818000068],[-120.35812727199999,34.066009091000069],[-120.36161818199997,34.068163636000065],[-120.36172727199994,34.073654545000068],[-120.36579999999998,34.074109091000025]]],[[[-119.02889090899998,33.487618182000062],[-119.03807272699999,33.482145454000033],[-119.04777272699999,33.483318182000062],[-119.04269999999997,33.476145454000061],[-119.04324545399999,33.47101818200008],[-119.03605454499996,33.464790909000044],[-119.03269999999998,33.465954545000045],[-119.03094545399995,33.473354545000063],[-119.02790909099997,33.475600000000043],[-119.03034545399998,33.481890909000072],[-119.02889090899998,33.487618182000062]]]]},"properties":{"STATE_COUNTY_FIPS_CD":"06083","COUNTY_NM":"Santa Barbara","MMG_PCT_OVERALL_FI_RATE":9.19999981,"MMG_YEAR":"2020"}},{"type":"Feature","geometry":{"type":"Polygon","coordinates":[[[-121.47266103799996,37.482174988000054],[-121.86528009799997,37.484641960000033],[-121.88116809899998,37.471080957000027],[-121.88775110099999,37.470940958000028],[-121.89086910099996,37.467986957000051],[-121.91134510299997,37.462240955000027],[-121.92505410399997,37.454190953000079],[-121.92845710499995,37.457398953000052],[-121.93263910499996,37.455151952000051],[-121.93121210599998,37.460648953000032],[-121.93925410699995,37.46249195300004],[-121.94423910799998,37.465826953000033],[-121.94492710899999,37.469167952000078],[-121.94813910799996,37.46184995200008],[-121.95916797499996,37.463490112000045],[-121.94417272699997,37.453536364000058],[-121.95307272699995,37.456336364000038],[-121.95747272699998,37.46153636400004],[-121.96667272699995,37.461636364000071],[-121.96327272699995,37.460336364000057],[-121.96677272699998,37.457836364000059],[-121.96567272699997,37.45303636400007],[-121.96748181799995,37.45815454500007],[-121.96477272699997,37.46035454500003],[-121.97479999999996,37.459745454000029],[-121.99549999999999,37.464154545000042],[-122.03009090899997,37.461236364000058],[-122.03937272699994,37.454736364000041],[-122.02967272699999,37.450445454000032],[-122.03177272699998,37.445536364000077],[-122.03077272699994,37.450145454000051],[-122.03667272699994,37.451436364000074],[-122.04899090899994,37.447327273000042],[-122.04959090899996,37.449245454000049],[-122.06399090899998,37.445545454000069],[-122.06748181799998,37.450327273000028],[-122.07735454499999,37.450036364000027],[-122.07803636299997,37.448263636000036],[-122.08039999999994,37.451827273000049],[-122.08636363599999,37.450918182000066],[-122.09087272699998,37.452845454000055],[-122.08928181799996,37.445036364000032],[-122.09207272699996,37.452836364000063],[-122.10124545399998,37.456618182000057],[-122.10353636299999,37.454227273000072],[-122.10811818199994,37.454627273000028],[-122.10572727199997,37.451236364000067],[-122.10751818199998,37.451936364000062],[-122.10881818199999,37.454327273000047],[-122.10562727199999,37.458518182000034],[-122.10937272699999,37.458236364000072],[-122.11047272699994,37.457636364000052],[-122.10977272699995,37.456536364000044],[-122.11047272699994,37.455636364000043],[-122.11207272699994,37.455836364000049],[-122.11197272699997,37.457136364000064],[-122.10817272699995,37.459636364000062],[-122.10546363599997,37.458727273000079],[-122.10626363599999,37.456536364000044],[-122.10447272699997,37.455836364000049],[-122.10108181799995,37.459218182000029],[-122.10157272699996,37.463236364000068],[-122.10627272699998,37.461236364000058],[-122.11531769799996,37.466189513000074],[-122.12390813499997,37.461121939000066],[-122.12196513399999,37.454186939000067],[-122.12411813399996,37.45287593900008],[-122.12865113499998,37.451889938000079],[-122.14467113699999,37.458209937000049],[-122.14749013799997,37.456502937000039],[-122.15255613899996,37.457685937000065],[-122.15580413899994,37.454131936000067],[-122.16517713999997,37.452985936000061],[-122.16876013999996,37.447439935000034],[-122.18218814199997,37.439482934000068],[-122.18443514099999,37.43422993300004],[-122.19053914099999,37.431290932000024],[-122.18945814099999,37.427465932000075],[-122.19131814099995,37.425191931000029],[-122.18792813999994,37.42019193200008],[-122.19028013999997,37.418481931000031],[-122.18717213899998,37.416339931000039],[-122.19235113999997,37.413916931000074],[-122.19455313999998,37.407938930000057],[-122.19002913799994,37.394861929000058],[-122.19051813699997,37.385257928000044],[-122.20071913599998,37.371968927000069],[-122.20248013499997,37.360276925000051],[-122.19417713299998,37.345672925000031],[-122.17508812799997,37.325745924000046],[-122.18305112799999,37.327318924000053],[-122.18652912899995,37.322035923000044],[-122.19307512899996,37.318281923000029],[-122.18661012799998,37.315552923000041],[-122.18558312799996,37.311674922000066],[-122.18233312699999,37.309532922000074],[-122.17763312599999,37.312385923000079],[-122.17082512499996,37.311986923000063],[-122.16659712399996,37.305621923000047],[-122.16208312299995,37.304237924000063],[-122.16685112299996,37.295241922000059],[-122.15624712099998,37.291816923000056],[-122.15229111999997,37.286059923000039],[-122.14870311899995,37.281004922000079],[-122.15055211799995,37.275887921000049],[-122.13167311399997,37.260934922000047],[-122.121651112,37.258564923000051],[-122.10558310799996,37.240744922000033],[-122.10424310699995,37.234274921000065],[-122.09338210399994,37.229244922000078],[-122.08982310299996,37.223274921000041],[-122.07878710199998,37.222978922000038],[-122.07002309899997,37.21667692300008],[-122.06594609799998,37.21041792300008],[-122.05510009599999,37.212501923000048],[-122.04079509299999,37.195175923000079],[-122.03076308999999,37.189994923000029],[-122.03194808999996,37.182301922000079],[-122.02654308899997,37.176114922000068],[-122.02765008799997,37.174087922000069],[-122.02562008799998,37.173801922000052],[-122.02768808799999,37.170850922000056],[-122.02618708699998,37.166858921000028],[-122.01595908599995,37.165662922000024],[-122.00905408399996,37.159796922000055],[-122.00248508299995,37.158295922000036],[-121.99110307999996,37.144274922000079],[-121.97275307699999,37.141734923000058],[-121.95740307299997,37.130548923000049],[-121.93203906799999,37.122005924000064],[-121.92904306799994,37.123424924000062],[-121.91069806399997,37.113299925000035],[-121.89486306099997,37.10981492500008],[-121.89013306099997,37.106634925000037],[-121.89088005999997,37.105260926000028],[-121.88731305899995,37.104914926000049],[-121.88482105999998,37.107829926000079],[-121.87007905699994,37.102251927000054],[-121.86002205599999,37.104175927000028],[-121.86189705599998,37.099350927000046],[-121.84909905299997,37.099001928000064],[-121.83826304999997,37.091694928000038],[-121.82423304799994,37.087784929000065],[-121.81825304599994,37.083744929000034],[-121.81720304599997,37.077884929000049],[-121.81266404499996,37.075386929000047],[-121.80913504399996,37.069323929000063],[-121.80214304299994,37.067934929000046],[-121.79677304099999,37.063804929000071],[-121.78605303999996,37.061994929000036],[-121.77527303699998,37.052984929000047],[-121.76340303499995,37.051964930000054],[-121.76489303499994,37.049474929000041],[-121.76200303499996,37.047824930000047],[-121.75549303399998,37.049034930000062],[-121.73977802799999,37.027688930000068],[-121.72607302599999,37.021264930000029],[-121.73082702599999,37.020328929000073],[-121.73132602699997,37.022421930000064],[-121.73619902699994,37.015346928000042],[-121.72782802499995,37.009866928000065],[-121.72657902499998,37.012058929000034],[-121.71877502299998,37.007561929000076],[-121.72963702399994,36.99787692700005],[-121.72982002299995,36.993559927000035],[-121.73871002399994,36.989995926000063],[-121.73232502399998,36.989668926000036],[-121.71789102199995,36.995565928000076],[-121.71093102099996,36.993070929000055],[-121.71071301999996,36.989724928000044],[-121.70552201899994,36.989364929000033],[-121.70525701899999,36.986249928000063],[-121.69537101799995,36.985154929000032],[-121.69784201599998,36.972102928000027],[-121.69017101399999,36.967355927000028],[-121.67827101299997,36.967854929000055],[-121.67724801299994,36.965551928000025],[-121.66480000999996,36.963718929000038],[-121.66327000899997,36.951855928000043],[-121.65405100699996,36.950588929000048],[-121.65228400699999,36.947632929000065],[-121.65406900599999,36.944755928000063],[-121.65306900699994,36.941755928000077],[-121.64580400399996,36.932334927000056],[-121.64103800399999,36.932228928000029],[-121.64226900399996,36.936355928000069],[-121.63706800299997,36.939057928000068],[-121.63047300199997,36.940548929000045],[-121.62406100099997,36.938498930000037],[-121.62476800199994,36.940455930000041],[-121.60716799699998,36.926055930000075],[-121.59036699499995,36.926155931000039],[-121.59016699399996,36.919256931000064],[-121.58116699299995,36.919256931000064],[-121.58136698999999,36.899156929000071],[-121.57565298899999,36.892980929000032],[-121.57140698899997,36.897079930000075],[-121.56027198699996,36.897125931000062],[-121.55858998799999,36.910324932000037],[-121.55350598799998,36.915203933000043],[-121.54029598599999,36.920534934000045],[-121.53924698699996,36.927306935000047],[-121.51382598499998,36.945159937000028],[-121.51024398499999,36.954057939000052],[-121.51244298699999,36.958839939000029],[-121.50538998599995,36.964117940000051],[-121.50176298599996,36.971654941000054],[-121.48896198599999,36.98315294300005],[-121.46795198199999,36.976776944000051],[-121.46357398199996,36.978298944000073],[-121.46596098199996,36.982152945000053],[-121.46366898199994,36.984881945000041],[-121.45061997999994,36.98894894600005],[-121.44735897899994,36.982959946000051],[-121.43770997699994,36.978514946000075],[-121.41825897199999,36.960553946000061],[-121.21541894099994,36.961252960000024],[-121.22484594299999,36.967437960000041],[-121.23214094399998,36.968896959000062],[-121.24388994799995,36.980095960000028],[-121.24658094899996,36.985232960000076],[-121.24514994899999,36.99292696100008],[-121.24152994899998,36.997385961000077],[-121.23314994799995,36.999350962000051],[-121.23819894899998,37.009258963000036],[-121.23334994899994,37.011750963000054],[-121.24600195299996,37.02557996400003],[-121.24865995399995,37.033684964000031],[-121.24064695299995,37.03178196500005],[-121.23615095199995,37.036949966000066],[-121.22451995099999,37.03974796600005],[-121.22453095299994,37.056241967000062],[-121.21874795199994,37.057143968000048],[-121.21260395099995,37.055072968000047],[-121.20821095099996,37.061293969000076],[-121.20964995099996,37.068247970000073],[-121.21581195299996,37.069227970000043],[-121.22241695499997,37.073436970000046],[-121.22465095499996,37.078947970000058],[-121.23550595699999,37.086238970000068],[-121.24198995899997,37.085132969000028],[-121.24549695899998,37.089152969000054],[-121.24263095899994,37.09306797000005],[-121.23045195799995,37.096946971000079],[-121.23053895899994,37.10477497200003],[-121.22555095799999,37.106846972000028],[-121.22380095899996,37.115085973000078],[-121.21735195899998,37.123046974000033],[-121.22176695999997,37.125908974000026],[-121.22287596099994,37.131341974000065],[-121.22681696199999,37.134778974000028],[-121.23230996299998,37.139897975000054],[-121.23712296599996,37.157208976000049],[-121.26210596899995,37.159327974000064],[-121.27539097399995,37.178743975000032],[-121.28111997499997,37.183607975000029],[-121.29097197599998,37.175431974000048],[-121.29153297599998,37.170341974000053],[-121.29856497599997,37.165967972000033],[-121.30263197699998,37.168164972000056],[-121.30605697799996,37.166645972000026],[-121.31289497899996,37.170151971000053],[-121.31404697899995,37.167914971000073],[-121.32842198099996,37.165954971000076],[-121.33211998199999,37.170990970000048],[-121.34239498299996,37.174196970000025],[-121.34871598499996,37.181125971000029],[-121.36095498799995,37.184325970000032],[-121.36454798799997,37.180322969000031],[-121.37222198899997,37.176966968000045],[-121.37966698899999,37.168010967000043],[-121.38427898999998,37.166205967000053],[-121.38396998899998,37.160165966000079],[-121.38164298799995,37.157142965000048],[-121.38356398699995,37.151491965000048],[-121.39114398899994,37.150751964000051],[-121.39343698899995,37.148135964000062],[-121.39946398999996,37.150390964000053],[-121.40115398999995,37.154924964000031],[-121.40602499199997,37.157891964000044],[-121.40773999399994,37.169010965000041],[-121.41341399499998,37.172332965000066],[-121.41044399399999,37.174471965000066],[-121.40880699499996,37.182509966000055],[-121.41153799599999,37.185411966000061],[-121.41047599599995,37.19201296600005],[-121.41566999799994,37.199653968000064],[-121.41688199899994,37.211266968000075],[-121.42108799999994,37.214830968000058],[-121.42272400099995,37.222364969000068],[-121.43157200399997,37.22782096800006],[-121.43389300399997,37.226333968000063],[-121.44875700699998,37.237281968000048],[-121.44815800699996,37.239498968000078],[-121.45576300899995,37.249444968000034],[-121.45503301099995,37.255554969000059],[-121.45726801099994,37.260947970000075],[-121.45486201099999,37.263145970000039],[-121.45397901299998,37.277188971000044],[-121.45908101399999,37.282323971000039],[-121.45806401399994,37.284143971000049],[-121.45402201299999,37.284054972000035],[-121.44867101299997,37.290304973000048],[-121.44966301399995,37.293943973000069],[-121.44356401299996,37.296642974000065],[-121.43682901099999,37.291975973000035],[-121.43140401099998,37.294998974000066],[-121.42346500899998,37.295291975000055],[-121.42276300999998,37.299142975000052],[-121.41837900999997,37.303279976000056],[-121.40576600899999,37.310994977000064],[-121.41195201099998,37.324449978000075],[-121.40916301199996,37.330641979000063],[-121.42076301499998,37.344741980000038],[-121.41942201599994,37.351993980000032],[-121.42366301699997,37.358841981000069],[-121.42251301699997,37.363095981000072],[-121.41930301699995,37.364449981000064],[-121.41586201699999,37.375920983000071],[-121.40908801699999,37.380676983000058],[-121.41256201799996,37.389439984000035],[-121.42406302099999,37.393639983000071],[-121.43609802299994,37.396134983000024],[-121.44817602399996,37.39168198200008],[-121.45666402599994,37.39553998100007],[-121.45826402699998,37.398139982000032],[-121.45566402599997,37.401039982000043],[-121.45636402699995,37.40673998300008],[-121.47261903199995,37.423349983000037],[-121.46887103099999,37.42499898300008],[-121.47034103199996,37.430124984000031],[-121.46187303199997,37.43880398400006],[-121.46293003299996,37.45149398600006],[-121.46470003399997,37.454487986000061],[-121.46719203399999,37.453345986000045],[-121.47268903499997,37.456385986000043],[-121.47504603599998,37.462058986000045],[-121.48426503799999,37.466036986000063],[-121.48678803899998,37.475656986000047],[-121.48342303899994,37.475427986000057],[-121.47771303899998,37.480283987000064],[-121.47454003799999,37.479348987000037],[-121.47266103799996,37.482174988000054]]]},"properties":{"STATE_COUNTY_FIPS_CD":"06085","COUNTY_NM":"Santa Clara","MMG_PCT_OVERALL_FI_RATE":7.5,"MMG_YEAR":"2020"}},{"type":"Feature","geometry":{"type":"Polygon","coordinates":[[[-121.58136698999999,36.899156929000071],[-121.58116699299995,36.919256931000064],[-121.59016699399996,36.919256931000064],[-121.59036699499995,36.926155931000039],[-121.60716799699998,36.926055930000075],[-121.62476800199994,36.940455930000041],[-121.62406100099997,36.938498930000037],[-121.63047300199997,36.940548929000045],[-121.63706800299997,36.939057928000068],[-121.64226900399996,36.936355928000069],[-121.64103800399999,36.932228928000029],[-121.64580400399996,36.932334927000056],[-121.65306900699994,36.941755928000077],[-121.65406900599999,36.944755928000063],[-121.65228400699999,36.947632929000065],[-121.65405100699996,36.950588929000048],[-121.66327000899997,36.951855928000043],[-121.66480000999996,36.963718929000038],[-121.67724801299994,36.965551928000025],[-121.67827101299997,36.967854929000055],[-121.69017101399999,36.967355927000028],[-121.69784201599998,36.972102928000027],[-121.69537101799995,36.985154929000032],[-121.70525701899999,36.986249928000063],[-121.70552201899994,36.989364929000033],[-121.71071301999996,36.989724928000044],[-121.71093102099996,36.993070929000055],[-121.71789102199995,36.995565928000076],[-121.73232502399998,36.989668926000036],[-121.73871002399994,36.989995926000063],[-121.72982002299995,36.993559927000035],[-121.72963702399994,36.99787692700005],[-121.71877502299998,37.007561929000076],[-121.72657902499998,37.012058929000034],[-121.72782802499995,37.009866928000065],[-121.73619902699994,37.015346928000042],[-121.73132602699997,37.022421930000064],[-121.73082702599999,37.020328929000073],[-121.72607302599999,37.021264930000029],[-121.73977802799999,37.027688930000068],[-121.75549303399998,37.049034930000062],[-121.76200303499996,37.047824930000047],[-121.76489303499994,37.049474929000041],[-121.76340303499995,37.051964930000054],[-121.77527303699998,37.052984929000047],[-121.78605303999996,37.061994929000036],[-121.79677304099999,37.063804929000071],[-121.80214304299994,37.067934929000046],[-121.80913504399996,37.069323929000063],[-121.81266404499996,37.075386929000047],[-121.81720304599997,37.077884929000049],[-121.81825304599994,37.083744929000034],[-121.82423304799994,37.087784929000065],[-121.83826304999997,37.091694928000038],[-121.84909905299997,37.099001928000064],[-121.86189705599998,37.099350927000046],[-121.86002205599999,37.104175927000028],[-121.87007905699994,37.102251927000054],[-121.88482105999998,37.107829926000079],[-121.88731305899995,37.104914926000049],[-121.89088005999997,37.105260926000028],[-121.89013306099997,37.106634925000037],[-121.89486306099997,37.10981492500008],[-121.91069806399997,37.113299925000035],[-121.92904306799994,37.123424924000062],[-121.93203906799999,37.122005924000064],[-121.95740307299997,37.130548923000049],[-121.97275307699999,37.141734923000058],[-121.99110307999996,37.144274922000079],[-122.00248508299995,37.158295922000036],[-122.00905408399996,37.159796922000055],[-122.01595908599995,37.165662922000024],[-122.02618708699998,37.166858921000028],[-122.02768808799999,37.170850922000056],[-122.02562008799998,37.173801922000052],[-122.02765008799997,37.174087922000069],[-122.02654308899997,37.176114922000068],[-122.03194808999996,37.182301922000079],[-122.03076308999999,37.189994923000029],[-122.04079509299999,37.195175923000079],[-122.05510009599999,37.212501923000048],[-122.06594609799998,37.21041792300008],[-122.07002309899997,37.21667692300008],[-122.07878710199998,37.222978922000038],[-122.08982310299996,37.223274921000041],[-122.09338210399994,37.229244922000078],[-122.10424310699995,37.234274921000065],[-122.10558310799996,37.240744922000033],[-122.121651112,37.258564923000051],[-122.13167311399997,37.260934922000047],[-122.15055211799995,37.275887921000049],[-122.14870311899995,37.281004922000079],[-122.15229111999997,37.286059923000039],[-122.15278711199994,37.21544891700006],[-122.24258612599999,37.215138911000054],[-122.24267312199999,37.190039908000074],[-122.26889412699995,37.189847906000068],[-122.28859412899999,37.186749904000067],[-122.31769513299997,37.186949902000038],[-122.31179512899996,37.147549899000069],[-122.28939512099998,37.113476899000034],[-122.29312403399996,37.107109063000053],[-122.27578181799998,37.092290909000042],[-122.27488181799998,37.088045454000053],[-122.26998181799996,37.08484545400006],[-122.26798181799995,37.07714545400006],[-122.26408181799997,37.07714545400006],[-122.25368181799996,37.060045454000033],[-122.23078181799997,37.040245454000058],[-122.22298181799999,37.02514545400004],[-122.21638181799995,37.024545454000076],[-122.20618181799995,37.013954545000047],[-122.19968181799999,37.012454545000026],[-122.20098181799995,37.010354545000041],[-122.19949090899996,37.012245454000038],[-122.18979090899995,37.004463636000025],[-122.18598181799996,37.004054545000031],[-122.18598181799996,37.001254545000052],[-122.18198181799994,37.000754545000063],[-122.18378181799994,36.998654545000079],[-122.17288181799995,36.994154545000072],[-122.16938181799998,36.988554545000056],[-122.16228181799994,36.987654545000055],[-122.15688181799999,36.983254545000079],[-122.15318181799995,36.976154545000043],[-122.14318181799996,36.976454545000024],[-122.13458181799996,36.966854545000047],[-122.12658181799998,36.964354545000049],[-122.12347272699998,36.965954545000045],[-122.11977272699994,36.962154545000033],[-122.11517272699996,36.962354545000039],[-122.10597272699999,36.955954545000054],[-122.08197272699999,36.951654545000054],[-122.07927272699999,36.953154545000075],[-122.07627272699995,36.950454545000071],[-122.06567272699999,36.947954545000073],[-122.05898181799995,36.950054545000057],[-122.04655454499999,36.949063636000062],[-122.04167272699999,36.952554545000055],[-122.02617272699996,36.950254545000064],[-122.02242727199996,36.956818182000063],[-122.02517272699998,36.959363636000035],[-122.02337272699998,36.962163636000071],[-122.01737272699995,36.956854545000056],[-122.02257272699995,36.962336364000066],[-122.01239090899998,36.964554545000055],[-122.01169090899998,36.962845454000046],[-122.00327272699997,36.962854545000027],[-122.00147272699996,36.960254545000055],[-122.00321818199996,36.96834545400003],[-122.00147272699996,36.97355454500007],[-121.99777272699998,36.974754545000053],[-122.00228181799997,36.96843636400007],[-122.00147272699996,36.961818182000059],[-121.99817272699994,36.962454545000071],[-121.99287272699996,36.958645454000077],[-121.98949090899998,36.961254545000031],[-121.98366363599996,36.959945454000035],[-121.97587272699997,36.954054545000076],[-121.96557272699999,36.95895454500004],[-121.95407272699998,36.970754545000034],[-121.95297272699997,36.969172727000057],[-121.95318181799996,36.972445454000024],[-121.94807272699995,36.972345454000049],[-121.93947272699995,36.978063636000059],[-121.93006363599994,36.978154545000052],[-121.91310909099997,36.971472727000048],[-121.91350909099998,36.969881818000033],[-121.91260909099998,36.971272727000041],[-121.90563636299999,36.968781818000025],[-121.88016363599996,36.950154545000032],[-121.86647272699997,36.93676363600008],[-121.80999180799995,36.850820413000065],[-121.80066401899995,36.857953910000049],[-121.80318602099999,36.868801911000048],[-121.78738401999999,36.884704913000064],[-121.78378101999999,36.885889914000074],[-121.77746901899997,36.883216914000059],[-121.76954401799998,36.885079915000063],[-121.76507201699997,36.888274915000068],[-121.75730401799996,36.900312917000065],[-121.74606701699997,36.90891491900004],[-121.73485701499999,36.908746920000056],[-121.72654601499994,36.914254920000076],[-121.71468301199997,36.908815921000041],[-121.71001101199994,36.915308921000076],[-121.70682201099999,36.915132922000055],[-121.69996901099995,36.919687923000026],[-121.69847400999998,36.916742923000072],[-121.70680801099996,36.911200922000035],[-121.70554201099998,36.909507922000046],[-121.70233700999995,36.908179922000045],[-121.69745400999994,36.911611922000077],[-121.68631300799996,36.907855922000067],[-121.68063400599999,36.903289922000056],[-121.66732300499996,36.912218925000047],[-121.65774200399994,36.913778925000031],[-121.65230400299998,36.90952392500003],[-121.65292100199997,36.901732924000044],[-121.65005900099999,36.900222925000037],[-121.64616800099998,36.902563925000038],[-121.64601000099998,36.895559924000054],[-121.64401399999997,36.894000924000068],[-121.63811599899998,36.898331925000036],[-121.62843199899999,36.911824927000055],[-121.61977399799997,36.908915927000066],[-121.60736699499995,36.899456927000074],[-121.58886699199996,36.901256929000056],[-121.58136698999999,36.899156929000071]]]},"properties":{"STATE_COUNTY_FIPS_CD":"06087","COUNTY_NM":"Santa Cruz","MMG_PCT_OVERALL_FI_RATE":10,"MMG_YEAR":"2020"}},{"type":"Feature","geometry":{"type":"Polygon","coordinates":[[[-121.44650851899996,41.183489291000058],[-122.12612762399999,41.182974233000039],[-122.29458664999999,41.18498321900006],[-122.49838968099999,41.182680201000039],[-122.49877067999995,41.179595200000051],[-122.49256767899999,41.17597720100008],[-122.47595867699999,41.17652520200005],[-122.46830167399997,41.169237202000033],[-122.46297067299997,41.167235203000075],[-122.45744767299999,41.168327203000047],[-122.44990366999997,41.159161203000053],[-122.44603666899997,41.159246203000066],[-122.45062066799994,41.14694520200004],[-122.44600366599997,41.133352201000037],[-122.44834266599997,41.130706201000066],[-122.44858566299996,41.118245200000047],[-122.45348266299999,41.113495199000056],[-122.45187766299995,41.108240199000079],[-122.45715766199999,41.096616198000049],[-122.46814966299996,41.096842197000058],[-122.49331066499997,41.085992194000028],[-122.50002366699999,41.087631194000039],[-122.50625266699996,41.086050193000062],[-122.51336766899999,41.088232193000067],[-122.52884666999995,41.076756190000026],[-122.53587466999994,41.075874190000036],[-122.53978867099994,41.072610189000045],[-122.53795566899998,41.06504718900004],[-122.52763166699998,41.064217189000033],[-122.52317966599998,41.059213190000037],[-122.52237466499997,41.052290189000075],[-122.52734966499997,41.04573018800005],[-122.52894266399994,41.036518188000059],[-122.52776665999994,41.014400186000046],[-122.53509665999997,41.008107185000028],[-122.53789065999996,41.002389184000037],[-122.54528566099998,41.005105183000069],[-122.55450366199995,41.003627183000049],[-122.55545766199998,40.999490182000045],[-122.56303966299998,40.993685181000046],[-122.56388166099998,40.98865118100008],[-122.56919466199997,40.98499318000006],[-122.58080866299997,40.98288917900004],[-122.58920166499996,40.985383179000053],[-122.59138866399996,40.976682178000033],[-122.59443166499995,40.978057177000039],[-122.59854166499997,40.975852178000025],[-122.60169066499998,40.971134176000078],[-122.60097266299999,40.964477176000059],[-122.60310266299996,40.959392176000051],[-122.60737666399996,40.95775317500005],[-122.60320265999997,40.940625174000047],[-122.60708766099998,40.938202174000025],[-122.60744365999994,40.929728173000058],[-122.61276465899999,40.921250172000043],[-122.60002665399998,40.900348171000076],[-122.60495065399999,40.89720617100005],[-122.60547065399999,40.890648171000066],[-122.60991265299998,40.884555169000066],[-122.61868665399999,40.879804169000067],[-122.62545565499994,40.879213168000035],[-122.62643965299998,40.867099167000049],[-122.63439365399995,40.86129416600005],[-122.63468465299997,40.857061166000051],[-122.63890265199996,40.853414165000061],[-122.63972865199997,40.845045164000055],[-122.65541365399997,40.841553162000025],[-122.65724065299997,40.83538516200008],[-122.66607165299996,40.825880161000043],[-122.65525764899996,40.808183160000056],[-122.65747264799995,40.801950160000047],[-122.66136564899995,40.800487159000056],[-122.66166964799999,40.794318158000067],[-122.65810664599996,40.787509158000034],[-122.66558564599995,40.78208115800004],[-122.67053964599995,40.772773156000028],[-122.69283764799997,40.760730153000054],[-122.70048964799997,40.758901152000078],[-122.70032764799998,40.755399153000042],[-122.70630864799995,40.74956115100008],[-122.71742064899996,40.747187150000059],[-122.71986564799994,40.739377149000063],[-122.70658464399997,40.725336149000043],[-122.71154364399996,40.714882148000072],[-122.71139564299995,40.710696148000068],[-122.71882864299999,40.707838148000064],[-122.72237164199998,40.695478146000028],[-122.72998264299997,40.692182145000061],[-122.74390064499994,40.69503514400003],[-122.75227964599998,40.689647143000059],[-122.75141664499995,40.685079143000053],[-122.74259664299996,40.678815143000065],[-122.74122763999998,40.665402143000051],[-122.73360263899997,40.662431143000049],[-122.73378563799997,40.656961143000046],[-122.72704263599996,40.650473142000067],[-122.73329663599998,40.643485142000031],[-122.73618463599996,40.636284141000033],[-122.73240663499996,40.63443114100005],[-122.71624563199998,40.634305142000073],[-122.70966863099994,40.631204142000058],[-122.71086762799996,40.613220141000056],[-122.70607062699997,40.610190142000079],[-122.70689762699999,40.605465141000025],[-122.70507262599995,40.604173141000047],[-122.70539662599998,40.600214140000048],[-122.70118662499999,40.595820141000047],[-122.70099062399999,40.587709141000062],[-122.69288062099997,40.580478140000025],[-122.69308861999997,40.57534314000003],[-122.69880361999998,40.569298139000068],[-122.71542062299994,40.571117137000044],[-122.72309562499998,40.575203138000063],[-122.73268162599999,40.571056137000028],[-122.74132562599999,40.564123135000045],[-122.74393662499995,40.553803134000077],[-122.75926362799999,40.55654213300005],[-122.76746862899995,40.555178133000027],[-122.78520762899996,40.540921130000072],[-122.78568862899999,40.536544129000049],[-122.78223762799996,40.531876130000057],[-122.79363362799995,40.523439128000064],[-122.79326562599999,40.514523127000075],[-122.80412562699996,40.510519126000077],[-122.81952462999999,40.510966125000039],[-122.82879763099999,40.50700312400005],[-122.84596763299999,40.505186122000055],[-122.85209263399997,40.500960121000048],[-122.84646163099995,40.493528121000054],[-122.85104563099998,40.485922120000055],[-122.85726963099995,40.48234412000005],[-122.87653763399999,40.480418117000056],[-122.88365663399998,40.474778116000039],[-122.88528263399996,40.470891116000075],[-122.89015863499998,40.468825116000062],[-122.88930563399998,40.465742116000058],[-122.89546663299996,40.45947611400004],[-122.89445963299994,40.454694114000063],[-122.90115063299999,40.445616113000028],[-122.91772063599996,40.449773112000059],[-122.92794263699994,40.44713911100007],[-122.93128063699999,40.445562111000072],[-122.93095963599995,40.44168811000003],[-122.93780463699994,40.436928109000064],[-122.93695663599999,40.430999109000027],[-122.93863163599997,40.428863109000076],[-122.95424463699999,40.421515107000062],[-122.95779663699994,40.42139510700008],[-122.96101763899998,40.425994107000065],[-122.97493563999996,40.419614105000051],[-122.99869564299996,40.418147103000081],[-122.99792264199999,40.406485102000033],[-122.99978464099996,40.403569102000063],[-122.99659263999996,40.396386101000076],[-123.01640664099995,40.385598099000049],[-123.01831564099996,40.382542099000034],[-123.01830963899999,40.372412098000041],[-123.03114963999997,40.363612096000054],[-123.03716164199994,40.364444096000057],[-123.03929564099997,40.362729095000077],[-123.04418364099996,40.35373409400006],[-123.04398363999996,40.347018094000077],[-123.05308864099999,40.346672093000052],[-123.05689664199997,40.349251093000078],[-123.06549764299996,40.345104092000042],[-123.06399164199996,40.337509091000072],[-123.06880264099999,40.332238091000079],[-123.06270163899995,40.322051091000048],[-123.06460063899999,40.319875091000029],[-123.06176063699996,40.313447090000068],[-123.06885163799996,40.308260089000044],[-123.06839763699998,40.303488089000041],[-123.06498963599995,40.298781089000045],[-123.06543963499996,40.286976088000074],[-123.05668163299998,40.285380088000068],[-123.04732863199996,40.291692090000026],[-123.04126863099998,40.290972091000071],[-123.033562631,40.299011091000068],[-123.02524663099996,40.303666093000061],[-123.01380562899999,40.303101094000056],[-123.01172962999999,40.306599094000035],[-122.99858062699997,40.307490095000048],[-122.97688462499997,40.315150097000071],[-122.97036762399995,40.310363097000049],[-122.95147762099998,40.310240099000055],[-122.94982061999997,40.308038099000044],[-122.94218061999999,40.312465100000054],[-122.93438861899995,40.313174101000072],[-122.92961161799997,40.307473101000028],[-122.91896561499999,40.306642101000079],[-122.91668361499995,40.310437102000037],[-122.90947261499997,40.312742102000072],[-122.90712461599998,40.317772103000038],[-122.90363061499994,40.316179103000024],[-122.90152661499997,40.319418104000079],[-122.90260961499996,40.321731104000037],[-122.88304161499997,40.339743107000061],[-122.88401661599994,40.342231107000032],[-122.88024061499999,40.341977107000048],[-122.87811261499996,40.346726108000041],[-122.87270361499998,40.348929109000039],[-122.86988161399995,40.347146108000061],[-122.86474261299998,40.347906109000064],[-122.86264361199994,40.34487610900004],[-122.85381461099996,40.342852109000034],[-122.83925160899997,40.345509111000069],[-122.83532660899999,40.348707111000067],[-122.81284460599994,40.351273114000037],[-122.80590960599994,40.355865114000039],[-122.78807060299999,40.355269116000045],[-122.78117760199996,40.358645117000037],[-122.75873859899997,40.363332119000063],[-122.75254559799998,40.360479119000047],[-122.75240659899998,40.363192119000075],[-122.74879359799996,40.365682120000031],[-122.73942859699997,40.364731120000044],[-122.73023259399997,40.358298121000075],[-122.73171359299999,40.34696512000005],[-122.70965758999995,40.348167122000064],[-122.68724658499997,40.336937123000041],[-122.67727558399997,40.336262124000029],[-122.67374758299997,40.330449123000051],[-122.66345958099998,40.332210125000074],[-122.65060457799996,40.328430126000057],[-122.64593657899997,40.333189126000036],[-122.63445457599994,40.333801127000072],[-122.63208857699999,40.338743128000033],[-122.62191957599998,40.34039012900007],[-122.62518557799996,40.347460129000069],[-122.61017157499998,40.346414130000028],[-122.60203957499999,40.351222131000043],[-122.59695757399999,40.357242132000067],[-122.58586157299999,40.359282133000079],[-122.58215257299997,40.362852134000036],[-122.58131657299998,40.367337134000024],[-122.56399357099997,40.365599135000025],[-122.55066556999998,40.374878137000053],[-122.55062056999998,40.378378138000073],[-122.54167456899995,40.376523138000039],[-122.54095456999994,40.382427139000072],[-122.53221856799996,40.37981613900007],[-122.53086956799996,40.384164140000053],[-122.52203956799997,40.387845140000024],[-122.52598756899999,40.393087140000034],[-122.52457956899997,40.394482141000026],[-122.52000156799994,40.393680141000061],[-122.51383956599994,40.388391141000056],[-122.50503956599999,40.38941714200007],[-122.50015556299996,40.382482142000072],[-122.48986356199998,40.383654143000058],[-122.48270856099998,40.380522144000054],[-122.47834256099998,40.384460144000059],[-122.47050255999994,40.383937145000061],[-122.46289855699996,40.375563145000058],[-122.45293555599994,40.378517146000036],[-122.44398755399999,40.373266146000049],[-122.43252755199995,40.374508147000029],[-122.41786655099997,40.379683149000073],[-122.41259954899999,40.374541148000048],[-122.39578754599995,40.372090150000076],[-122.38875454499998,40.37428415100004],[-122.37987054399997,40.371946151000031],[-122.363861542,40.374170152000033],[-122.34216853799995,40.370906154000068],[-122.33696353799996,40.374179155000036],[-122.33002253599994,40.372762156000078],[-122.32104653499999,40.374880156000074],[-122.31042553299994,40.371069157000079],[-122.29944553199999,40.375498158000028],[-122.29414853199995,40.380486159000043],[-122.28086552999997,40.37579216000006],[-122.26440652799999,40.379791161000071],[-122.25698652599999,40.379375162000031],[-122.25183252699998,40.387221163000049],[-122.23554452399998,40.385399165000081],[-122.22716852299999,40.389315165000028],[-122.19939851699996,40.377849167000079],[-122.19357051799994,40.392316168000036],[-122.19212051699998,40.38603716800003],[-122.18734451599994,40.381406168000069],[-122.18196651499994,40.378918168000041],[-122.17310551299994,40.379057169000077],[-122.17806351499996,40.38379616900005],[-122.18660351599999,40.384724168000048],[-122.18849051699999,40.387490168000056],[-122.18498351599999,40.388800169000035],[-122.18293151699999,40.392506169000058],[-122.16345151399997,40.393100171000071],[-122.15947551399995,40.396959172000038],[-122.12940850899997,40.398768174000054],[-122.12897750999997,40.403830175000053],[-122.12133050899996,40.40336217600003],[-122.11792550899997,40.406643175000056],[-122.11131550799996,40.40540717600004],[-122.11070550799997,40.407806177000055],[-122.09906150699999,40.414762178000046],[-122.09684850599996,40.409902178000038],[-122.09162150599997,40.414335179000034],[-122.09121650599997,40.410551178000048],[-122.05737950099996,40.416506182000035],[-122.05215450099996,40.420385183000064],[-122.04190349899994,40.418247183000062],[-122.03533549799999,40.41968918300006],[-122.03101449799999,40.417354184000033],[-122.03043549699998,40.420799184000032],[-122.02191449699995,40.424075185000049],[-122.01482449499997,40.421018185000037],[-122.01364049499995,40.424780185000031],[-122.00995349599998,40.426772186000051],[-121.99765249299998,40.422800187000064],[-121.99389749299996,40.42571818700003],[-121.97753948999997,40.421046189000037],[-121.96704248799995,40.422109189000025],[-121.94100248299998,40.415336191000051],[-121.92703548099996,40.418427192000024],[-121.91481047999997,40.425998194000044],[-121.91097547999999,40.422900194000078],[-121.90095947699996,40.420936194000035],[-121.89557447799996,40.427014196000073],[-121.88751047699998,40.428883197000062],[-121.87962147699994,40.436199198000054],[-121.87267847599998,40.43618619800003],[-121.86360547499999,40.440601199000071],[-121.85136347299999,40.44260120000007],[-121.83408746999999,40.437326202000065],[-121.81386046699998,40.441261203000067],[-121.80671046599997,40.444983204000039],[-121.79629846399996,40.442491205000067],[-121.78773246399999,40.443670206000036],[-121.77633346099998,40.437615206000032],[-121.73459845399998,40.435637210000039],[-121.71981445299997,40.44861921200004],[-121.70893445199999,40.450846213000034],[-121.69829844999998,40.448304214000075],[-121.68580044899994,40.453138215000081],[-121.67201144599994,40.450395216000061],[-121.67054444599995,40.447558216000061],[-121.65540044299996,40.441718217000073],[-121.64634344099994,40.434731217000035],[-121.61406043599999,40.439085220000038],[-121.60894443499996,40.438390220000031],[-121.60045043299999,40.431768221000027],[-121.59309943199997,40.431131222000033],[-121.58257043099997,40.435191222000071],[-121.57709343099998,40.442459224000061],[-121.56514542899998,40.445802224000033],[-121.49764841799998,40.445596230000035],[-121.36612439899994,40.445932242000026],[-121.34654439599996,40.449720243000058],[-121.34335139499996,40.448214244000042],[-121.33758839399997,40.445489243000054],[-121.32783939199999,40.445372244000055],[-121.32669339999995,40.497579248000079],[-121.32299339899998,40.497594249000031],[-121.31998945699996,40.905891281000038],[-121.33235145899999,40.90539928000004],[-121.33179950099998,41.183891301000074],[-121.44650851899996,41.183489291000058]]]},"properties":{"STATE_COUNTY_FIPS_CD":"06089","COUNTY_NM":"Shasta","MMG_PCT_OVERALL_FI_RATE":13.8000002,"MMG_YEAR":"2020"}},{"type":"Feature","geometry":{"type":"Polygon","coordinates":[[[-120.86132722599996,39.770395228000041],[-120.87081222699999,39.776882228000034],[-120.87327422799996,39.776173227000072],[-120.87579222799997,39.772112227000036],[-120.88767522799998,39.76716222500005],[-120.89523922899997,39.759854224000037],[-120.91323423199998,39.757499223000025],[-120.91681623099998,39.753235223000047],[-120.92288123199995,39.750889222000069],[-120.92559623199998,39.744350221000047],[-120.93437923299996,39.738797220000038],[-120.93415822699995,39.70165221700006],[-120.93776022799995,39.699770216000047],[-120.93559322699997,39.697772217000079],[-120.93764522699996,39.695025215000044],[-120.93649322599998,39.693247216000032],[-120.93998822699996,39.692710215000034],[-120.93839322699995,39.691110215000037],[-120.94180322599999,39.684048214000029],[-120.95212622699995,39.676429213000063],[-120.94944822599996,39.672553213000072],[-120.96384622799997,39.665224212000055],[-120.96834722699998,39.657163210000078],[-120.97860922799998,39.648828208000054],[-120.98346222799995,39.648962208000057],[-120.98640722799996,39.644689208000045],[-121.00069022899999,39.638687206000043],[-121.00949023099997,39.639464206000071],[-121.02439622299994,39.559054198000069],[-121.03178722399997,39.558240197000032],[-121.03210122399997,39.555705196000076],[-121.03901222399998,39.550393196000073],[-121.04832922499997,39.548266195000053],[-121.05132722499997,39.542077194000058],[-121.05705722499999,39.540403193000031],[-121.05821622499997,39.537048193000032],[-121.05121322299999,39.524534193000079],[-121.05372722299995,39.522243192000076],[-121.04974122199997,39.521102193000047],[-121.04875622099996,39.517025192000062],[-121.04484321999996,39.514178192000031],[-121.03441921899997,39.514514193000025],[-121.02209820099995,39.391563184000063],[-121.01805119999995,39.395474185000069],[-121.00753219799998,39.399074186000064],[-121.01528420099999,39.402621185000044],[-121.01525220099995,39.405387185000052],[-121.00702219999999,39.404728186000057],[-120.99260019799999,39.414434189000076],[-120.98599219699997,39.411468189000061],[-120.98175719699998,39.414237189000062],[-120.97978119599998,39.411640189000025],[-120.97863719699995,39.417823190000036],[-120.97171619599999,39.418946190000042],[-120.95799119299994,39.415647191000062],[-120.94354019199994,39.419807193000054],[-120.93181318899997,39.417126194000048],[-120.92892918899997,39.421021194000048],[-120.92066618799998,39.422392194000054],[-120.91418118699994,39.420082195000077],[-120.91059518699996,39.42601419600004],[-120.89395418399999,39.42413719700005],[-120.88450918399997,39.429385198000034],[-120.87845118199999,39.42895119800005],[-120.87829918199998,39.431169198000077],[-120.87056218099997,39.42944619900004],[-120.86915018099995,39.43139319900007],[-120.86451918099999,39.430299200000036],[-120.85752317999999,39.435275201000024],[-120.85509617899999,39.433667200000059],[-120.85427317899996,39.436260201000039],[-120.84327817799999,39.435120202000064],[-120.83690017699996,39.440461203000041],[-120.83219917599996,39.439648203000047],[-120.83358117599994,39.437341203000074],[-120.82637017499997,39.435044203000075],[-120.82315117499996,39.437358203000031],[-120.81781817399997,39.436496204000036],[-120.81661617399999,39.440841204000037],[-120.81101917199999,39.436076205000063],[-120.80556417199995,39.43868120500008],[-120.80091717099998,39.437489205000077],[-120.79735417099999,39.441719206000073],[-120.79167116999997,39.441292206000071],[-120.78615416999997,39.444187207000027],[-120.78472016999996,39.448074208000037],[-120.78081316899994,39.446477207000044],[-120.77584616899998,39.450765209000053],[-120.77359616799998,39.448655209000037],[-120.76103716699998,39.453946209000037],[-120.75625316599996,39.452479210000035],[-120.75288816599999,39.458320211000057],[-120.74989816499999,39.457506211000066],[-120.74957816599999,39.459445211000059],[-120.74250516499995,39.461281212000074],[-120.74361916599997,39.46681721200008],[-120.72671116399999,39.472235214000079],[-120.71458116299999,39.48161521600008],[-120.71703716399998,39.489191216000052],[-120.71262816399997,39.489153216000034],[-120.70660816299994,39.493066217000035],[-120.70655416399995,39.496034217000044],[-120.70089416399998,39.502540219000025],[-120.68658016199998,39.50681422100007],[-120.68293316199998,39.512512221000065],[-120.67931616199996,39.513116221000075],[-120.67700516199994,39.518448222000075],[-120.65922015999996,39.523681224000029],[-120.65457415899999,39.526925224000024],[-120.65095015899999,39.523375224000063],[-120.63014415499998,39.524885226000038],[-120.62465815399997,39.51955222600003],[-120.62228515399994,39.521495227000059],[-120.59940414999994,39.522105228000044],[-120.59714814999995,39.520609228000069],[-120.58964314899998,39.523481229000026],[-120.58377114799998,39.521484229000066],[-120.57769014699994,39.523258230000067],[-120.56807614499996,39.515882231000035],[-120.56068314299995,39.516200231000028],[-120.55658214199997,39.514110231000075],[-120.55665514099996,39.506815230000029],[-120.55069213999997,39.503634231000035],[-120.54909313799999,39.494475230000035],[-120.54126913699997,39.490894230000038],[-120.53959313599995,39.486754230000031],[-120.53424613399994,39.483691230000034],[-120.53453513299996,39.464382228000034],[-120.52201412999995,39.45902122900003],[-120.52174712899995,39.456934229000069],[-120.51828312899994,39.457234229000051],[-120.51767312799996,39.455000229000063],[-120.51015812699995,39.455168230000027],[-120.50767812699996,39.453408230000036],[-120.50545812599995,39.446122230000071],[-120.00378604399998,39.445061269000064],[-120.00107507999996,39.722423293000077],[-120.01581708199996,39.722364292000066],[-120.01574708099997,39.708726291000062],[-120.14716210199998,39.707663280000077],[-120.44634915099999,39.708576257000061],[-120.46537115299998,39.706466255000066],[-120.65424018299996,39.706634239000039],[-120.65474318199995,39.694120238000039],[-120.65976418199995,39.686474237000027],[-120.67133018299995,39.682450236000079],[-120.67992018399997,39.676595235000036],[-120.69503018799998,39.691716235000058],[-120.70349018899998,39.692280234000066],[-120.70763019099996,39.698981235000076],[-120.71082419199996,39.699528235000059],[-120.71618019299996,39.706285234000063],[-120.73461919699997,39.708349233000035],[-120.73509819699996,39.710754233000046],[-120.74247319799997,39.712548233000064],[-120.74953319999997,39.71961523300007],[-120.76968820399998,39.718017231000033],[-120.77231920399998,39.713210231000062],[-120.78099620499995,39.712297230000047],[-120.78299420399998,39.709848229000045],[-120.79242520599996,39.709710228000063],[-120.79164720699998,39.714992229000075],[-120.79478120799996,39.71840523000003],[-120.80927020999997,39.720787228000063],[-120.81200521199997,39.726018228000044],[-120.81446621299995,39.736762229000078],[-120.81302221299995,39.742336229000045],[-120.81556521499999,39.746986230000061],[-120.82629521599995,39.742008228000032],[-120.82873421699998,39.746828229000073],[-120.83943421799995,39.746353227000043],[-120.84430321899998,39.75173122800004],[-120.84392521999996,39.755742228000031],[-120.85440322299996,39.759917228000063],[-120.85950322499997,39.770468228000027],[-120.86132722599996,39.770395228000041]]]},"properties":{"STATE_COUNTY_FIPS_CD":"06091","COUNTY_NM":"Sierra","MMG_PCT_OVERALL_FI_RATE":11.3000002,"MMG_YEAR":"2020"}},{"type":"Feature","geometry":{"type":"Polygon","coordinates":[[[-122.28954677799999,42.007774278000056],[-122.37823979199999,42.009522269000058],[-122.90286986999996,42.002639222000028],[-123.04535689099998,42.003080210000064],[-123.14597590799997,42.009247200000061],[-123.23077791899999,42.003859193000039],[-123.34757593599994,41.999113182000031],[-123.43498994899994,42.00164217400004],[-123.51792096099996,42.000859166000055],[-123.52041196199997,41.99783216700007],[-123.51986795999994,41.995169166000039],[-123.53427496199998,41.990938164000056],[-123.54094796299995,41.985318163000045],[-123.53630295999994,41.977327163000041],[-123.53718695899994,41.970491163000077],[-123.53336295699995,41.963546163000046],[-123.53326495699997,41.955174162000048],[-123.54474895599998,41.942336160000025],[-123.54462295499997,41.939648160000047],[-123.54768095499998,41.938440160000027],[-123.54885895499996,41.933333159000028],[-123.55440295599999,41.930057159000057],[-123.55358295299999,41.914660158000061],[-123.55950595199999,41.905973157000062],[-123.56545595299997,41.903146156000048],[-123.57797695399995,41.902989155000057],[-123.59362395699998,41.90625715300007],[-123.59941695599997,41.899009153000065],[-123.59739095499998,41.894178153000041],[-123.60481895499998,41.88810015100006],[-123.60631495499996,41.880778151000072],[-123.61706395599998,41.88181215000003],[-123.62447695799995,41.888436150000075],[-123.63627295999999,41.88756814900006],[-123.63941496099994,41.890303148000044],[-123.64220496099995,41.889747148000026],[-123.64524996099999,41.88355414800003],[-123.65232696099997,41.87892714700007],[-123.64651395999999,41.87665314700007],[-123.65140895999997,41.872914146000028],[-123.65020595999999,41.870796147000078],[-123.65228995899997,41.865542146000053],[-123.64948995799995,41.860325146000037],[-123.66154795899996,41.85647814400005],[-123.66247695899995,41.852422144000059],[-123.67135295899999,41.844990143000075],[-123.67079395699994,41.835437142000046],[-123.68292695899999,41.837141142000064],[-123.69501995999997,41.83414214000004],[-123.70378196099995,41.829122139000049],[-123.70211695999996,41.82651413800005],[-123.70305595899998,41.819754138000064],[-123.69438895699994,41.81565013900007],[-123.68997095499998,41.803165139000043],[-123.67212395099995,41.79599513900007],[-123.67627594999999,41.789494139000055],[-123.67461594899999,41.785631139000031],[-123.68411995099996,41.784532137000042],[-123.68835395099995,41.781226137000033],[-123.68343494799996,41.76963513700008],[-123.68316594699996,41.758771136000064],[-123.67866894399998,41.746275136000065],[-123.67831794299997,41.73854813500003],[-123.67370194099999,41.734266136000031],[-123.66612193999998,41.732161136000059],[-123.66660193899997,41.72968813500006],[-123.661081938,41.724104136000051],[-123.66021893699997,41.714060135000068],[-123.66918193599997,41.70648413400005],[-123.67008893499997,41.701731133000067],[-123.66804193399997,41.696908133000079],[-123.66285693299994,41.693473134000044],[-123.66974093299996,41.689922133000039],[-123.67508193299994,41.68211713200003],[-123.68540693399996,41.676048130000027],[-123.68697293299999,41.670874130000072],[-123.68959693299996,41.669439130000058],[-123.68861693099996,41.660177129000033],[-123.68527893199996,41.660053129000062],[-123.68830293199994,41.657529129000068],[-123.68845893099996,41.652731129000074],[-123.67993992699996,41.637023128000067],[-123.68045792699996,41.633962128000064],[-123.69665392899998,41.633868127000028],[-123.69840392899999,41.631382126000062],[-123.69748092799995,41.626748126000052],[-123.70571792899995,41.621481125000059],[-123.71104492799998,41.615024124000058],[-123.71144092699996,41.608923124000057],[-123.71611992699997,41.606552123000029],[-123.71910292599995,41.595263122000063],[-123.71568892499999,41.591317122000078],[-123.70654892399995,41.595696123000039],[-123.69887992299999,41.595723124000074],[-123.69760092199999,41.590949124000076],[-123.68233392099995,41.594880125000032],[-123.68345091999998,41.591376125000068],[-123.68135891999998,41.586746125000047],[-123.68790791999999,41.58512812400005],[-123.68910891899998,41.582073124000033],[-123.68154791699999,41.57177712400005],[-123.68760191699999,41.566990123000039],[-123.68926591599995,41.560761123000077],[-123.69390291599996,41.556998122000039],[-123.69390091499997,41.551863122000043],[-123.69025991499996,41.55232512200007],[-123.682556912,41.543056122000053],[-123.67004791099998,41.544091123000044],[-123.65678390799997,41.538620124000033],[-123.65280990799999,41.539396124000064],[-123.64805990599996,41.535029124000062],[-123.64263390299999,41.522704124000029],[-123.64582690399999,41.519010124000033],[-123.64614590199994,41.512425123000071],[-123.64075590099998,41.507375123000031],[-123.64079089999996,41.502095123000061],[-123.63447689699996,41.486080122000033],[-123.63778489599997,41.482387122000034],[-123.63058089399999,41.477128122000067],[-123.63242189399995,41.47346512200005],[-123.62663589299996,41.466799122000054],[-123.61164088999999,41.461576123000043],[-123.61593588799997,41.452966122000078],[-123.61240888699996,41.448959122000076],[-123.61818788799997,41.442975120000028],[-123.62202288599997,41.432640119000041],[-123.63780588799995,41.428101118000029],[-123.64857388899998,41.420828117000042],[-123.64202888599999,41.415663117000065],[-123.63892688499999,41.407371117000025],[-123.64174988499997,41.404431116000069],[-123.64166188399997,41.400193116000025],[-123.65601888599997,41.395312115000024],[-123.65548388399998,41.38843511400006],[-123.66137688399999,41.382095113000048],[-123.50118386099996,41.38257212700006],[-123.49828485999996,41.37891012800003],[-123.48942485899994,41.377675128000078],[-123.48102785599997,41.371991128000047],[-123.47409885399998,41.366198128000065],[-123.48252385299998,41.353655127000025],[-123.47838085099994,41.340315127000054],[-123.47865484999994,41.32965312500005],[-123.47401484899996,41.326379125000074],[-123.47248484699998,41.321552126000029],[-123.46345384499995,41.317735127000049],[-123.45960584399995,41.310244126000043],[-123.46034884199997,41.303309125000055],[-123.45689684099995,41.300293126000042],[-123.45548884099998,41.292824125000038],[-123.46325483999999,41.286343124000041],[-123.46280484099998,41.284206124000036],[-123.44382783599997,41.273239125000032],[-123.44508483499999,41.268251124000074],[-123.44206483299996,41.260018124000055],[-123.44215383199997,41.251401123000051],[-123.45532083199998,41.23654212100007],[-123.45091282999999,41.231248121000078],[-123.43791082799999,41.22690212200007],[-123.43438982699996,41.222880122000049],[-123.43657482699996,41.218366122000077],[-123.43532682599999,41.213306121000073],[-123.42993482399999,41.208844121000027],[-123.42772382199996,41.203346121000038],[-123.41710881999995,41.197007122000059],[-123.40830481599994,41.179949122000039],[-123.40399081399994,41.174531122000076],[-123.39787581399997,41.17408712200006],[-123.39352081199996,41.170721122000032],[-123.39273981099996,41.161213122000049],[-123.38407580999996,41.157744122000054],[-123.38120580799995,41.151295122000079],[-123.37298680699996,41.151946123000073],[-123.37049380699995,41.156289123000079],[-123.36225180699995,41.161562125000046],[-123.35325080499996,41.163059125000075],[-123.34153180299995,41.15581912500005],[-123.33363980199999,41.154659127000059],[-123.32962880099996,41.151669126000058],[-123.32496579799999,41.141552126000079],[-123.31538379699998,41.140273127000057],[-123.31053579699994,41.143227128000035],[-123.30348279499998,41.143794128000025],[-123.29507879299996,41.140655129000038],[-123.28486178999998,41.128465129000062],[-123.28395278999994,41.123458129000028],[-123.27341578799997,41.122896129000026],[-123.27178978599994,41.115595129000042],[-123.26139678299995,41.105787129000078],[-123.26179678299997,41.101185129000044],[-123.25842478099997,41.093563129000074],[-123.24937677899999,41.087183129000039],[-123.24523577699995,41.077992129000052],[-123.23949377499997,41.075768129000039],[-123.22524977399996,41.076130130000081],[-123.21730377199998,41.073020131000078],[-123.20889977099995,41.074671131000059],[-123.20316676899995,41.071768132000045],[-123.19312876899994,41.077393133000044],[-123.18830376799997,41.077596133000043],[-123.17894876699995,41.075564135000036],[-123.16526376499996,41.078136136000069],[-123.15560876299998,41.074746136000044],[-123.14873676199994,41.078452137000056],[-123.14135176199994,41.079183138000076],[-123.10909075599994,41.075434140000027],[-123.10962175599997,41.072628140000063],[-123.10590775399999,41.065773140000033],[-123.09831375299996,41.063020141000038],[-123.09635375199997,41.059404140000026],[-123.08010574999997,41.057568141000047],[-123.05519674399994,41.046711143000039],[-123.04598974099997,41.033499143000029],[-123.04758473899994,41.024744142000031],[-123.04340673799999,41.019331142000055],[-123.04397773699998,41.014206142000035],[-123.03713173499995,41.00418114200005],[-123.01207273099999,41.006777144000068],[-123.00374973099997,41.012519145000056],[-122.98014472799997,41.014319147000037],[-122.96463672499999,41.011984148000067],[-122.95203172299995,41.006398149000063],[-122.94549971999999,40.995183148000081],[-122.93874671799995,40.992198149000046],[-122.92467971599996,40.995675150000068],[-122.91754271499997,40.993995151000036],[-122.91390771599998,40.999023151000074],[-122.91446471699999,41.006904152000061],[-122.90306171599997,41.011565153000049],[-122.90071071599999,41.019957154000053],[-122.90242671699997,41.023794154000029],[-122.89737671699999,41.02918515500005],[-122.90924072099995,41.04119315500003],[-122.90944372199999,41.045528156000046],[-122.91665372499995,41.054695156000037],[-122.91645972499998,41.058289155000068],[-122.92198872699998,41.065870156000074],[-122.92334172799997,41.071957156000053],[-122.94208873099996,41.070080155000028],[-122.95319673299997,41.07428215300007],[-122.96607673599999,41.080910153000048],[-122.97098373799997,41.090165153000044],[-122.96910973999996,41.103364154000076],[-122.97408774099995,41.105765154000039],[-122.97425074199998,41.109630155000048],[-122.95994774099995,41.123997157000076],[-122.96535474499996,41.13831215700003],[-122.96158574399999,41.140129158000036],[-122.95808774399995,41.145669158000032],[-122.95293174399995,41.146979158000079],[-122.95167774399999,41.150325159000033],[-122.95728974599996,41.161219159000041],[-122.95469674699996,41.167404160000046],[-122.96261374999995,41.177877160000037],[-122.96136074999998,41.181530161000069],[-122.95133074999995,41.185583162000057],[-122.93838774599999,41.17811116200005],[-122.92918474499999,41.178696163000041],[-122.92485274599994,41.186670164000077],[-122.91538374399994,41.187189165000063],[-122.90884974399995,41.191536166000049],[-122.90688974499994,41.195929166000042],[-122.88593474299995,41.205147169000043],[-122.88083574199999,41.20352716900004],[-122.87070273999996,41.205093170000055],[-122.85994873899995,41.201534171000048],[-122.84395473599994,41.200229172000036],[-122.83671173499999,41.206732173000034],[-122.82518873399999,41.210035174000041],[-122.81685873199996,41.207600175000039],[-122.81135573099999,41.202456175000066],[-122.80212272999995,41.203053176000026],[-122.79556472999997,41.211366177000059],[-122.78834672899995,41.212587177000046],[-122.78674372899997,41.217001178000032],[-122.78122072899998,41.218178179000063],[-122.77702572999999,41.230846180000071],[-122.76506072899997,41.235187181000072],[-122.76375172899998,41.23808818200007],[-122.75833172899996,41.240809182000078],[-122.74647872699995,41.240896184000064],[-122.72530872499999,41.247471185000052],[-122.72461472699996,41.261080187000061],[-122.71197072699999,41.274795188000041],[-122.70028172599996,41.276082189000078],[-122.68737072399995,41.281334191000042],[-122.68225972299996,41.277990192000061],[-122.67908172299997,41.278974192000078],[-122.67728872299995,41.284991193000053],[-122.66350172199998,41.291649194000058],[-122.65288971999996,41.289740195000036],[-122.65156272199999,41.299601195000037],[-122.64559372099995,41.30473919700006],[-122.64769672399996,41.322348198000043],[-122.64214172399994,41.326613198000075],[-122.62748672299995,41.332031200000074],[-122.61790272099995,41.327530200000069],[-122.60523971999999,41.329204201000039],[-122.59892571699999,41.324539202000039],[-122.58906571699998,41.326842203000069],[-122.58713371699997,41.333286204000046],[-122.58103571699996,41.33767520400005],[-122.58115471799999,41.34144520500007],[-122.58700971899998,41.349707205000072],[-122.58581272099997,41.357639205000055],[-122.57290771999999,41.365701207000029],[-122.57269272099995,41.367988208000043],[-122.56106271799996,41.365965208000034],[-122.55170371599996,41.361707209000031],[-122.54045171299998,41.353158209000071],[-122.54273471299996,41.350150208000059],[-122.53583171099996,41.341528208000057],[-122.51992570799996,41.343781210000031],[-122.50390370599996,41.342990211000028],[-122.50467570499995,41.336973211000043],[-122.50255570399997,41.332949211000027],[-122.47878469899996,41.320090212000025],[-122.50193370099998,41.309118209000076],[-122.49827669799998,41.295753209000054],[-122.49923669799995,41.292054208000025],[-122.51018069899999,41.288669207000055],[-122.51398369799995,41.280157206000069],[-122.51152569599998,41.269803205000073],[-122.51394069599996,41.266797205000046],[-122.51395669399994,41.255220204000068],[-122.50826069199996,41.245293204000063],[-122.51747169199996,41.239788203000046],[-122.51812269199996,41.23592620200003],[-122.51227468999997,41.226457202000063],[-122.52264968999998,41.213530201000026],[-122.51550568699997,41.204997200000037],[-122.49741468299999,41.195574202000046],[-122.49503668199998,41.191670202000068],[-122.49838968099999,41.182680201000039],[-122.29458664999999,41.18498321900006],[-122.12612762399999,41.182974233000039],[-121.44650851899996,41.183489291000058],[-121.44661255599999,41.428988310000079],[-121.44871255699996,41.429388309000046],[-121.44973658699996,41.624882324000055],[-121.44899460999994,41.77639733500007],[-121.45693561199994,41.77630733500007],[-121.45719363199998,41.905616344000066],[-121.45722663899994,41.949950348000073],[-121.44746363799999,41.950490348000073],[-121.44755164499998,41.997512352000058],[-122.00033273299999,42.003972303000069],[-122.16272175799998,42.007751289000055],[-122.28954677799999,42.007774278000056]]]},"properties":{"STATE_COUNTY_FIPS_CD":"06093","COUNTY_NM":"Siskiyou","MMG_PCT_OVERALL_FI_RATE":15,"MMG_YEAR":"2020"}},{"type":"Feature","geometry":{"type":"MultiPolygon","coordinates":[[[[-121.88063122499995,38.538031047000061],[-121.88589522599995,38.538765047000027],[-121.89379722699999,38.533434045000035],[-121.90898222799996,38.529581044000054],[-121.92533622999997,38.52971004300008],[-121.94108523399996,38.533262042000047],[-121.94746923399998,38.527101041000037],[-121.96361923499995,38.522807039000043],[-121.97471223699995,38.513658038000074],[-121.97808123599998,38.508282037000072],[-121.98543923699998,38.505662036000047],[-121.98658323699999,38.50299203600008],[-121.99594023799995,38.500426035000032],[-122.00309023799997,38.493907034000074],[-122.01339023899999,38.488726033000034],[-122.03557924299997,38.496127032000061],[-122.04158124599996,38.505718032000061],[-122.05742824899994,38.517446032000066],[-122.06847525099994,38.514112031000025],[-122.09078825399996,38.516001029000051],[-122.09502925399994,38.513063029000079],[-122.10329425599997,38.51335302800004],[-122.10629625499996,38.508312027000045],[-122.10719625399997,38.494512026000052],[-122.104895253,38.490812026000071],[-122.12359525099998,38.447613021000052],[-122.12640224899997,38.428923019000024],[-122.11799624599996,38.414114019000067],[-122.11470524499998,38.413913019000063],[-122.10959624299994,38.404615019000062],[-122.08914623799996,38.384640019000074],[-122.07769323399998,38.363716018000048],[-122.07339323199994,38.360916018000069],[-122.06969223099998,38.350816018000046],[-122.06979222999996,38.342816017000075],[-122.06479222799999,38.333416017000047],[-122.06299222799998,38.333516017000079],[-122.06139222699994,38.327416016000029],[-122.06819222699994,38.31841701500008],[-122.06479222499996,38.315917015000025],[-122.20599524699998,38.315718004000075],[-122.20140924599997,38.308018004000076],[-122.202596245,38.304118004000031],[-122.19917424499999,38.301519003000067],[-122.20349524399995,38.292919002000076],[-122.19639424099995,38.281919002000052],[-122.19069424099996,38.277519002000076],[-122.18839423899999,38.271619002000079],[-122.21229524299997,38.272819000000027],[-122.21649524299994,38.266020000000026],[-122.21689524199996,38.262319999000056],[-122.21299524099999,38.259119999000063],[-122.19969423899994,38.258920000000046],[-122.19329423799996,38.256420000000048],[-122.19519323799994,38.250721000000055],[-122.20438023899999,38.249306999000055],[-122.21109423999997,38.252219998000044],[-122.21249423999996,38.248719999000059],[-122.20178523799996,38.240327998000055],[-122.19338723399994,38.221219998000038],[-122.19619023399997,38.218924998000034],[-122.19499323299999,38.21232199700006],[-122.20149123399995,38.211624996000069],[-122.20569423399996,38.208220995000033],[-122.20499323299998,38.198520995000024],[-122.21149423299994,38.192121994000047],[-122.20949323299999,38.189921994000031],[-122.21559423399998,38.188421993000077],[-122.21299323199997,38.184321993000026],[-122.21509323199996,38.179721993000044],[-122.20889322999994,38.172721993000039],[-122.20319322999995,38.171521992000066],[-122.20359322899998,38.168721993000077],[-122.19809322799995,38.168421993000038],[-122.19449822699994,38.164719993000062],[-122.19899422699996,38.159321992000059],[-122.19539322699995,38.155021992000059],[-122.40580212899999,38.155576997000026],[-122.40349090899997,38.152818182000033],[-122.35348181799998,38.135918182000069],[-122.31159090899996,38.113309091000076],[-122.29558181799996,38.100218182000049],[-122.28028181799999,38.081118182000068],[-122.27178181799997,38.075618182000028],[-122.26928181799997,38.072218182000029],[-122.27038181799998,38.067618182000047],[-122.25908181799997,38.069018182000036],[-122.25628181799999,38.073018182000055],[-122.25198181799999,38.070618182000032],[-122.24828181799995,38.076918182000043],[-122.24698181799999,38.075918182000066],[-122.27698181799997,38.109827273000064],[-122.27176363599995,38.11190909100003],[-122.26884545399997,38.110809091000078],[-122.26198181799998,38.099009091000028],[-122.25008181799996,38.087618182000028],[-122.24805454499995,38.088527273000068],[-122.24585454499999,38.079672727000059],[-122.23928181799999,38.075209091000033],[-122.24117272699999,38.072227273000067],[-122.23937272699999,38.073227273000043],[-122.22548181799999,38.065009091000036],[-122.21468181799997,38.066118182000025],[-122.21248181799996,38.068118182000035],[-122.21248181799996,38.066318182000032],[-122.20948181799997,38.065718182000069],[-122.20538181799998,38.067518182000072],[-122.20318181799996,38.064118182000072],[-122.20118181799995,38.064618182000061],[-122.20069090899995,38.061627273000056],[-122.19418181799995,38.059918182000047],[-122.19027272699998,38.070409091000045],[-122.18798181799997,38.070909091000033],[-122.17929999999996,38.062090909000062],[-122.17490909099996,38.060763636000047],[-122.17468181799995,38.057827273000044],[-122.16359090899999,38.053536364000024],[-122.16086363599999,38.047345454000038],[-122.16199090899994,38.044527273000028],[-122.16523636299996,38.043927273000065],[-122.16112727199999,38.04290909100007],[-122.15746363599999,38.043245454000044],[-122.15788181799996,38.045563636000054],[-122.15566363599999,38.046590909000031],[-122.15179999999998,38.044854545000078],[-122.15632727199994,38.04315454500005],[-122.15248181799996,38.042609091000031],[-122.12998181799998,38.04431818200004],[-122.11908181799998,38.062809091000076],[-122.06749999999994,38.106736364000028],[-122.06489999999997,38.122563636000052],[-122.06142727199995,38.126081818000046],[-122.06205454499997,38.132800000000032],[-122.05807272699997,38.134636364000073],[-122.05491818199999,38.132527273000051],[-122.04251818199998,38.131754545000035],[-122.03889999999996,38.134654545000046],[-122.02740909099998,38.134972727000047],[-122.01062727199997,38.133327273000077],[-122.00107272699995,38.126545454000052],[-122.00107272699995,38.140127273000076],[-121.99909090899996,38.14044545400003],[-121.99024545399999,38.133472727000026],[-121.98461818199996,38.125600000000077],[-121.98927272699996,38.124918182000044],[-121.98372727199995,38.113736364000033],[-121.99312727199998,38.109436364000032],[-121.99090909099999,38.106954545000065],[-121.99371818199995,38.104881818000024],[-121.99977272699999,38.10420909100003],[-122.00107272699995,38.099118182000041],[-122.00631818199997,38.098545454000032],[-122.01332727199997,38.093936364000058],[-122.01265454499998,38.089154545000042],[-122.00107272699995,38.083681818000059],[-122.00107272699995,38.088918182000043],[-121.99247272699995,38.085518182000044],[-121.98557272699998,38.085590909000075],[-121.98107272699997,38.080663636000054],[-121.97668181799997,38.081163636000042],[-121.97433636299996,38.074709091000045],[-121.97201818199994,38.073881818000075],[-121.96855454499996,38.074181818000056],[-121.96349090899997,38.078709091000064],[-121.96489090899996,38.080718182000055],[-121.95594545399996,38.080336364000061],[-121.95198181799998,38.084818182000049],[-121.95647272699995,38.07774545400008],[-121.95107272699994,38.075218182000071],[-121.94837272699999,38.080118182000035],[-121.94657272699999,38.07832727300007],[-121.94967272699995,38.077318182000056],[-121.94719090899997,38.076818182000068],[-121.92967272699997,38.08201818200007],[-121.92840909099999,38.080436364000036],[-121.91983636299994,38.083327273000066],[-121.91187272699995,38.082636364000052],[-121.91187272699995,38.084518182000068],[-121.90587272699997,38.079018182000027],[-121.91110909099996,38.071372727000039],[-121.91023636299997,38.063936364000028],[-121.90632727199994,38.059290909000026],[-121.89740909099999,38.057145454000079],[-121.89257272699996,38.053018182000073],[-121.88725766199997,38.047121640000057],[-121.87111416499999,38.05303200700007],[-121.86247516499998,38.066035009000075],[-121.85961016599998,38.071140010000079],[-121.84245716299995,38.076740012000073],[-121.82792915999994,38.066228012000067],[-121.80013615499996,38.059652014000051],[-121.74317714899996,38.087234020000039],[-121.72936114699996,38.082353021000074],[-121.71090114399999,38.086494022000068],[-121.70844914499997,38.09148702300007],[-121.70722814699997,38.109851025000069],[-121.69210814699994,38.133131028000037],[-121.68565814999999,38.159649030000026],[-121.67800714899994,38.164913031000026],[-121.66292014899994,38.181874033000042],[-121.64658114599996,38.186049035000053],[-121.63231014499996,38.194256038000049],[-121.62386314399998,38.193195038000056],[-121.61699314299995,38.195110039000042],[-121.61211514299998,38.200073039000074],[-121.61042414299999,38.208379040000068],[-121.60207214399998,38.221647042000029],[-121.60322114599995,38.237288043000035],[-121.60026214799996,38.257822045000069],[-121.60402314999999,38.270108046000075],[-121.60074315099996,38.278380047000041],[-121.60543115299998,38.285710047000066],[-121.60395915199996,38.289518048000048],[-121.60519315399995,38.296089048000056],[-121.59992115299997,38.301520048000043],[-121.59759215299999,38.307180049000067],[-121.59866715399994,38.309897050000075],[-121.59328615299995,38.313094050000075],[-121.69371016899998,38.31373704300006],[-121.69469019599995,38.527059060000056],[-121.70074819599995,38.527432060000081],[-121.71204719899998,38.537967060000028],[-121.72221519999999,38.534875058000068],[-121.73860720399995,38.537709058000075],[-121.74666020399997,38.531833056000039],[-121.76511320499998,38.525861055000064],[-121.77169020699995,38.532306055000049],[-121.77971120899997,38.529917054000066],[-121.78304720899996,38.527015053000071],[-121.78357220799995,38.523292053000034],[-121.78582420799995,38.52307905300006],[-121.79477520999995,38.526942053000027],[-121.81334321299994,38.526028051000026],[-121.83257021599997,38.529762050000045],[-121.84407321899999,38.535243050000076],[-121.85730222099994,38.538101049000034],[-121.88063122499995,38.538031047000061]]],[[[-122.03860909099996,38.09025454500005],[-122.04121818199997,38.088909091000062],[-122.03692727199996,38.08513636400005],[-122.03827272699999,38.08054545400006],[-122.03319999999997,38.079200000000071],[-122.02858181799996,38.082300000000032],[-122.02519999999998,38.081500000000062],[-122.02145454499998,38.073618182000075],[-122.02315454499995,38.06970909100005],[-122.01656363599994,38.067618182000047],[-122.01459090899999,38.068927273000043],[-122.01249999999999,38.066736364000064],[-122.00145454499994,38.06890909100008],[-122.00369999999998,38.070272727000031],[-122.00107272699995,38.071845454000027],[-122.00107272699995,38.077854545000037],[-122.01486363599997,38.084172727000066],[-122.03113636299997,38.086800000000039],[-122.03860909099996,38.09025454500005]]],[[[-121.91313636299998,38.07033636400007],[-121.91847272699999,38.069300000000055],[-121.91747272699996,38.061418182000068],[-121.91927272699996,38.055318182000065],[-121.92149999999998,38.057545454000035],[-121.92534545399997,38.055981818000078],[-121.92895454499995,38.055645454000057],[-121.93178181799999,38.055909091000046],[-121.93317272699994,38.053627273000075],[-121.92957272699999,38.052918182000042],[-121.93117272699999,38.052918182000042],[-121.93330909099996,38.053618182000037],[-121.93236363599999,38.055909091000046],[-121.93174545399995,38.056281818000059],[-121.92932727199997,38.055918182000028],[-121.92987272699997,38.056245454000077],[-121.93234545399997,38.056518182000048],[-121.93407272699994,38.054918182000051],[-121.93341818199997,38.053163636000079],[-121.92857272699996,38.051418182000077],[-121.92659090899997,38.051172727000051],[-121.92535454499995,38.052200000000028],[-121.92111818199999,38.051272727000025],[-121.91657272699996,38.051018182000064],[-121.91597272699994,38.051618182000027],[-121.91887272699995,38.055318182000065],[-121.91567272699996,38.051618182000027],[-121.91637272699995,38.050918182000032],[-121.91847272699999,38.050818182000057],[-121.91428181799995,38.050145454000074],[-121.89957272699996,38.050418182000044],[-121.90407272699997,38.050818182000057],[-121.89467272699994,38.053318182000055],[-121.89857272699999,38.050245454000049],[-121.89297272699997,38.052818182000067],[-121.89897272699994,38.057509091000043],[-121.90692727199996,38.059063636000076],[-121.91015454499995,38.06140909100003],[-121.91313636299998,38.07033636400007]]],[[[-122.02122727199998,38.063418182000078],[-122.03542727199999,38.069027273000074],[-122.04449999999997,38.066090909000025],[-122.04659090899997,38.062927273000071],[-122.02803636299996,38.059500000000071],[-122.02122727199998,38.063418182000078]]],[[[-121.98599999999999,38.08200000000005],[-121.98798181799998,38.083545454000046],[-121.99240909099996,38.080172727000047],[-121.98926363599998,38.078872727000032],[-121.99054545399997,38.077400000000068],[-121.98096363599996,38.07663636400008],[-121.98599999999999,38.08200000000005]]],[[[-121.97779090899996,38.076036364000061],[-121.97804545399998,38.071572727000046],[-121.97271818199999,38.071627273000047],[-121.97779090899996,38.076036364000061]]]]},"properties":{"STATE_COUNTY_FIPS_CD":"06095","COUNTY_NM":"Solano","MMG_PCT_OVERALL_FI_RATE":9.39999962,"MMG_YEAR":"2020"}},{"type":"Feature","geometry":{"type":"Polygon","coordinates":[[[-122.82160540599995,38.850145000000055],[-123.08101044399996,38.852442980000035],[-123.08124344199996,38.838410979000059],[-123.13664944999999,38.839452974000039],[-123.13626644699997,38.809140973000069],[-123.36840747999997,38.806644954000035],[-123.36824947599996,38.777070952000031],[-123.49705549499998,38.778608942000062],[-123.49916849599998,38.778331941000033],[-123.49994649499996,38.773845941000047],[-123.50705449599997,38.773536941000032],[-123.50989449599996,38.767392940000036],[-123.51635649699995,38.767788940000059],[-123.52021049599995,38.758593939000036],[-123.53345457599994,38.768405112000039],[-123.53110909099996,38.762872727000058],[-123.53201818199994,38.759227273000079],[-123.52681818199994,38.757263636000062],[-123.52515454499996,38.753645454000036],[-123.52734545399994,38.752700000000061],[-123.52509999999995,38.749563636000062],[-123.52161818199994,38.749409091000075],[-123.51174545399999,38.740636364000068],[-123.50739090899998,38.741163636000067],[-123.49286363599998,38.736290909000047],[-123.48338181799994,38.726245454000036],[-123.46146363599996,38.717436364000037],[-123.45620909099995,38.712881818000028],[-123.45246363599995,38.705400000000054],[-123.44095454499995,38.69896363600003],[-123.43739090899999,38.69068181800003],[-123.43327272699997,38.689100000000053],[-123.43237272699997,38.683190909000075],[-123.43526363599995,38.681527273000029],[-123.43175454499999,38.680718182000078],[-123.43205454499997,38.678590909000036],[-123.43015454499999,38.679736364000064],[-123.42915454499996,38.677009091000059],[-123.42743636299997,38.678109091000067],[-123.41955454499998,38.674590909000074],[-123.41511818199996,38.668936364000047],[-123.41678181799995,38.667745454000055],[-123.40566363599999,38.656727273000058],[-123.40855454499996,38.654809091000061],[-123.40300909099994,38.649454545000026],[-123.39988181799998,38.649745454000026],[-123.39804545399994,38.647181818000035],[-123.40163636299997,38.64674545400004],[-123.40059090899996,38.644481818000031],[-123.39373636299996,38.639836364000075],[-123.39554545399994,38.63766363600007],[-123.39067272699998,38.635918182000069],[-123.38734545399996,38.631863636000048],[-123.38985454499999,38.629781818000026],[-123.38142727199994,38.625190909000025],[-123.37441818199994,38.616163636000067],[-123.36648181799995,38.612663636000036],[-123.36656363599997,38.608518182000068],[-123.37184545399998,38.606345454000063],[-123.36661818199997,38.602154545000076],[-123.36093636299995,38.600854545000061],[-123.35964545399997,38.597263636000037],[-123.35346363599996,38.598454545000038],[-123.34960909099999,38.596809091000068],[-123.34348181799999,38.590372727000045],[-123.34319090899999,38.586736364000046],[-123.33555454499998,38.582454545000076],[-123.34041818199995,38.578200000000038],[-123.33860909099997,38.573345454000048],[-123.34012727199996,38.572181818000047],[-123.33569090899999,38.570190909000075],[-123.33390909099995,38.565772727000081],[-123.33018181799997,38.567263636000064],[-123.32393636299997,38.563709091000078],[-123.32408181799997,38.560754545000066],[-123.31117272699998,38.557009091000054],[-123.30411818199997,38.547736364000059],[-123.29764545399996,38.546909091000032],[-123.29863636299996,38.544163636000064],[-123.28581818199996,38.539763636000032],[-123.28284545399998,38.535963636000076],[-123.27946363599995,38.536100000000033],[-123.27876363599995,38.531409091000057],[-123.25418181799995,38.515354545000037],[-123.25503636299999,38.512036364000039],[-123.25029090899994,38.509809091000079],[-123.23555454499996,38.509263636000071],[-123.23479090899997,38.506154545000072],[-123.23126363599999,38.505054545000064],[-123.23146363599994,38.502518182000074],[-123.22028181799999,38.49861818200003],[-123.21479999999997,38.498981818000061],[-123.19254545399997,38.489672727000027],[-123.16945454499995,38.474809091000054],[-123.16462727199996,38.473690909000027],[-123.16302727199997,38.468036364000056],[-123.15839090899999,38.467990909000036],[-123.15618181799999,38.464645454000049],[-123.15143636299996,38.463663636000035],[-123.15278181799999,38.460936364000077],[-123.15109090899995,38.462054545000058],[-123.14538181799998,38.459609091000061],[-123.14658181799996,38.458000000000027],[-123.14360909099997,38.457981818000064],[-123.14410909099996,38.455872727000042],[-123.13438181799995,38.454518182000072],[-123.12909090899996,38.450990909000041],[-123.12645454499994,38.442863636000027],[-123.12833636299996,38.439472727000066],[-123.12377272699996,38.440181818000042],[-123.12070909099998,38.431690909000054],[-123.12199090899998,38.430163636000032],[-123.11715454499995,38.428854545000036],[-123.11421818199995,38.421600000000069],[-123.10882727199998,38.420345454000028],[-123.10184545399994,38.413163636000036],[-123.09826363599996,38.406618182000045],[-123.09659999999997,38.393936364000069],[-123.09223636299998,38.394736364000039],[-123.08557272699994,38.390527273000032],[-123.08152727199996,38.377800000000036],[-123.07352727199998,38.369781818000035],[-123.06826363599998,38.359863636000057],[-123.06864545399998,38.334390909000035],[-123.07302727199999,38.324063636000062],[-123.07817272699998,38.323100000000068],[-123.072036363,38.316418182000064],[-123.06904545399999,38.316509091000057],[-123.07059090899997,38.314263636000078],[-123.06498181799998,38.302772727000047],[-123.05783636299998,38.298309091000078],[-123.05306363599999,38.299618182000074],[-123.05201818199998,38.302245454000058],[-123.05692727199994,38.304700000000025],[-123.06105454499999,38.311836364000044],[-123.05655454499998,38.314445454000065],[-123.05460909099997,38.319527273000062],[-123.05492727199999,38.326054545000034],[-123.05959999999999,38.333518182000034],[-123.05730909099998,38.336200000000076],[-123.05056363599999,38.334318182000061],[-123.05158181799999,38.33310909100004],[-123.04971818199999,38.334090909000054],[-123.04059999999998,38.326027273000079],[-123.03780909099999,38.322500000000048],[-123.03940909099998,38.318318182000041],[-123.03690909099998,38.316645454000025],[-123.05065454499999,38.314563636000059],[-123.05466363599999,38.309072727000057],[-123.05396363599999,38.305863636000026],[-123.05106363599998,38.310690909000073],[-123.04684545399999,38.312663636000025],[-123.02999999999997,38.312200000000075],[-123.02433636299997,38.310572727000078],[-123.00273716799995,38.295716968000079],[-122.99359236299995,38.30008394400005],[-122.99476636299994,38.306194945000072],[-122.98475136199994,38.307952945000068],[-122.98162036199994,38.311139946000026],[-122.97005536099999,38.310132947000056],[-122.96613736099999,38.316974947000062],[-122.94676735699994,38.311213948000045],[-122.94404735699999,38.312678948000041],[-122.93972235599995,38.310852949000036],[-122.93427535499995,38.314016949000063],[-122.93682935499999,38.311183949000053],[-122.93539435499997,38.309609949000048],[-122.92564935399997,38.312740950000034],[-122.92160135299997,38.308558950000076],[-122.91649635299996,38.312813950000077],[-122.92086035399996,38.316930951000074],[-122.91585235399998,38.320356951000065],[-122.90731635299994,38.320444952000059],[-122.91086035199999,38.317175952000071],[-122.90950835199999,38.314398951000044],[-122.89994635099998,38.316797952000059],[-122.73991331399998,38.20702295600006],[-122.72300831199999,38.207136957000046],[-122.70140630699996,38.196103958000037],[-122.68792930399997,38.19474795800005],[-122.68057830299995,38.189631959000053],[-122.66717130099994,38.189701959000047],[-122.66391429999999,38.186404959000072],[-122.65862329899994,38.186782960000073],[-122.64925029799997,38.181131961000062],[-122.63579729499997,38.178653961000066],[-122.62819629399996,38.178891961000033],[-122.62570829399999,38.182341962000066],[-122.62266029299997,38.18262896300007],[-122.60412329099995,38.18063696400003],[-122.60091528999999,38.185286964000056],[-122.59282828999994,38.188787965000074],[-122.59090728899997,38.185947965000025],[-122.58213128899996,38.188024966000057],[-122.57821428699998,38.183587966000061],[-122.57070628599996,38.183522966000055],[-122.57320428599996,38.186322966000034],[-122.57060428699998,38.187121966000063],[-122.56529528499999,38.182718966000039],[-122.56850628499996,38.177022966000038],[-122.56447628399997,38.17508596600004],[-122.56320628299994,38.169322966000038],[-122.55199328099997,38.169005966000043],[-122.55800528199995,38.163534966000043],[-122.55792928199998,38.16016296600003],[-122.54962827899999,38.157294966000052],[-122.54448627899995,38.158720966000033],[-122.53484127599995,38.149206967000055],[-122.51691127299995,38.137541967000061],[-122.50491626799999,38.114738966000061],[-122.49997326599998,38.111549966000041],[-122.48808105999996,38.108973995000042],[-122.47876363599994,38.115527273000055],[-122.45346363599998,38.120172727000067],[-122.45124545399995,38.11650000000003],[-122.44382727199996,38.11600909100008],[-122.43407272699994,38.120945454000037],[-122.40809090899995,38.13964545400006],[-122.40453636299998,38.147800000000075],[-122.40778181799999,38.153872727000078],[-122.40687736099994,38.155871517000037],[-122.40612225899997,38.159383977000061],[-122.39683525699996,38.16145597700006],[-122.37259325299999,38.157719979000035],[-122.36757425299999,38.158796980000034],[-122.36559525299998,38.166033980000066],[-122.36955725499996,38.174524980000058],[-122.36866325599999,38.182670982000047],[-122.35790025399996,38.182611982000026],[-122.35706425399997,38.190638983000042],[-122.36027025599998,38.19711998300005],[-122.35514125499998,38.196866984000053],[-122.35058425399995,38.192380984000067],[-122.34957725399994,38.193976984000074],[-122.35069425499995,38.20183598400007],[-122.35925425699998,38.20999398500004],[-122.35993725999998,38.230505986000026],[-122.36680026299996,38.247019987000044],[-122.37460026399998,38.244519986000057],[-122.37387826399998,38.247442986000067],[-122.38990926799994,38.260699986000077],[-122.38725526899998,38.273257988000069],[-122.39700526999997,38.27209898600006],[-122.40460527299996,38.281427987000029],[-122.40083627299998,38.28955398800008],[-122.40370527499999,38.299631988000044],[-122.40129427499994,38.302736989000039],[-122.39462527399996,38.304728989000068],[-122.40541427799997,38.322122990000025],[-122.40935127799997,38.32088698900003],[-122.40959527899997,38.325738989000058],[-122.41374527999994,38.330697990000033],[-122.41205228099994,38.334298990000036],[-122.41757528199997,38.338014990000033],[-122.41730228199998,38.339717991000043],[-122.42152728299999,38.339517990000047],[-122.43086728499998,38.352158991000067],[-122.44028128699995,38.358482990000027],[-122.44720928899994,38.359039990000042],[-122.45760129099995,38.367226990000063],[-122.45712829099995,38.370552989000032],[-122.45000329099997,38.374916991000077],[-122.44790329099999,38.379316991000053],[-122.46590429499997,38.390415991000054],[-122.47020429699995,38.397515991000034],[-122.46810429699997,38.400015992000078],[-122.47060429699997,38.404915991000053],[-122.47540329799995,38.406515991000049],[-122.47560429899994,38.409115992000068],[-122.49760530399999,38.42451499100008],[-122.49140430499995,38.434414993000075],[-122.48712030299998,38.431722993000051],[-122.48552030399998,38.43748299300006],[-122.48001630399995,38.443034994000072],[-122.47996830399995,38.448730995000062],[-122.48300430599994,38.452714994000075],[-122.49370430799996,38.456514994000031],[-122.50920530999997,38.457714993000025],[-122.51000531099999,38.462314993000064],[-122.50583531099994,38.464497994000055],[-122.51625731199999,38.470876993000047],[-122.52960531499997,38.469613992000063],[-122.53140931599995,38.478543993000073],[-122.53656631699999,38.482807993000051],[-122.54474631999994,38.495679993000067],[-122.54287231999996,38.498873993000075],[-122.53821431899996,38.497906994000061],[-122.53550431899998,38.50173099400007],[-122.54125132099995,38.504178994000029],[-122.54317332099998,38.507497994000062],[-122.54554032199997,38.506802994000054],[-122.54882032299997,38.511631994000027],[-122.54238032199999,38.513202995000029],[-122.54531132299996,38.516460995000045],[-122.54390632299999,38.51997099600004],[-122.55063632399998,38.522136995000039],[-122.55369032499999,38.525995995000073],[-122.56665732699997,38.525547994000078],[-122.56664232799994,38.528629995000074],[-122.56986232799994,38.529995994000046],[-122.57401232999996,38.540363995000064],[-122.58766933399994,38.552607994000027],[-122.60024133599995,38.55566099400005],[-122.60329533599997,38.558788994000054],[-122.62085933999998,38.560321993000059],[-122.62029433999999,38.565334993000079],[-122.62278234099995,38.567829993000032],[-122.62693234099999,38.57014199300005],[-122.63184534199996,38.569371992000072],[-122.63050734299998,38.579012993000049],[-122.64643434799996,38.598597994000045],[-122.63915534799997,38.609271995000029],[-122.63956734799996,38.611666996000054],[-122.63346434799996,38.616191996000055],[-122.63360134799996,38.619868996000037],[-122.62830634799997,38.623042997000027],[-122.63010934899995,38.626811997000061],[-122.63300934999995,38.627611997000031],[-122.63410935099995,38.636911997000027],[-122.62420935099999,38.649811000000057],[-122.62370935199999,38.664311000000055],[-122.62740935399995,38.667511000000047],[-122.62547735399994,38.674407001000077],[-122.63390935599995,38.685287002000052],[-122.63951035799994,38.689063001000079],[-122.63706235899997,38.693735002000039],[-122.64432635999998,38.699575002000074],[-122.64387735999998,38.702582002000042],[-122.64690236099995,38.706550002000029],[-122.66220336399999,38.705945001000032],[-122.66941536499996,38.708375001000036],[-122.67424736499999,38.706359000000077],[-122.69546436899998,38.713094999000077],[-122.69626436999999,38.720102999000062],[-122.70068137299995,38.728566999000066],[-122.71039337399998,38.732086999000046],[-122.71234537499998,38.742231000000061],[-122.70878737599998,38.746406001000025],[-122.70933437599996,38.749025000000074],[-122.72417137899998,38.756566001000067],[-122.72270637999998,38.763018001000034],[-122.72835038099998,38.766226000000074],[-122.72955638199994,38.770709000000068],[-122.73456438299996,38.77261100100003],[-122.73803038399996,38.781047001000047],[-122.74823338699997,38.787800001000051],[-122.74621138799995,38.799253002000057],[-122.74819038799995,38.803833002000033],[-122.76762639299994,38.81387600100004],[-122.76662539299997,38.815782001000059],[-122.78020639699997,38.826848002000077],[-122.79140639799999,38.830434001000071],[-122.79600239999996,38.83895700100004],[-122.80624040199996,38.836230000000057],[-122.81210240199999,38.83841699900006],[-122.81215540299996,38.842914000000064],[-122.81832740399994,38.844590000000039],[-122.81766440499996,38.849844000000076],[-122.82160540599995,38.850145000000055]]]},"properties":{"STATE_COUNTY_FIPS_CD":"06097","COUNTY_NM":"Sonoma","MMG_PCT_OVERALL_FI_RATE":9.30000019,"MMG_YEAR":"2020"}},{"type":"Feature","geometry":{"type":"Polygon","coordinates":[[[-120.65268594999998,37.831427078000047],[-120.72868796999995,37.897676078000075],[-120.76131397899997,37.931072079000046],[-120.83381299699994,37.994729079000024],[-120.87606000799997,38.028899079000041],[-120.92646202199995,38.077426079000077],[-120.92635999999999,37.886729063000075],[-120.92325798399997,37.757733052000049],[-120.92067798099998,37.73839705000006],[-120.94198298599997,37.742299049000053],[-120.95404498699997,37.738357048000069],[-120.97317799099994,37.747957047000057],[-120.98179899299998,37.756357047000051],[-120.98734599399995,37.756621047000067],[-120.99344599599999,37.760946047000061],[-120.99895199499997,37.757133046000035],[-120.99929499599995,37.753636046000054],[-121.00633999699994,37.751524045000053],[-121.00801299699998,37.749096044000055],[-121.01269399699999,37.749725044000058],[-121.01076599699996,37.751635044000068],[-121.01405499799995,37.754241045000072],[-121.01117899699994,37.755756045000055],[-121.01749299899996,37.755411045000073],[-121.02574599799999,37.742361043000074],[-121.02882899799999,37.740709042000049],[-121.03652499999998,37.743019042000071],[-121.03788499999996,37.739165042000025],[-121.04262300099998,37.741806041000075],[-121.04400400099996,37.738708041000052],[-121.04684300199995,37.742860041000029],[-121.05102800199995,37.741756041000031],[-121.05071900299998,37.745717042000024],[-121.05356600299996,37.745863041000064],[-121.05168600299999,37.748109041000077],[-121.05675300399997,37.750519041000075],[-121.06053700399997,37.749438041000076],[-121.06145400399998,37.746345040000051],[-121.06467000499998,37.746677040000066],[-121.06339900499995,37.743743040000027],[-121.06695400499996,37.744753040000035],[-121.06708700499996,37.739713040000026],[-121.07753000599996,37.737530038000045],[-121.08314000699994,37.741845038000065],[-121.08770300799995,37.741405038000039],[-121.09052700799998,37.735855037000078],[-121.09486100799995,37.733333037000079],[-121.09688700899994,37.734428037000043],[-121.09603200799995,37.736199037000063],[-121.10095500999995,37.737438037000061],[-121.10023100999996,37.740295037000067],[-121.10686101099998,37.74013203700008],[-121.11006201199996,37.742133036000041],[-121.11136201099998,37.740033036000057],[-121.10764300999995,37.732285036000064],[-121.11677401099996,37.726496035000025],[-121.11678300999995,37.724152034000042],[-121.12138301099998,37.72447203400003],[-121.12136901099996,37.72192403400004],[-121.12363801199996,37.722828034000031],[-121.12269101099997,37.724126034000051],[-121.12595801199996,37.722630034000076],[-121.12873101299999,37.724313034000033],[-121.13181401299994,37.722056033000058],[-121.13653501299996,37.724688033000064],[-121.13801201399997,37.722329033000051],[-121.14277401499999,37.722141033000071],[-121.14186901399995,37.72082503200005],[-121.14545701499998,37.719993032000048],[-121.14611901399996,37.717504032000079],[-121.15510901599998,37.720328032000054],[-121.15610401599997,37.716815031000067],[-121.15911001599994,37.716605030000039],[-121.15778801599998,37.713359031000039],[-121.16084201599995,37.711147030000063],[-121.15936201499994,37.708533030000069],[-121.16213001599999,37.708057030000077],[-121.15857201399996,37.705375030000027],[-121.16568501599994,37.70425503000007],[-121.16672901599998,37.701820029000032],[-121.16369201499998,37.700382029000025],[-121.16625701499999,37.699402029000055],[-121.16893501599998,37.699130029000059],[-121.17785301799995,37.706195028000025],[-121.18007501799997,37.703060028000039],[-121.17692301699998,37.702533028000062],[-121.17592501699994,37.699426028000062],[-121.18258201799995,37.698544028000072],[-121.18025401699998,37.695396027000072],[-121.18418201699996,37.692725027000051],[-121.17931101699997,37.692803027000025],[-121.17921801699998,37.690865027000029],[-121.18310901699999,37.689989027000024],[-121.18119001699995,37.687896027000079],[-121.18769201699996,37.687640026000054],[-121.18903501799997,37.69159202600008],[-121.19188501799999,37.690383026000063],[-121.19452401899997,37.694823026000051],[-121.19936601999996,37.690215026000033],[-121.20130701999994,37.693085026000062],[-121.19916101999996,37.695518026000059],[-121.20155501999994,37.696155026000042],[-121.20406202099997,37.693631026000048],[-121.20687602199996,37.694301025000073],[-121.20523402099997,37.691510025000071],[-121.20870502099996,37.686307025000076],[-121.21640402199995,37.68787502400005],[-121.22098102199999,37.68305302300007],[-121.22347902199999,37.683613023000078],[-121.22137001999999,37.67144402200006],[-121.22926102199995,37.668933022000033],[-121.23020402099996,37.662981021000064],[-121.24089502299995,37.664782021000065],[-121.47193803799996,37.481787988000065],[-121.47266103799996,37.482174988000054],[-121.47454003799999,37.479348987000037],[-121.47771303899998,37.480283987000064],[-121.48342303899994,37.475427986000057],[-121.48678803899998,37.475656986000047],[-121.48426503799999,37.466036986000063],[-121.47504603599998,37.462058986000045],[-121.47268903499997,37.456385986000043],[-121.46719203399999,37.453345986000045],[-121.46470003399997,37.454487986000061],[-121.46293003299996,37.45149398600006],[-121.46187303199997,37.43880398400006],[-121.47034103199996,37.430124984000031],[-121.46887103099999,37.42499898300008],[-121.47261903199995,37.423349983000037],[-121.45636402699995,37.40673998300008],[-121.45566402599997,37.401039982000043],[-121.45826402699998,37.398139982000032],[-121.45666402599994,37.39553998100007],[-121.44817602399996,37.39168198200008],[-121.43609802299994,37.396134983000024],[-121.42406302099999,37.393639983000071],[-121.41256201799996,37.389439984000035],[-121.40908801699999,37.380676983000058],[-121.41586201699999,37.375920983000071],[-121.41930301699995,37.364449981000064],[-121.42251301699997,37.363095981000072],[-121.42366301699997,37.358841981000069],[-121.41942201599994,37.351993980000032],[-121.42076301499998,37.344741980000038],[-121.40916301199996,37.330641979000063],[-121.41195201099998,37.324449978000075],[-121.40576600899999,37.310994977000064],[-121.41837900999997,37.303279976000056],[-121.42276300999998,37.299142975000052],[-121.42346500899998,37.295291975000055],[-121.43140401099998,37.294998974000066],[-121.43682901099999,37.291975973000035],[-121.44356401299996,37.296642974000065],[-121.44966301399995,37.293943973000069],[-121.44867101299997,37.290304973000048],[-121.45402201299999,37.284054972000035],[-121.45806401399994,37.284143971000049],[-121.45908101399999,37.282323971000039],[-121.45397901299998,37.277188971000044],[-121.45486201099999,37.263145970000039],[-121.45726801099994,37.260947970000075],[-121.45503301099995,37.255554969000059],[-121.45576300899995,37.249444968000034],[-121.44815800699996,37.239498968000078],[-121.44875700699998,37.237281968000048],[-121.43389300399997,37.226333968000063],[-121.43157200399997,37.22782096800006],[-121.42272400099995,37.222364969000068],[-121.42108799999994,37.214830968000058],[-121.41688199899994,37.211266968000075],[-121.41566999799994,37.199653968000064],[-121.41047599599995,37.19201296600005],[-121.41153799599999,37.185411966000061],[-121.40880699499996,37.182509966000055],[-121.41044399399999,37.174471965000066],[-121.41341399499998,37.172332965000066],[-121.40773999399994,37.169010965000041],[-121.40602499199997,37.157891964000044],[-121.40115398999995,37.154924964000031],[-121.39946398999996,37.150390964000053],[-121.39343698899995,37.148135964000062],[-121.39114398899994,37.150751964000051],[-121.38356398699995,37.151491965000048],[-121.38164298799995,37.157142965000048],[-121.38396998899998,37.160165966000079],[-121.38427898999998,37.166205967000053],[-121.37966698899999,37.168010967000043],[-121.37222198899997,37.176966968000045],[-121.36454798799997,37.180322969000031],[-121.36095498799995,37.184325970000032],[-121.34871598499996,37.181125971000029],[-121.34239498299996,37.174196970000025],[-121.33211998199999,37.170990970000048],[-121.32842198099996,37.165954971000076],[-121.31404697899995,37.167914971000073],[-121.31289497899996,37.170151971000053],[-121.30605697799996,37.166645972000026],[-121.30263197699998,37.168164972000056],[-121.29856497599997,37.165967972000033],[-121.29153297599998,37.170341974000053],[-121.29097197599998,37.175431974000048],[-121.28111997499997,37.183607975000029],[-121.27539097399995,37.178743975000032],[-121.26210596899995,37.159327974000064],[-121.23712296599996,37.157208976000049],[-121.23230996299998,37.139897975000054],[-121.22681696199999,37.134778974000028],[-120.964235944,37.345787012000073],[-120.97599194599997,37.349329012000055],[-120.97786494799999,37.361616013000059],[-120.98142994899996,37.364928013000053],[-120.97393594799996,37.368074013000069],[-120.97842594899998,37.372140013000035],[-120.97359894799996,37.37424201400006],[-120.97311294899998,37.377600014000052],[-120.98325294999995,37.376441013000033],[-120.98225295199995,37.38564201500003],[-120.99065395299999,37.387542014000076],[-120.99174795299996,37.385008013000061],[-120.99365395299998,37.388042013000074],[-120.98440295299997,37.399371016000032],[-120.88644194299997,37.440185026000051],[-120.83087293599999,37.460184032000029],[-120.38768288499995,37.633369079000033],[-120.38762588499998,37.633709079000027],[-120.55975692699997,37.763918078000074],[-120.65268594999998,37.831427078000047]]]},"properties":{"STATE_COUNTY_FIPS_CD":"06099","COUNTY_NM":"Stanislaus","MMG_PCT_OVERALL_FI_RATE":11.8000002,"MMG_YEAR":"2020"}},{"type":"Feature","geometry":{"type":"Polygon","coordinates":[[[-121.62377328199995,39.295626129000027],[-121.63229828399994,39.302248128000031],[-121.63016328399999,39.30567312900007],[-121.90828232599995,39.303883107000047],[-121.90794532599995,39.301911106000034],[-121.91689332599998,39.295730105000075],[-121.91645032599996,39.292410106000034],[-121.91874832599996,39.292317105000052],[-121.91895332599995,39.28943210500006],[-121.92206732599999,39.288292105000039],[-121.92103832499998,39.281105104000062],[-121.92761232599997,39.275689103000047],[-121.92900332499994,39.271089103000065],[-121.93692932599998,39.26795510200003],[-121.94683432499994,39.249847099000078],[-121.94830732499997,39.240850099000056],[-121.94006132099997,39.228679099000033],[-121.94145932099997,39.221748098000035],[-121.93608831999995,39.221028098000033],[-121.93786931999995,39.218227098000057],[-121.93243031799994,39.21157609800008],[-121.93335031799995,39.209272098000042],[-121.92834531599999,39.198734097000056],[-121.93655831599995,39.194715096000039],[-121.93455031499997,39.189861096000072],[-121.94141631599996,39.18649709500005],[-121.94539931599996,39.180146094000065],[-121.93891531399998,39.173389094000072],[-121.93424231199998,39.161033093000071],[-121.92013830799999,39.152997094000057],[-121.91722730699996,39.147283093000055],[-121.92055430699997,39.141343093000046],[-121.93777630999995,39.143989092000027],[-121.93918530899998,39.136150091000047],[-121.93394130699994,39.130046091000054],[-121.92497230599997,39.128202092000038],[-121.92144230499997,39.122248091000074],[-121.91110830299999,39.123152092000055],[-121.90996930199998,39.119294092000075],[-121.91310030299996,39.114321092000068],[-121.91067730199995,39.112916092000034],[-121.90554830099995,39.114771092000069],[-121.90353629999998,39.108063092000066],[-121.90584729999995,39.103092091000065],[-121.90005229899998,39.10021609100005],[-121.89852729799998,39.096694092000064],[-121.89438229699999,39.096131091000075],[-121.89525229599997,39.086799091000046],[-121.88975129399995,39.081170091000047],[-121.89461829499999,39.07898109000007],[-121.88911429399997,39.072378090000029],[-121.86983028999998,39.066865091000068],[-121.84940228699998,39.071406093000064],[-121.83855828399999,39.064135093000061],[-121.84089328399995,39.051684092000073],[-121.83963028199997,39.046888091000028],[-121.82963427999999,39.03799009200003],[-121.83068627899996,39.032706092000069],[-121.82438827799996,39.031786092000061],[-121.82290427799995,39.029393092000078],[-121.82099727699995,39.020284091000065],[-121.82649627599994,39.011201089000053],[-121.81924527499996,39.006073090000029],[-121.80621527199997,39.003690091000067],[-121.79544326899997,38.996395091000068],[-121.80211526999994,38.989772090000031],[-121.81915527199999,38.988556089000042],[-121.82141127099999,38.974748088000069],[-121.83432327099996,38.968733086000043],[-121.83205126999997,38.960477085000036],[-121.84057927099997,38.954829084000039],[-121.83661126999999,38.949133084000039],[-121.83657926899997,38.943821084000035],[-121.83021126699998,38.938846084000033],[-121.83789126699997,38.927054082000041],[-121.83550126599999,38.924486082000044],[-121.82893126499999,38.918478082000036],[-121.80553825999999,38.915070084000035],[-121.80585625999998,38.910798083000032],[-121.81526726199996,38.911215083000059],[-121.81018025999998,38.90794608300007],[-121.79152225699994,38.905407084000046],[-121.79360225699997,38.900720084000056],[-121.80400225799997,38.901725083000031],[-121.80310625799996,38.897424083000033],[-121.80678625699994,38.890320082000073],[-121.81725025799994,38.882879081000056],[-121.81163125599994,38.873375080000073],[-121.80390925499995,38.870028080000054],[-121.80238625399994,38.864587079000046],[-121.79599025299996,38.866664080000078],[-121.79303325199999,38.862977080000064],[-121.78732725099997,38.863985081000067],[-121.78448725099997,38.861314081000046],[-121.78389424999995,38.856450081000048],[-121.77675324899997,38.861345082000071],[-121.77003624799994,38.861542082000028],[-121.76530924799999,38.864192083000034],[-121.75843324699997,38.862360083000056],[-121.75932824799997,38.868376083000044],[-121.74863724599999,38.871323084000039],[-121.74481624499998,38.864160084000048],[-121.73046824199997,38.859091085000045],[-121.72817724099997,38.853413084000067],[-121.72355323999994,38.852297085000032],[-121.72870923999994,38.846632084000078],[-121.72598423899996,38.841259084000058],[-121.72969723899996,38.839585084000078],[-121.73096623899994,38.835258083000042],[-121.72342723699995,38.825622083000042],[-121.72335923399999,38.803764081000054],[-121.70906323099996,38.801030082000068],[-121.70126422999999,38.803033083000059],[-121.69585222899997,38.796711082000058],[-121.69068422799995,38.795632082000054],[-121.69338122799996,38.78982108200006],[-121.68645222499998,38.775365082000064],[-121.69257522499998,38.767715080000073],[-121.68726122299995,38.763695080000048],[-121.68091622299994,38.763627080000049],[-121.67666722199999,38.760195080000074],[-121.67003121999994,38.759315082000057],[-121.67721121999995,38.750181080000061],[-121.67368721799994,38.743172079000033],[-121.66848821799999,38.746053081000071],[-121.66767621899999,38.75394108100005],[-121.65820721799997,38.754927082000052],[-121.66397022099994,38.768161083000052],[-121.65807121899996,38.768841083000041],[-121.65670121799997,38.765667083000039],[-121.65289321799997,38.764227083000037],[-121.63889221699998,38.767107084000031],[-121.64860321899999,38.77282908400008],[-121.64617021899994,38.774078085000042],[-121.64040921699996,38.772766085000058],[-121.63484521499998,38.766917085000046],[-121.63243521599998,38.77426308500003],[-121.62803421599995,38.778011086000049],[-121.63159421699999,38.782669086000055],[-121.62412621599998,38.785179087000074],[-121.60487521299996,38.77936108800003],[-121.59322720899996,38.764321088000031],[-121.59341920699995,38.753990087000034],[-121.60290720699999,38.735843084000066],[-121.52178019399997,38.736406091000049],[-121.48440918799997,38.734603094000079],[-121.48445319099994,38.751359095000055],[-121.46976618799999,38.751608096000041],[-121.46936920999997,38.925997111000072],[-121.41441220199999,38.926219115000038],[-121.41479221099996,38.996457120000059],[-121.44383921499997,38.993330118000074],[-121.44904321599995,38.997207118000063],[-121.45947621799996,38.997844117000056],[-121.47442121899996,38.992178116000048],[-121.48206322099998,38.993505115000062],[-121.48721822099998,38.990647114000069],[-121.48965922199994,38.992055114000038],[-121.49370322199997,38.984307114000046],[-121.50904222299999,38.982796112000074],[-121.52466622399999,38.971478110000078],[-121.54331922699998,38.972409109000068],[-121.55353122699995,38.953760106000061],[-121.56148322799999,38.953442106000068],[-121.57131022699997,38.938923104000025],[-121.57542822599999,38.918353101000037],[-121.57893322599995,38.921695102000058],[-121.58219622899998,38.935655102000055],[-121.57797422899995,38.946776104000037],[-121.58260523099995,38.955700104000073],[-121.58049723199997,38.960619105000035],[-121.58146023299997,38.965295105000052],[-121.58738323399996,38.973378105000052],[-121.58656123499998,38.979981106000025],[-121.58941223699998,38.990349107000043],[-121.57910823699996,39.006697108000026],[-121.58332823799998,39.009473109000055],[-121.60004924099997,39.012111108000056],[-121.59436224199999,39.023306109000032],[-121.60564724399995,39.032633108000027],[-121.61027024799995,39.056814111000051],[-121.58612124899997,39.089121115000069],[-121.58730525099998,39.101723116000073],[-121.59124025099999,39.102632116000052],[-121.59564425099995,39.099452115000076],[-121.60269125299999,39.100163115000043],[-121.60143025399998,39.104986115000031],[-121.60462825499997,39.113855116000025],[-121.59768925599997,39.127797117000057],[-121.60758825899995,39.140900118000047],[-121.60552025999999,39.148464118000049],[-121.61562726399995,39.167829119000032],[-121.61117226399995,39.175711120000074],[-121.61649726499996,39.178679120000027],[-121.61846526599999,39.183074120000072],[-121.61305026599996,39.190484121000054],[-121.61515026699999,39.193301121000047],[-121.62370926799997,39.19574212100008],[-121.62910227099997,39.204683121000073],[-121.62491626999997,39.206926121000038],[-121.62113426899998,39.206157122000036],[-121.62029726999998,39.213492122000048],[-121.61364326899997,39.213865123000062],[-121.61813627099997,39.220651123000039],[-121.61436927099999,39.228896124000073],[-121.62772527299995,39.228605123000079],[-121.62773627399997,39.235511123000038],[-121.63501127599994,39.240524123000057],[-121.63638127699994,39.246081123000067],[-121.63565727899999,39.262007125000025],[-121.62721627699995,39.259370126000078],[-121.62142527699996,39.26371212600003],[-121.62845127799994,39.266518126000051],[-121.63254327899995,39.270914126000037],[-121.63023227999997,39.273697126000059],[-121.62512027899999,39.27167412700004],[-121.62195127799998,39.273576127000069],[-121.62724127999996,39.279719127000078],[-121.63166728199997,39.291538127000081],[-121.62557228199995,39.292483128000072],[-121.62377328199995,39.295626129000027]]]},"properties":{"STATE_COUNTY_FIPS_CD":"06101","COUNTY_NM":"Sutter","MMG_PCT_OVERALL_FI_RATE":12.5,"MMG_YEAR":"2020"}},{"type":"Feature","geometry":{"type":"Polygon","coordinates":[[[-121.49764841799998,40.445596230000035],[-121.56514542899998,40.445802224000033],[-121.57709343099998,40.442459224000061],[-121.58257043099997,40.435191222000071],[-121.59309943199997,40.431131222000033],[-121.60045043299999,40.431768221000027],[-121.60894443499996,40.438390220000031],[-121.61406043599999,40.439085220000038],[-121.64634344099994,40.434731217000035],[-121.65540044299996,40.441718217000073],[-121.67054444599995,40.447558216000061],[-121.67201144599994,40.450395216000061],[-121.68580044899994,40.453138215000081],[-121.69829844999998,40.448304214000075],[-121.70893445199999,40.450846213000034],[-121.71981445299997,40.44861921200004],[-121.73459845399998,40.435637210000039],[-121.77633346099998,40.437615206000032],[-121.78773246399999,40.443670206000036],[-121.79629846399996,40.442491205000067],[-121.80671046599997,40.444983204000039],[-121.81386046699998,40.441261203000067],[-121.83408746999999,40.437326202000065],[-121.85136347299999,40.44260120000007],[-121.86360547499999,40.440601199000071],[-121.87267847599998,40.43618619800003],[-121.87962147699994,40.436199198000054],[-121.88751047699998,40.428883197000062],[-121.89557447799996,40.427014196000073],[-121.90095947699996,40.420936194000035],[-121.91097547999999,40.422900194000078],[-121.91481047999997,40.425998194000044],[-121.92703548099996,40.418427192000024],[-121.94100248299998,40.415336191000051],[-121.96704248799995,40.422109189000025],[-121.97753948999997,40.421046189000037],[-121.99389749299996,40.42571818700003],[-121.99765249299998,40.422800187000064],[-122.00995349599998,40.426772186000051],[-122.01364049499995,40.424780185000031],[-122.01482449499997,40.421018185000037],[-122.02191449699995,40.424075185000049],[-122.03043549699998,40.420799184000032],[-122.03101449799999,40.417354184000033],[-122.03533549799999,40.41968918300006],[-122.04190349899994,40.418247183000062],[-122.05215450099996,40.420385183000064],[-122.05737950099996,40.416506182000035],[-122.09121650599997,40.410551178000048],[-122.09162150599997,40.414335179000034],[-122.09684850599996,40.409902178000038],[-122.09906150699999,40.414762178000046],[-122.11070550799997,40.407806177000055],[-122.11131550799996,40.40540717600004],[-122.11792550899997,40.406643175000056],[-122.12133050899996,40.40336217600003],[-122.12897750999997,40.403830175000053],[-122.12940850899997,40.398768174000054],[-122.15947551399995,40.396959172000038],[-122.16345151399997,40.393100171000071],[-122.18293151699999,40.392506169000058],[-122.18498351599999,40.388800169000035],[-122.18849051699999,40.387490168000056],[-122.18660351599999,40.384724168000048],[-122.17806351499996,40.38379616900005],[-122.17310551299994,40.379057169000077],[-122.18196651499994,40.378918168000041],[-122.18734451599994,40.381406168000069],[-122.19212051699998,40.38603716800003],[-122.19357051799994,40.392316168000036],[-122.19939851699996,40.377849167000079],[-122.22716852299999,40.389315165000028],[-122.23554452399998,40.385399165000081],[-122.25183252699998,40.387221163000049],[-122.25698652599999,40.379375162000031],[-122.26440652799999,40.379791161000071],[-122.28086552999997,40.37579216000006],[-122.29414853199995,40.380486159000043],[-122.29944553199999,40.375498158000028],[-122.31042553299994,40.371069157000079],[-122.32104653499999,40.374880156000074],[-122.33002253599994,40.372762156000078],[-122.33696353799996,40.374179155000036],[-122.34216853799995,40.370906154000068],[-122.363861542,40.374170152000033],[-122.37987054399997,40.371946151000031],[-122.38875454499998,40.37428415100004],[-122.39578754599995,40.372090150000076],[-122.41259954899999,40.374541148000048],[-122.41786655099997,40.379683149000073],[-122.43252755199995,40.374508147000029],[-122.44398755399999,40.373266146000049],[-122.45293555599994,40.378517146000036],[-122.46289855699996,40.375563145000058],[-122.47050255999994,40.383937145000061],[-122.47834256099998,40.384460144000059],[-122.48270856099998,40.380522144000054],[-122.48986356199998,40.383654143000058],[-122.50015556299996,40.382482142000072],[-122.50503956599999,40.38941714200007],[-122.51383956599994,40.388391141000056],[-122.52000156799994,40.393680141000061],[-122.52457956899997,40.394482141000026],[-122.52598756899999,40.393087140000034],[-122.52203956799997,40.387845140000024],[-122.53086956799996,40.384164140000053],[-122.53221856799996,40.37981613900007],[-122.54095456999994,40.382427139000072],[-122.54167456899995,40.376523138000039],[-122.55062056999998,40.378378138000073],[-122.55066556999998,40.374878137000053],[-122.56399357099997,40.365599135000025],[-122.58131657299998,40.367337134000024],[-122.58215257299997,40.362852134000036],[-122.58586157299999,40.359282133000079],[-122.59695757399999,40.357242132000067],[-122.60203957499999,40.351222131000043],[-122.61017157499998,40.346414130000028],[-122.62518557799996,40.347460129000069],[-122.62191957599998,40.34039012900007],[-122.63208857699999,40.338743128000033],[-122.63445457599994,40.333801127000072],[-122.64593657899997,40.333189126000036],[-122.65060457799996,40.328430126000057],[-122.66345958099998,40.332210125000074],[-122.67374758299997,40.330449123000051],[-122.67727558399997,40.336262124000029],[-122.68724658499997,40.336937123000041],[-122.70965758999995,40.348167122000064],[-122.73171359299999,40.34696512000005],[-122.73023259399997,40.358298121000075],[-122.73942859699997,40.364731120000044],[-122.74879359799996,40.365682120000031],[-122.75240659899998,40.363192119000075],[-122.75254559799998,40.360479119000047],[-122.75873859899997,40.363332119000063],[-122.78117760199996,40.358645117000037],[-122.78807060299999,40.355269116000045],[-122.80590960599994,40.355865114000039],[-122.81284460599994,40.351273114000037],[-122.83532660899999,40.348707111000067],[-122.83925160899997,40.345509111000069],[-122.85381461099996,40.342852109000034],[-122.86264361199994,40.34487610900004],[-122.86474261299998,40.347906109000064],[-122.86988161399995,40.347146108000061],[-122.87270361499998,40.348929109000039],[-122.87811261499996,40.346726108000041],[-122.88024061499999,40.341977107000048],[-122.88401661599994,40.342231107000032],[-122.88304161499997,40.339743107000061],[-122.90260961499996,40.321731104000037],[-122.90152661499997,40.319418104000079],[-122.90363061499994,40.316179103000024],[-122.90712461599998,40.317772103000038],[-122.90947261499997,40.312742102000072],[-122.91668361499995,40.310437102000037],[-122.91896561499999,40.306642101000079],[-122.92961161799997,40.307473101000028],[-122.93438861899995,40.313174101000072],[-122.94218061999999,40.312465100000054],[-122.94982061999997,40.308038099000044],[-122.95147762099998,40.310240099000055],[-122.97036762399995,40.310363097000049],[-122.97688462499997,40.315150097000071],[-122.99858062699997,40.307490095000048],[-123.01172962999999,40.306599094000035],[-123.01380562899999,40.303101094000056],[-123.02524663099996,40.303666093000061],[-123.033562631,40.299011091000068],[-123.04126863099998,40.290972091000071],[-123.04732863199996,40.291692090000026],[-123.05668163299998,40.285380088000068],[-123.06543963499996,40.286976088000074],[-123.06125463199999,40.27776908800007],[-123.04524762799997,40.264687088000073],[-123.03664762699998,40.261280088000035],[-123.03150862599995,40.264828089000048],[-123.01859362399995,40.262788090000072],[-123.00317361999998,40.25308509000007],[-122.98569261699998,40.248773092000079],[-122.97756361499995,40.241290092000042],[-122.97873561499995,40.234585091000042],[-122.97490161299999,40.230596092000042],[-122.98004061199998,40.214713090000032],[-122.97821860999994,40.20645808900008],[-122.97329060899995,40.203072090000035],[-122.97109960799997,40.197183089000077],[-122.97473560799995,40.191465088000029],[-122.97007760599996,40.186311088000025],[-122.98021660699999,40.177902087000064],[-122.98395060599995,40.171989086000053],[-122.98643660499999,40.159406085000057],[-122.98455360299999,40.15341608500006],[-122.98962760299997,40.14513108400007],[-122.96858159899995,40.139038085000038],[-122.97367059799996,40.130030084000055],[-122.96939859599996,40.118461084000046],[-122.97067959699996,40.115697083000043],[-122.96547259499999,40.111299084000052],[-122.96110159299997,40.100001083000052],[-122.96373259299997,40.095681083000045],[-122.96145459199994,40.089759082000057],[-122.96736059199998,40.088727081000059],[-122.97317259099998,40.077172080000025],[-122.96818558999996,40.073823081000057],[-122.96841358899997,40.068811080000046],[-122.96158458799999,40.066888080000069],[-122.95092758499999,40.05591908100007],[-122.94889958299996,40.049750080000081],[-122.95423158399996,40.044851079000068],[-122.95379958299998,40.038023079000027],[-122.94977258199998,40.030996079000033],[-122.95639157999994,40.019945077000045],[-122.95533557999994,40.015865078000047],[-122.94946157899994,40.012132078000036],[-122.95187357699996,39.998832076000042],[-122.93878657399995,39.991314076000037],[-122.93499757299998,39.98619407700005],[-122.93709657299996,39.981872077000048],[-122.93402657199999,39.978136076000055],[-122.93522557199998,39.977161076000073],[-122.92549356899997,39.968872076000025],[-122.92683456599997,39.945076074000042],[-122.91658556299996,39.937335074000032],[-122.90980056199999,39.936390075000077],[-122.91261256199999,39.931489074000069],[-122.92063656299996,39.928935074000037],[-122.92053756099995,39.916492073000029],[-122.92830956099999,39.912547071000063],[-122.94937556399998,39.908150070000033],[-122.95097756399997,39.906113069000071],[-122.94846756399994,39.902295069000047],[-122.94737756199999,39.89241406900004],[-122.94961556199996,39.889712068000051],[-122.94992655999999,39.878818068000044],[-122.95332155999995,39.872846067000069],[-122.95053555899995,39.86847506600003],[-122.95585955899998,39.858536066000056],[-122.95400355799995,39.854690065000057],[-122.96016055699999,39.845168064000063],[-122.95644055599996,39.839216064000027],[-122.94671955299998,39.833474064000029],[-122.94400054899995,39.803086062000034],[-122.93766754699999,39.798161063000066],[-122.78757952599994,39.800566075000063],[-122.04648441299997,39.797653135000076],[-122.04996741499997,39.803327135000075],[-122.06486441799996,39.811537134000048],[-122.06458441799998,39.814605135000079],[-122.05912441799995,39.819117135000056],[-122.05667841899998,39.827308136000056],[-122.06944442299999,39.840535136000028],[-122.05833142199998,39.850687138000069],[-122.05540142299998,39.857241138000063],[-122.05570642299995,39.863978139000039],[-122.04104342299996,39.879471141000067],[-122.04111942399999,39.882075142000076],[-122.04487842499998,39.883776142000045],[-121.80405438799994,39.884349161000046],[-121.80611738899995,39.888222162000034],[-121.77623738399996,39.888863164000043],[-121.76690438399999,39.897372166000025],[-121.75064738299994,39.90681016800005],[-121.74940638499999,39.925713169000062],[-121.74457138699995,39.941853171000048],[-121.73584138699999,39.95352117200008],[-121.72964238599997,39.95606117300008],[-121.72497938699996,39.967635175000055],[-121.70753038599997,39.976839177000045],[-121.70325438599997,39.984235177000073],[-121.64604537699995,39.982532182000057],[-121.64586237899999,39.99706318300008],[-121.63545337699998,39.99682718400004],[-121.63618738099996,40.025815186000045],[-121.62608337999995,40.025605187000053],[-121.62609938199995,40.039501188000031],[-121.61782237999995,40.039421189000052],[-121.61730238199999,40.047066190000066],[-121.60874237999997,40.046751190000066],[-121.60865438099995,40.055088190000049],[-121.59857137899996,40.055091191000031],[-121.59846937999998,40.057611192000024],[-121.59566037999997,40.057719192000036],[-121.59581538499998,40.093463194000037],[-121.58615438299995,40.09330019600003],[-121.58642038399995,40.10052719600003],[-121.51057237299995,40.100520203000031],[-121.51056437299997,40.107982203000063],[-121.49088636999994,40.108049205000043],[-121.49087137099997,40.115291205000062],[-121.48098336999999,40.115092205000053],[-121.48096737099996,40.122371206000025],[-121.45291136599997,40.122130208000044],[-121.45274036699999,40.129740209000033],[-121.44288236599999,40.129652210000074],[-121.44284936799994,40.148705212000039],[-121.43689936699997,40.151910212000075],[-121.44188336899998,40.152080212000044],[-121.44622136899994,40.155879212000059],[-121.44289036999999,40.161861212000076],[-121.44513637299997,40.177697213000044],[-121.43612137199995,40.181883214000038],[-121.44412437399995,40.190750215000037],[-121.44238337399997,40.192918215000077],[-121.43440237299995,40.195946216000038],[-121.41274836999997,40.194319218000032],[-121.40736936899998,40.191409218000047],[-121.40161936899995,40.195351219000031],[-121.40078736899994,40.19981621900007],[-121.39356436799994,40.201400220000039],[-121.38504136799997,40.210302221000063],[-121.37609436599996,40.210512221000045],[-121.36677736499996,40.214036223000051],[-121.36172636599997,40.22558622400004],[-121.36644336799998,40.232440224000072],[-121.36742436899999,40.23601022500003],[-121.36483636899999,40.239140225000028],[-121.36732536999995,40.244950226000071],[-121.35689536999996,40.253376226000057],[-121.34901336999997,40.264459228000078],[-121.35268437099995,40.268493228000068],[-121.349380371,40.273423229000059],[-121.35033537099997,40.275888229000032],[-121.35988037399994,40.277457229000049],[-121.36304337499996,40.281653228000039],[-121.36320837499994,40.28750622900003],[-121.37027837699998,40.287966229000062],[-121.37130637699994,40.293176229000039],[-121.37549237799999,40.294857228000069],[-121.37681337899994,40.297994229000039],[-121.36670237799996,40.301059229000032],[-121.35663937599998,40.297475230000032],[-121.34990637599998,40.305938231000027],[-121.34303737399995,40.306648232000043],[-121.34227737499998,40.309756232000041],[-121.35355737799995,40.315529232000074],[-121.36087137999999,40.322283232000075],[-121.36747638099996,40.322898232000057],[-121.36892238099995,40.325645232000056],[-121.36734238199995,40.330988232000038],[-121.38039638599997,40.340293232000079],[-121.38956538699995,40.338960231000044],[-121.39749138799999,40.34211423000005],[-121.41207939099996,40.342724229000055],[-121.42856439499997,40.350296229000037],[-121.43871539499997,40.347902227000077],[-121.46843739999997,40.349779225000077],[-121.47243340099999,40.351625225000078],[-121.47447140299994,40.357022226000026],[-121.47912440299996,40.360356225000032],[-121.48100540499996,40.366619226000068],[-121.47355340499996,40.374561226000026],[-121.48277540699996,40.382860227000037],[-121.48429140899998,40.396564227000056],[-121.47961141199994,40.419510229000025],[-121.47381941199995,40.424646230000064],[-121.49789341699994,40.432008230000065],[-121.49443541699998,40.440416230000039],[-121.49764841799998,40.445596230000035]]]},"properties":{"STATE_COUNTY_FIPS_CD":"06103","COUNTY_NM":"Tehama","MMG_PCT_OVERALL_FI_RATE":14.5,"MMG_YEAR":"2020"}},{"type":"Feature","geometry":{"type":"Polygon","coordinates":[[[-122.49838968099999,41.182680201000039],[-122.49503668199998,41.191670202000068],[-122.49741468299999,41.195574202000046],[-122.51550568699997,41.204997200000037],[-122.52264968999998,41.213530201000026],[-122.51227468999997,41.226457202000063],[-122.51812269199996,41.23592620200003],[-122.51747169199996,41.239788203000046],[-122.50826069199996,41.245293204000063],[-122.51395669399994,41.255220204000068],[-122.51394069599996,41.266797205000046],[-122.51152569599998,41.269803205000073],[-122.51398369799995,41.280157206000069],[-122.51018069899999,41.288669207000055],[-122.49923669799995,41.292054208000025],[-122.49827669799998,41.295753209000054],[-122.50193370099998,41.309118209000076],[-122.47878469899996,41.320090212000025],[-122.50255570399997,41.332949211000027],[-122.50467570499995,41.336973211000043],[-122.50390370599996,41.342990211000028],[-122.51992570799996,41.343781210000031],[-122.53583171099996,41.341528208000057],[-122.54273471299996,41.350150208000059],[-122.54045171299998,41.353158209000071],[-122.55170371599996,41.361707209000031],[-122.56106271799996,41.365965208000034],[-122.57269272099995,41.367988208000043],[-122.57290771999999,41.365701207000029],[-122.58581272099997,41.357639205000055],[-122.58700971899998,41.349707205000072],[-122.58115471799999,41.34144520500007],[-122.58103571699996,41.33767520400005],[-122.58713371699997,41.333286204000046],[-122.58906571699998,41.326842203000069],[-122.59892571699999,41.324539202000039],[-122.60523971999999,41.329204201000039],[-122.61790272099995,41.327530200000069],[-122.62748672299995,41.332031200000074],[-122.64214172399994,41.326613198000075],[-122.64769672399996,41.322348198000043],[-122.64559372099995,41.30473919700006],[-122.65156272199999,41.299601195000037],[-122.65288971999996,41.289740195000036],[-122.66350172199998,41.291649194000058],[-122.67728872299995,41.284991193000053],[-122.67908172299997,41.278974192000078],[-122.68225972299996,41.277990192000061],[-122.68737072399995,41.281334191000042],[-122.70028172599996,41.276082189000078],[-122.71197072699999,41.274795188000041],[-122.72461472699996,41.261080187000061],[-122.72530872499999,41.247471185000052],[-122.74647872699995,41.240896184000064],[-122.75833172899996,41.240809182000078],[-122.76375172899998,41.23808818200007],[-122.76506072899997,41.235187181000072],[-122.77702572999999,41.230846180000071],[-122.78122072899998,41.218178179000063],[-122.78674372899997,41.217001178000032],[-122.78834672899995,41.212587177000046],[-122.79556472999997,41.211366177000059],[-122.80212272999995,41.203053176000026],[-122.81135573099999,41.202456175000066],[-122.81685873199996,41.207600175000039],[-122.82518873399999,41.210035174000041],[-122.83671173499999,41.206732173000034],[-122.84395473599994,41.200229172000036],[-122.85994873899995,41.201534171000048],[-122.87070273999996,41.205093170000055],[-122.88083574199999,41.20352716900004],[-122.88593474299995,41.205147169000043],[-122.90688974499994,41.195929166000042],[-122.90884974399995,41.191536166000049],[-122.91538374399994,41.187189165000063],[-122.92485274599994,41.186670164000077],[-122.92918474499999,41.178696163000041],[-122.93838774599999,41.17811116200005],[-122.95133074999995,41.185583162000057],[-122.96136074999998,41.181530161000069],[-122.96261374999995,41.177877160000037],[-122.95469674699996,41.167404160000046],[-122.95728974599996,41.161219159000041],[-122.95167774399999,41.150325159000033],[-122.95293174399995,41.146979158000079],[-122.95808774399995,41.145669158000032],[-122.96158574399999,41.140129158000036],[-122.96535474499996,41.13831215700003],[-122.95994774099995,41.123997157000076],[-122.97425074199998,41.109630155000048],[-122.97408774099995,41.105765154000039],[-122.96910973999996,41.103364154000076],[-122.97098373799997,41.090165153000044],[-122.96607673599999,41.080910153000048],[-122.95319673299997,41.07428215300007],[-122.94208873099996,41.070080155000028],[-122.92334172799997,41.071957156000053],[-122.92198872699998,41.065870156000074],[-122.91645972499998,41.058289155000068],[-122.91665372499995,41.054695156000037],[-122.90944372199999,41.045528156000046],[-122.90924072099995,41.04119315500003],[-122.89737671699999,41.02918515500005],[-122.90242671699997,41.023794154000029],[-122.90071071599999,41.019957154000053],[-122.90306171599997,41.011565153000049],[-122.91446471699999,41.006904152000061],[-122.91390771599998,40.999023151000074],[-122.91754271499997,40.993995151000036],[-122.92467971599996,40.995675150000068],[-122.93874671799995,40.992198149000046],[-122.94549971999999,40.995183148000081],[-122.95203172299995,41.006398149000063],[-122.96463672499999,41.011984148000067],[-122.98014472799997,41.014319147000037],[-123.00374973099997,41.012519145000056],[-123.01207273099999,41.006777144000068],[-123.03713173499995,41.00418114200005],[-123.04397773699998,41.014206142000035],[-123.04340673799999,41.019331142000055],[-123.04758473899994,41.024744142000031],[-123.04598974099997,41.033499143000029],[-123.05519674399994,41.046711143000039],[-123.08010574999997,41.057568141000047],[-123.09635375199997,41.059404140000026],[-123.09831375299996,41.063020141000038],[-123.10590775399999,41.065773140000033],[-123.10962175599997,41.072628140000063],[-123.10909075599994,41.075434140000027],[-123.14135176199994,41.079183138000076],[-123.14873676199994,41.078452137000056],[-123.15560876299998,41.074746136000044],[-123.16526376499996,41.078136136000069],[-123.17894876699995,41.075564135000036],[-123.18830376799997,41.077596133000043],[-123.19312876899994,41.077393133000044],[-123.20316676899995,41.071768132000045],[-123.20889977099995,41.074671131000059],[-123.21730377199998,41.073020131000078],[-123.22524977399996,41.076130130000081],[-123.23949377499997,41.075768129000039],[-123.24523577699995,41.077992129000052],[-123.24937677899999,41.087183129000039],[-123.25842478099997,41.093563129000074],[-123.26179678299997,41.101185129000044],[-123.26139678299995,41.105787129000078],[-123.27178978599994,41.115595129000042],[-123.27341578799997,41.122896129000026],[-123.28395278999994,41.123458129000028],[-123.28486178999998,41.128465129000062],[-123.29507879299996,41.140655129000038],[-123.30348279499998,41.143794128000025],[-123.31053579699994,41.143227128000035],[-123.31538379699998,41.140273127000057],[-123.32496579799999,41.141552126000079],[-123.32962880099996,41.151669126000058],[-123.33363980199999,41.154659127000059],[-123.34153180299995,41.15581912500005],[-123.35325080499996,41.163059125000075],[-123.36225180699995,41.161562125000046],[-123.37049380699995,41.156289123000079],[-123.37298680699996,41.151946123000073],[-123.38120580799995,41.151295122000079],[-123.38407580999996,41.157744122000054],[-123.39273981099996,41.161213122000049],[-123.39352081199996,41.170721122000032],[-123.39787581399997,41.17408712200006],[-123.40399081399994,41.174531122000076],[-123.40830481599994,41.179949122000039],[-123.41037881499994,41.170711121000068],[-123.41696281499998,41.165535120000072],[-123.421746816,41.166546119000031],[-123.43262181699998,41.162333118000049],[-123.42878181499998,41.152067118000048],[-123.43150481499998,41.147732117000032],[-123.42942281399996,41.144779117000041],[-123.42926480999995,41.118005115000074],[-123.43430280999996,41.111660115000063],[-123.43710180899996,41.10409011400003],[-123.43584780899999,41.102356114000031],[-123.44123780799998,41.094805113000064],[-123.43981980699999,41.092546113000026],[-123.44362480799998,41.089625112000078],[-123.44949280799995,41.089111112000069],[-123.46423581099998,41.094413111000051],[-123.45829580899999,41.083791111000039],[-123.46401980799999,41.076353110000071],[-123.45961180699999,41.073744110000064],[-123.45795580599997,41.068220109000038],[-123.45253880599995,41.068536110000025],[-123.44561280399995,41.061686110000039],[-123.43523280199997,41.060621111000046],[-123.43073680199996,41.06327211200005],[-123.42328579999997,41.058162112000048],[-123.42376779799997,41.043190111000058],[-123.41997979599995,41.035144110000033],[-123.40710579399996,41.029728111000054],[-123.41032579299997,41.020679111000049],[-123.40605379099998,41.012902111000074],[-123.42007279199998,41.009679109000047],[-123.42776379199995,41.000705107000044],[-123.42727178999996,40.988261107000028],[-123.43087178999997,40.983661106000056],[-123.43486878999994,40.982557106000058],[-123.43656878899998,40.973658105000027],[-123.45327178999997,40.964158103000045],[-123.45297278999999,40.960064102000047],[-123.44487278799994,40.956163103000051],[-123.44527278699996,40.948367103000066],[-123.44796978599999,40.943763102000048],[-123.46766978799997,40.938164100000051],[-123.47797178899998,40.928061098000057],[-123.48177078699996,40.914862097000025],[-123.49667078899995,40.91616209600005],[-123.51177179299998,40.92036209500003],[-123.51487179399999,40.924761095000065],[-123.52967279699999,40.934861094000041],[-123.53387279699996,40.930761094000047],[-123.54097279799998,40.932261093000079],[-123.54117379899998,40.939661093000041],[-123.55477380299999,40.945660093000072],[-123.55557380299996,40.948660093000058],[-123.56017680399998,40.950262093000049],[-123.56997480499996,40.946560092000027],[-123.56767380299999,40.936561091000044],[-123.57167580399999,40.937060091000035],[-123.58156980499996,40.933162090000053],[-123.58787480399997,40.92776008900006],[-123.59157480499999,40.927360088000057],[-123.59927480699997,40.93116008800007],[-123.61137580799999,40.929260087000046],[-123.62240080999999,40.931708086000071],[-123.62383980999999,40.929426086000035],[-123.62118480899994,40.925523085000066],[-123.61343680699997,40.921556086000066],[-123.61584080599999,40.914073085000041],[-123.60610080399999,40.904795085000046],[-123.60473880199999,40.900375086000054],[-123.60855580299994,40.894943084000033],[-123.59722479899995,40.884109085000034],[-123.60172279899996,40.879958085000055],[-123.61026379999998,40.878977083000052],[-123.59801079799996,40.877620085000046],[-123.59112279599998,40.867287084000054],[-123.58498279599996,40.869751085000075],[-123.58061379499998,40.868004086000042],[-123.58048079399998,40.865765086000067],[-123.58755379399997,40.858488084000044],[-123.57585479299996,40.857999085000074],[-123.57435779099995,40.855489085000045],[-123.57665479199994,40.853387084000076],[-123.57317578999999,40.843520084000033],[-123.56474778799998,40.842434085000036],[-123.56307278799994,40.840422085000057],[-123.56625678799998,40.834983084000044],[-123.55964178599999,40.830324085000029],[-123.56874478499998,40.819745083000043],[-123.56253578399998,40.809703083000045],[-123.55622878199995,40.808822083000052],[-123.55408477999998,40.796314083000027],[-123.55779277999994,40.793747082000039],[-123.56586078199996,40.796236082000064],[-123.56471978099995,40.791420082000059],[-123.56626677999998,40.788815081000052],[-123.56481377999995,40.787708081000062],[-123.56004677999999,40.790274082000053],[-123.55762577899998,40.787260082000046],[-123.55934877899995,40.784122081000078],[-123.55829377799995,40.781076081000037],[-123.54987877699995,40.77581308200007],[-123.54957477599999,40.77313808100007],[-123.55452077599995,40.766661080000063],[-123.55020277499995,40.765550081000072],[-123.55020677499999,40.762809081000057],[-123.55417877399998,40.759507080000049],[-123.55092077299997,40.756090080000035],[-123.55181977199999,40.748132079000072],[-123.54810977099999,40.746378079000067],[-123.54302876899999,40.733583080000074],[-123.54446576599997,40.714015078000045],[-123.54447166499995,40.001928028000066],[-123.54457666099995,39.977020026000048],[-122.93402657199999,39.978136076000055],[-122.93709657299996,39.981872077000048],[-122.93499757299998,39.98619407700005],[-122.93878657399995,39.991314076000037],[-122.95187357699996,39.998832076000042],[-122.94946157899994,40.012132078000036],[-122.95533557999994,40.015865078000047],[-122.95639157999994,40.019945077000045],[-122.94977258199998,40.030996079000033],[-122.95379958299998,40.038023079000027],[-122.95423158399996,40.044851079000068],[-122.94889958299996,40.049750080000081],[-122.95092758499999,40.05591908100007],[-122.96158458799999,40.066888080000069],[-122.96841358899997,40.068811080000046],[-122.96818558999996,40.073823081000057],[-122.97317259099998,40.077172080000025],[-122.96736059199998,40.088727081000059],[-122.96145459199994,40.089759082000057],[-122.96373259299997,40.095681083000045],[-122.96110159299997,40.100001083000052],[-122.96547259499999,40.111299084000052],[-122.97067959699996,40.115697083000043],[-122.96939859599996,40.118461084000046],[-122.97367059799996,40.130030084000055],[-122.96858159899995,40.139038085000038],[-122.98962760299997,40.14513108400007],[-122.98455360299999,40.15341608500006],[-122.98643660499999,40.159406085000057],[-122.98395060599995,40.171989086000053],[-122.98021660699999,40.177902087000064],[-122.97007760599996,40.186311088000025],[-122.97473560799995,40.191465088000029],[-122.97109960799997,40.197183089000077],[-122.97329060899995,40.203072090000035],[-122.97821860999994,40.20645808900008],[-122.98004061199998,40.214713090000032],[-122.97490161299999,40.230596092000042],[-122.97873561499995,40.234585091000042],[-122.97756361499995,40.241290092000042],[-122.98569261699998,40.248773092000079],[-123.00317361999998,40.25308509000007],[-123.01859362399995,40.262788090000072],[-123.03150862599995,40.264828089000048],[-123.03664762699998,40.261280088000035],[-123.04524762799997,40.264687088000073],[-123.06125463199999,40.27776908800007],[-123.06543963499996,40.286976088000074],[-123.06498963599995,40.298781089000045],[-123.06839763699998,40.303488089000041],[-123.06885163799996,40.308260089000044],[-123.06176063699996,40.313447090000068],[-123.06460063899999,40.319875091000029],[-123.06270163899995,40.322051091000048],[-123.06880264099999,40.332238091000079],[-123.06399164199996,40.337509091000072],[-123.06549764299996,40.345104092000042],[-123.05689664199997,40.349251093000078],[-123.05308864099999,40.346672093000052],[-123.04398363999996,40.347018094000077],[-123.04418364099996,40.35373409400006],[-123.03929564099997,40.362729095000077],[-123.03716164199994,40.364444096000057],[-123.03114963999997,40.363612096000054],[-123.01830963899999,40.372412098000041],[-123.01831564099996,40.382542099000034],[-123.01640664099995,40.385598099000049],[-122.99659263999996,40.396386101000076],[-122.99978464099996,40.403569102000063],[-122.99792264199999,40.406485102000033],[-122.99869564299996,40.418147103000081],[-122.97493563999996,40.419614105000051],[-122.96101763899998,40.425994107000065],[-122.95779663699994,40.42139510700008],[-122.95424463699999,40.421515107000062],[-122.93863163599997,40.428863109000076],[-122.93695663599999,40.430999109000027],[-122.93780463699994,40.436928109000064],[-122.93095963599995,40.44168811000003],[-122.93128063699999,40.445562111000072],[-122.92794263699994,40.44713911100007],[-122.91772063599996,40.449773112000059],[-122.90115063299999,40.445616113000028],[-122.89445963299994,40.454694114000063],[-122.89546663299996,40.45947611400004],[-122.88930563399998,40.465742116000058],[-122.89015863499998,40.468825116000062],[-122.88528263399996,40.470891116000075],[-122.88365663399998,40.474778116000039],[-122.87653763399999,40.480418117000056],[-122.85726963099995,40.48234412000005],[-122.85104563099998,40.485922120000055],[-122.84646163099995,40.493528121000054],[-122.85209263399997,40.500960121000048],[-122.84596763299999,40.505186122000055],[-122.82879763099999,40.50700312400005],[-122.81952462999999,40.510966125000039],[-122.80412562699996,40.510519126000077],[-122.79326562599999,40.514523127000075],[-122.79363362799995,40.523439128000064],[-122.78223762799996,40.531876130000057],[-122.78568862899999,40.536544129000049],[-122.78520762899996,40.540921130000072],[-122.76746862899995,40.555178133000027],[-122.75926362799999,40.55654213300005],[-122.74393662499995,40.553803134000077],[-122.74132562599999,40.564123135000045],[-122.73268162599999,40.571056137000028],[-122.72309562499998,40.575203138000063],[-122.71542062299994,40.571117137000044],[-122.69880361999998,40.569298139000068],[-122.69308861999997,40.57534314000003],[-122.69288062099997,40.580478140000025],[-122.70099062399999,40.587709141000062],[-122.70118662499999,40.595820141000047],[-122.70539662599998,40.600214140000048],[-122.70507262599995,40.604173141000047],[-122.70689762699999,40.605465141000025],[-122.70607062699997,40.610190142000079],[-122.71086762799996,40.613220141000056],[-122.70966863099994,40.631204142000058],[-122.71624563199998,40.634305142000073],[-122.73240663499996,40.63443114100005],[-122.73618463599996,40.636284141000033],[-122.73329663599998,40.643485142000031],[-122.72704263599996,40.650473142000067],[-122.73378563799997,40.656961143000046],[-122.73360263899997,40.662431143000049],[-122.74122763999998,40.665402143000051],[-122.74259664299996,40.678815143000065],[-122.75141664499995,40.685079143000053],[-122.75227964599998,40.689647143000059],[-122.74390064499994,40.69503514400003],[-122.72998264299997,40.692182145000061],[-122.72237164199998,40.695478146000028],[-122.71882864299999,40.707838148000064],[-122.71139564299995,40.710696148000068],[-122.71154364399996,40.714882148000072],[-122.70658464399997,40.725336149000043],[-122.71986564799994,40.739377149000063],[-122.71742064899996,40.747187150000059],[-122.70630864799995,40.74956115100008],[-122.70032764799998,40.755399153000042],[-122.70048964799997,40.758901152000078],[-122.69283764799997,40.760730153000054],[-122.67053964599995,40.772773156000028],[-122.66558564599995,40.78208115800004],[-122.65810664599996,40.787509158000034],[-122.66166964799999,40.794318158000067],[-122.66136564899995,40.800487159000056],[-122.65747264799995,40.801950160000047],[-122.65525764899996,40.808183160000056],[-122.66607165299996,40.825880161000043],[-122.65724065299997,40.83538516200008],[-122.65541365399997,40.841553162000025],[-122.63972865199997,40.845045164000055],[-122.63890265199996,40.853414165000061],[-122.63468465299997,40.857061166000051],[-122.63439365399995,40.86129416600005],[-122.62643965299998,40.867099167000049],[-122.62545565499994,40.879213168000035],[-122.61868665399999,40.879804169000067],[-122.60991265299998,40.884555169000066],[-122.60547065399999,40.890648171000066],[-122.60495065399999,40.89720617100005],[-122.60002665399998,40.900348171000076],[-122.61276465899999,40.921250172000043],[-122.60744365999994,40.929728173000058],[-122.60708766099998,40.938202174000025],[-122.60320265999997,40.940625174000047],[-122.60737666399996,40.95775317500005],[-122.60310266299996,40.959392176000051],[-122.60097266299999,40.964477176000059],[-122.60169066499998,40.971134176000078],[-122.59854166499997,40.975852178000025],[-122.59443166499995,40.978057177000039],[-122.59138866399996,40.976682178000033],[-122.58920166499996,40.985383179000053],[-122.58080866299997,40.98288917900004],[-122.56919466199997,40.98499318000006],[-122.56388166099998,40.98865118100008],[-122.56303966299998,40.993685181000046],[-122.55545766199998,40.999490182000045],[-122.55450366199995,41.003627183000049],[-122.54528566099998,41.005105183000069],[-122.53789065999996,41.002389184000037],[-122.53509665999997,41.008107185000028],[-122.52776665999994,41.014400186000046],[-122.52894266399994,41.036518188000059],[-122.52734966499997,41.04573018800005],[-122.52237466499997,41.052290189000075],[-122.52317966599998,41.059213190000037],[-122.52763166699998,41.064217189000033],[-122.53795566899998,41.06504718900004],[-122.53978867099994,41.072610189000045],[-122.53587466999994,41.075874190000036],[-122.52884666999995,41.076756190000026],[-122.51336766899999,41.088232193000067],[-122.50625266699996,41.086050193000062],[-122.50002366699999,41.087631194000039],[-122.49331066499997,41.085992194000028],[-122.46814966299996,41.096842197000058],[-122.45715766199999,41.096616198000049],[-122.45187766299995,41.108240199000079],[-122.45348266299999,41.113495199000056],[-122.44858566299996,41.118245200000047],[-122.44834266599997,41.130706201000066],[-122.44600366599997,41.133352201000037],[-122.45062066799994,41.14694520200004],[-122.44603666899997,41.159246203000066],[-122.44990366999997,41.159161203000053],[-122.45744767299999,41.168327203000047],[-122.46297067299997,41.167235203000075],[-122.46830167399997,41.169237202000033],[-122.47595867699999,41.17652520200005],[-122.49256767899999,41.17597720100008],[-122.49877067999995,41.179595200000051],[-122.49838968099999,41.182680201000039]]]},"properties":{"STATE_COUNTY_FIPS_CD":"06105","COUNTY_NM":"Trinity","MMG_PCT_OVERALL_FI_RATE":15.8999996,"MMG_YEAR":"2020"}},{"type":"Feature","geometry":{"type":"Polygon","coordinates":[[[-118.36059845599999,36.744778135000047],[-118.55549948899994,36.744751121000036],[-118.55504348899996,36.739143121000041],[-118.98245355999995,36.741651092000041],[-118.98479155099994,36.657152084000074],[-119.30463760399999,36.660611062000044],[-119.30511459599995,36.573730054000066],[-119.46633462199998,36.575243043000057],[-119.57320662999996,36.488840028000027],[-119.52720662299998,36.488891031000037],[-119.52880461399997,36.401470022000069],[-119.47490460599994,36.400958025000079],[-119.47461959199995,36.269030013000076],[-119.52937060099998,36.269855009000025],[-119.52915358799999,36.137918996000053],[-119.53639258899995,36.13789799500006],[-119.53812855499996,35.789571960000046],[-118.52692438799994,35.789593025000045],[-118.46480337899999,35.792642029000035],[-118.37592836299996,35.790229035000038],[-118.06773131199998,35.791542054000047],[-118.00805530099996,35.789166058000035],[-118.00938830199999,35.795316059000072],[-118.00754830199998,35.799926059000029],[-118.01049230299998,35.804391060000057],[-118.00749130299999,35.810007061000078],[-118.00773930399998,35.817088061000049],[-117.99861730299995,35.82303406300008],[-118.00620730499998,35.829042062000042],[-118.00506030499997,35.839087063000079],[-118.00292530499996,35.841295064000064],[-118.00544730599995,35.843279064000058],[-118.00479630699999,35.851270065000051],[-118.00743030799998,35.858185065000043],[-118.00550130799996,35.862704066000049],[-117.99671330699999,35.869498067000052],[-117.99366930699995,35.869616068000028],[-117.98956030499994,35.865666067000063],[-117.98077330399997,35.867520068000033],[-117.98326030499999,35.875593068000057],[-117.98907730699995,35.881311069000049],[-117.98206230699998,35.894700071000045],[-117.98708630799996,35.899252071000035],[-117.98773830899995,35.90262707100004],[-117.98538130899999,35.905317072000059],[-117.98902730999998,35.907903072000067],[-117.99032630999994,35.914050072000066],[-117.98329930999995,35.926568075000034],[-117.98644331099996,35.932169074000058],[-117.98539431099999,35.93414907500005],[-117.99195631299995,35.943776075000073],[-117.99927031499999,35.946607075000031],[-118.00689431599994,35.946488075000048],[-118.01108431799997,35.954606076000061],[-118.01680331799997,35.954556075000028],[-118.01805931999996,35.962395075000074],[-118.01252531999995,35.968897077000065],[-118.01457931999994,35.97289607700003],[-118.00962631899995,35.978183078000029],[-118.00450631899997,35.977163078000046],[-118.00358931899996,35.983723079000072],[-118.00624732099999,35.989762079000059],[-118.01068432099999,35.991749079000044],[-118.01208932199995,35.998310080000067],[-118.01902332299994,36.003349080000078],[-118.03362332699999,36.008949079000047],[-118.03712432899999,36.029149081000071],[-118.04142432999998,36.029849082000055],[-118.03952432999995,36.034248082000033],[-118.04632433299997,36.042248083000061],[-118.04272433199998,36.04854808400006],[-118.04862433399995,36.053248084000074],[-118.04792433399996,36.055948084000079],[-118.05172533499996,36.059548084000028],[-118.04982533599997,36.076747086000069],[-118.05162533699996,36.083547086000067],[-118.05802533899998,36.091947087000051],[-118.06312533999994,36.089247086000057],[-118.06732534099996,36.093447086000026],[-118.06622634199999,36.103947088000041],[-118.06832634199998,36.10854708800008],[-118.06462634199994,36.110447089000047],[-118.07352634699998,36.140346091000026],[-118.05972634499994,36.150846093000041],[-118.05902634499995,36.157846094000035],[-118.06262634699999,36.16224509400007],[-118.05952634699997,36.165445094000063],[-118.05932734699996,36.170145095000066],[-118.06162734799994,36.173945096000068],[-118.07002734899999,36.178645096000025],[-118.07372735099995,36.189445096000043],[-118.08592735399998,36.197545096000056],[-118.09072735499996,36.197345096000049],[-118.09462835699998,36.204944096000077],[-118.10192835799995,36.208844096000064],[-118.10562835899998,36.213444096000046],[-118.10922836099996,36.225544098000057],[-118.10522835999996,36.228644098000075],[-118.10522836099994,36.23364409800007],[-118.11222836299999,36.240044099000045],[-118.11937836599998,36.255566100000067],[-118.11739736699997,36.271170102000042],[-118.12198136799998,36.27770410200003],[-118.12761336899996,36.280353102000049],[-118.12503236999999,36.286749103000034],[-118.12702037199995,36.300228104000041],[-118.12012936999997,36.302243105000059],[-118.12162937099998,36.306842105000044],[-118.11182936999995,36.308342106000055],[-118.11165636999999,36.315562107000062],[-118.11417637099999,36.319266107000033],[-118.11252937099999,36.322042108000062],[-118.10756536999997,36.32561210800003],[-118.10306236999998,36.325402108000048],[-118.09762936999999,36.331142109000041],[-118.10182937099995,36.339342109000029],[-118.10032937099999,36.346142111000063],[-118.12423037599996,36.351942109000049],[-118.12253037599999,36.354742110000075],[-118.12993037799998,36.365842111000063],[-118.13053037899999,36.370341111000073],[-118.14103038099995,36.371641110000041],[-118.14733038299994,36.379141111000024],[-118.15313038399995,36.379541111000037],[-118.15713138599995,36.388341111000045],[-118.16293138599997,36.389441111000053],[-118.16003138599996,36.393841112000075],[-118.14623138499996,36.398641113000053],[-118.14033138399998,36.403541114000063],[-118.13743138499996,36.415341115000047],[-118.13883138499995,36.418941116000042],[-118.14863138699997,36.425241116000052],[-118.15163138799994,36.425141116000077],[-118.15683138999998,36.43264111600007],[-118.17493139199996,36.426541114000031],[-118.19363139499995,36.426541113000042],[-118.20373139699996,36.431241113000056],[-118.20983139799995,36.430341112000065],[-118.21483239999998,36.435041112000079],[-118.20963239899999,36.442141113000048],[-118.21423240099995,36.448241113000051],[-118.21593240199996,36.456741114000067],[-118.22323240399999,36.463340115000051],[-118.23263240599999,36.466340114000047],[-118.23703240699996,36.477040116000069],[-118.24993241099997,36.482440115000031],[-118.24843241099995,36.48704011600006],[-118.23503240899998,36.493740117000073],[-118.24143341099995,36.500040117000026],[-118.23743341099998,36.511540119000074],[-118.23913341199994,36.512840119000032],[-118.23873341299998,36.523440120000032],[-118.24673341399995,36.521440119000033],[-118.24943341499994,36.524040120000052],[-118.25093441599995,36.528840119000051],[-118.24863441599996,36.533240120000073],[-118.25203441699995,36.542140120000056],[-118.26023441899997,36.544140121000055],[-118.26533541999999,36.551540121000073],[-118.27593542199998,36.550840120000032],[-118.27943542299994,36.555140121000079],[-118.29123542499997,36.559340120000059],[-118.29263642599994,36.567440121000061],[-118.28983642699995,36.573240122000072],[-118.29413642699996,36.577440121000052],[-118.28803642699995,36.583739122000054],[-118.28903642799997,36.590739123000048],[-118.27803642699996,36.592339124000034],[-118.27463642599997,36.597339125000076],[-118.28163742799995,36.604539126000077],[-118.28903742999995,36.603339124000058],[-118.29393743099996,36.605139125000051],[-118.30243743299997,36.614639125000053],[-118.30283743299998,36.619039125000029],[-118.30933743499997,36.621439125000052],[-118.31103843599999,36.624939126000072],[-118.32133843699995,36.62743912500008],[-118.31883843799994,36.638939127000071],[-118.32523843999996,36.64713912600007],[-118.33823944299996,36.655439127000079],[-118.33563944299999,36.661639128000047],[-118.32953944299999,36.66543912800006],[-118.33123944399995,36.669439129000068],[-118.33993944599996,36.672739129000036],[-118.34753944699997,36.672339128000033],[-118.34753944699997,36.67603912800007],[-118.35204044799997,36.682939129000033],[-118.36104044999996,36.686039129000051],[-118.36614045099998,36.690440128000034],[-118.36394045199995,36.694239129000039],[-118.34674044899998,36.696539130000076],[-118.33474044699994,36.705339132000063],[-118.33964145099998,36.729039134000061],[-118.35094145399995,36.740739135000069],[-118.36059845599999,36.744778135000047]]]},"properties":{"STATE_COUNTY_FIPS_CD":"06107","COUNTY_NM":"Tulare","MMG_PCT_OVERALL_FI_RATE":14.8999996,"MMG_YEAR":"2020"}},{"type":"Feature","geometry":{"type":"Polygon","coordinates":[[[-119.63921784499996,38.326885197000024],[-119.66953685299995,38.348293197000032],[-119.70004185999994,38.365220196000053],[-119.69363485999997,38.378904197000054],[-119.69430586099998,38.385139198000047],[-119.69868386399997,38.409843200000068],[-119.70792286699998,38.417309200000034],[-119.75065687399996,38.417396196000027],[-119.77056587599998,38.406668195000066],[-119.77990187799998,38.407719194000038],[-119.78449787799997,38.404880193000054],[-119.80140487999995,38.401498192000076],[-119.81470388099996,38.38752118900004],[-119.83756388399996,38.382416187000047],[-119.85499088499995,38.372484185000076],[-119.86967988699996,38.367602184000077],[-119.88476188899995,38.356190181000045],[-120.01996391999995,38.433526178000079],[-120.02993591999996,38.424687177000067],[-120.04057592199996,38.42593217600006],[-120.04904492299994,38.41937417500003],[-120.07358792599996,38.413581172000079],[-120.07356092499998,38.411728172000039],[-120.08085892699995,38.410108171000047],[-120.08792692699996,38.403386170000033],[-120.11559893099997,38.401198168000064],[-120.12821593299998,38.395824167000058],[-120.13492893399996,38.396534166000038],[-120.13702293399996,38.393286166000053],[-120.14190493499996,38.393789166000033],[-120.15797593599996,38.385781164000036],[-120.16122893599999,38.380908162000026],[-120.17647993799994,38.373790161000045],[-120.18480993799994,38.358827159000043],[-120.18954393799999,38.356766158000028],[-120.19093293699996,38.350155158000064],[-120.19374793699996,38.349009157000069],[-120.20517393699998,38.329651155000079],[-120.22856093899998,38.314674152000066],[-120.23156893899994,38.307466151000028],[-120.23728093899996,38.30155915000006],[-120.23672493899994,38.298700150000059],[-120.24698593999995,38.290204149000033],[-120.25606693999998,38.286140147000026],[-120.26206093999997,38.276401146000069],[-120.27077494099996,38.270713145000059],[-120.27400493999994,38.264379144000031],[-120.27244493899997,38.259780144000047],[-120.27592693999998,38.258822144000078],[-120.28978594099999,38.245880141000043],[-120.29125293999999,38.234008140000071],[-120.30155393999996,38.22973913900006],[-120.30735894099996,38.224733138000033],[-120.32190894099995,38.201339135000069],[-120.32637993999998,38.195943134000061],[-120.33032194099997,38.19516713400003],[-120.33200694099997,38.188557133000074],[-120.33565994199995,38.187940132000051],[-120.33554693999997,38.184967133000043],[-120.33951894199998,38.183916132000036],[-120.33726193999996,38.178059132000044],[-120.34047893999997,38.17762513100007],[-120.34053993999999,38.171952131000069],[-120.34992994099997,38.170194130000027],[-120.35358494099995,38.163789129000065],[-120.35955494199999,38.161297129000047],[-120.35755694099998,38.153884128000072],[-120.36758194199996,38.152811127000064],[-120.37152294299995,38.149929127000064],[-120.37621594199999,38.142654126000025],[-120.37126294099994,38.140480126000057],[-120.37140894099997,38.137873126000045],[-120.37867894199996,38.134831125000062],[-120.37824494099999,38.130850125000052],[-120.38366194099996,38.126481124000065],[-120.38722194099995,38.116025122000053],[-120.40958394299997,38.102984120000031],[-120.41060894099996,38.087882118000039],[-120.41464294099995,38.081916117000048],[-120.42154594199997,38.078751116000035],[-120.42466894099999,38.072916116000044],[-120.43083194299999,38.073394115000042],[-120.43125794099996,38.060514115000046],[-120.43909994199998,38.060830113000065],[-120.44254194299998,38.058746113000041],[-120.44345794199995,38.051660113000025],[-120.45395394299999,38.041352111000037],[-120.46214594199995,38.022380109000039],[-120.46950494199996,38.018601108000041],[-120.46843894199998,38.014340107000066],[-120.46324494099997,38.012780107000026],[-120.46376194099997,38.010395108000068],[-120.48278494399995,38.012390106000055],[-120.48893894499997,38.009073105000027],[-120.49278694499998,38.011134106000043],[-120.50033594599995,38.007233105000068],[-120.49938694499997,37.996193104000042],[-120.50452894499995,37.991149102000065],[-120.50920794499996,37.991513103000045],[-120.51355994699998,37.995616102000042],[-120.50929794699999,37.999933103000046],[-120.51542494899996,38.004256103000046],[-120.51887294899996,38.002226102000066],[-120.52166594899995,37.995165102000044],[-120.53482694999997,37.991179101000057],[-120.52759694699995,37.982949100000042],[-120.54012494899996,37.97905509900005],[-120.54308794899998,37.975242098000024],[-120.52830494699998,37.975900099000057],[-120.52700894599997,37.969970099000079],[-120.51674594399998,37.964536099000043],[-120.51345194299995,37.956449099000054],[-120.51675794199997,37.951978098000041],[-120.53525494499996,37.944409096000072],[-120.54002894399997,37.935815095000066],[-120.53726994199997,37.927515094000057],[-120.54236394299994,37.920451094000043],[-120.55112094399999,37.921681093000075],[-120.55603594399997,37.916184092000037],[-120.56221094599999,37.914075092000076],[-120.56408694399994,37.90362009100005],[-120.57136094399999,37.894442089000052],[-120.58753794699999,37.895228088000067],[-120.59669394699995,37.888149087000045],[-120.59646094699997,37.882912087000079],[-120.60531094699996,37.876053085000081],[-120.60474894699996,37.873245085000065],[-120.61698694899997,37.870059084000047],[-120.63379895099996,37.860613082000043],[-120.63795194999994,37.85267108000005],[-120.63790694899996,37.847824080000066],[-120.64335494999995,37.844527080000034],[-120.64317694999994,37.840786079000054],[-120.65172694999995,37.834659078000072],[-120.65268594999998,37.831427078000047],[-120.55975692699997,37.763918078000074],[-120.38762588499998,37.633709079000027],[-120.38499188499998,37.635122080000031],[-120.38323688599996,37.641894080000043],[-120.38113788599998,37.641669080000042],[-120.37515688499997,37.65221308100007],[-120.37940288699997,37.656800082000075],[-120.38435888699996,37.658005081000056],[-120.39063188999995,37.666529082000068],[-120.39413488999998,37.668125081000028],[-120.39272488999995,37.669922082000028],[-120.39545388999994,37.672137082000063],[-120.39251689099996,37.675360082000054],[-120.39366289099996,37.679497082000069],[-120.39172689199995,37.679780083000026],[-120.39194389099998,37.683564083000078],[-120.38664889099999,37.684847084000069],[-120.37971688899995,37.680991084000027],[-120.36632288699997,37.680799085000046],[-120.36247688499998,37.672824084000069],[-120.35717588499995,37.675339085000076],[-120.35293788499996,37.674815085000034],[-120.34513988199996,37.667825085000061],[-120.34327088099997,37.663131084000042],[-120.33527387899994,37.658964085000036],[-120.33216187899995,37.652755085000024],[-120.32676287699996,37.649182085000064],[-120.30985087499994,37.655982087000041],[-120.31232587599999,37.662952087000065],[-120.30641987599995,37.665764087000071],[-120.31946787999999,37.686431089000052],[-120.32261488099999,37.687339088000044],[-120.32982788399994,37.697277089000067],[-120.33331588499999,37.70676909000008],[-120.33810588599999,37.709115090000068],[-120.33981788699998,37.717099090000033],[-120.34544988899995,37.72479209100004],[-120.34449288899998,37.726258090000044],[-120.33558388699998,37.726486091000027],[-120.33234688699997,37.729597091000073],[-120.32612888599999,37.726071092000041],[-120.32122588499999,37.726048092000042],[-120.31548088499994,37.73376709300004],[-120.30769988399999,37.73561309400003],[-120.28650687999999,37.729454095000051],[-120.28381687999996,37.733643096000037],[-120.28677088099994,37.739900096000042],[-120.28242488099994,37.745384097000056],[-120.27609587999996,37.738973096000052],[-120.26015287599995,37.733721097000057],[-120.25790787599999,37.735159097000064],[-120.26175087699994,37.740745098000048],[-120.25785787699999,37.743997098000079],[-120.25719387699996,37.747809098000062],[-120.25334487699996,37.750740099000041],[-120.24757587599998,37.749698100000046],[-120.23969987499999,37.753495101000055],[-120.24091887599997,37.758500101000038],[-120.23824487699994,37.765269102000047],[-120.23067087499999,37.763794102000077],[-120.22676687399996,37.760341102000041],[-120.22422187399997,37.763614103000066],[-120.21704287299997,37.762796103000028],[-120.21598187199999,37.765279104000058],[-120.20108586999999,37.763169104000042],[-120.19811486999998,37.765306104000047],[-120.19773286999998,37.769558105000044],[-120.18909386899998,37.767857105000076],[-120.18354186899995,37.774951107000049],[-120.18869986999999,37.78022710700003],[-120.18336786999998,37.783049107000068],[-120.18059186999994,37.788413108000043],[-120.18260987099995,37.795250109000051],[-120.17838386999995,37.794667109000045],[-120.17424286999994,37.799378109000031],[-120.17303986899998,37.795002109000052],[-120.16182486599996,37.787411109000061],[-120.15384786499999,37.788369110000076],[-120.14213686299996,37.783044111000038],[-120.12723885999998,37.781571111000062],[-120.12426585999998,37.785533112000053],[-120.11939685999999,37.785869112000057],[-120.12001585999997,37.789581112000064],[-120.11580285999997,37.793169113000033],[-120.10075285799996,37.800670115000059],[-120.09876085899998,37.807733116000065],[-120.09029185699995,37.81075211700005],[-120.08889085699997,37.812488117000044],[-120.09204885799994,37.815557116000036],[-120.09047585899998,37.822093117000065],[-120.08555585799996,37.823446118000049],[-120.08545685799999,37.826679118000072],[-120.07952085799997,37.828813119000074],[-120.06516585499998,37.82290112000004],[-120.06165285499998,37.826028120000046],[-120.05829485399994,37.824763120000057],[-120.05459685199997,37.812615119000043],[-120.04890285099998,37.81120412000007],[-120.04464685099998,37.812956120000024],[-120.03631584899995,37.807859120000046],[-120.03189184799999,37.811062121000077],[-120.02502084699995,37.811323122000033],[-119.99842884099996,37.796231121000062],[-119.97182783599999,37.784031123000034],[-119.96492783399998,37.782831123000051],[-119.95502783199998,37.773231123000073],[-119.94762782999999,37.770431123000037],[-119.94482682899996,37.764931122000064],[-119.93842682799999,37.763031123000076],[-119.92912682699995,37.764831124000068],[-119.90122582099997,37.757831125000052],[-119.90012582199995,37.76033112500005],[-119.89432481999995,37.762131126000043],[-119.88492481899999,37.760731127000042],[-119.87602481799996,37.763831128000049],[-119.87272581799999,37.76753112800003],[-119.87552481799997,37.772531129000072],[-119.86822481799999,37.773230129000069],[-119.86452381699996,37.772230129000036],[-119.86062381499994,37.764431129000059],[-119.85392381399998,37.761231129000066],[-119.85202381299996,37.757731129000035],[-119.84112281199998,37.764230130000044],[-119.84222381299998,37.769130130000065],[-119.83792181199999,37.77023113100006],[-119.82792280999996,37.768230131000053],[-119.82482280899995,37.761930131000042],[-119.80782180599999,37.755030132000059],[-119.80502180499997,37.756430132000048],[-119.80525180599994,37.760126133000028],[-119.79152180399996,37.764630134000072],[-119.78612080399995,37.765830134000055],[-119.78112080199998,37.763430134000032],[-119.77201880099994,37.766733135000038],[-119.76901880199995,37.771134136000057],[-119.76261979999998,37.77033013700003],[-119.75924279999998,37.772695137000028],[-119.75101979899995,37.773329138000065],[-119.74601979899995,37.782929139000032],[-119.73391879699994,37.787929140000074],[-119.72271879599998,37.787629141000025],[-119.70981779399995,37.793529142000068],[-119.69961779199997,37.789129143000025],[-119.68971679199996,37.80022914400007],[-119.66721578799996,37.801229146000026],[-119.65991578799998,37.809429148000049],[-119.65391578699996,37.810428148000028],[-119.65091578799996,37.820828149000079],[-119.65771578999994,37.834128150000026],[-119.64861578999995,37.845028151000065],[-119.63811478899999,37.849128153000038],[-119.62500178699997,37.847719153000071],[-119.61911978599994,37.853201154000033],[-119.61016978499998,37.85317815500008],[-119.59937578399996,37.859917157000041],[-119.58487678299997,37.874927159000038],[-119.58731378399995,37.87872715900005],[-119.58641378499999,37.890127161000066],[-119.56591278299999,37.901727163000032],[-119.55861278199995,37.903127163000079],[-119.55671278099999,37.900927164000052],[-119.53571177799995,37.904127165000034],[-119.52981077599998,37.891127164000068],[-119.52381077399997,37.886727164000035],[-119.51530977299996,37.884427165000034],[-119.50380976899999,37.868627164000031],[-119.49230876699994,37.863128164000045],[-119.48410776499998,37.864428165000049],[-119.47430776299996,37.855628165000041],[-119.47030776299999,37.863028166000049],[-119.46280676299995,37.868428167000047],[-119.45420676099997,37.870728168000028],[-119.44200575899998,37.867528168000035],[-119.44270475799999,37.859829168000033],[-119.43930575799999,37.860229168000046],[-119.43420475699997,37.865129168000067],[-119.42680475699996,37.866729169000052],[-119.42200375499999,37.857729169000038],[-119.41550375299994,37.854629169000077],[-119.40730375199996,37.854929170000048],[-119.40470274899997,37.837230168000076],[-119.40270174899996,37.835230169000056],[-119.39260174699996,37.83793016900006],[-119.38373474599996,37.836478170000078],[-119.37976674599997,37.840921171000048],[-119.37552374499995,37.840878171000043],[-119.37261474299999,37.832888171000036],[-119.35209973899998,37.826231171000074],[-119.35179973899994,37.820731171000034],[-119.35559973899996,37.812431170000025],[-119.34799973699995,37.810132170000031],[-119.34589873599998,37.805632169000035],[-119.33939873499997,37.805532170000049],[-119.33189773299995,37.799232171000028],[-119.32699773199994,37.799432170000046],[-119.32179773099995,37.794032170000037],[-119.31119672899996,37.793533171000036],[-119.31049672799998,37.78563317000004],[-119.30729672699999,37.78283317000006],[-119.31099672699997,37.779733169000053],[-119.30900772699999,37.777991170000064],[-119.30829572599998,37.77573317000008],[-119.29339472299995,37.767934170000046],[-119.29409472299994,37.759734169000069],[-119.28909472099997,37.755034169000055],[-119.29069471999998,37.749334168000075],[-119.28839371999999,37.745035168000072],[-119.26899171599996,37.73923516900004],[-119.26119171499994,37.741035170000032],[-119.25589171499996,37.74503517100004],[-119.25499371599994,37.756334171000049],[-119.25019271499997,37.757448172000068],[-119.24309271499999,37.769135174000041],[-119.23659271399998,37.773635174000049],[-119.23079271399996,37.774435175000065],[-119.22919271399996,37.777635175000057],[-119.22129271299997,37.779135176000068],[-119.21529271199995,37.789934177000077],[-119.20329271099996,37.794934179000052],[-119.20129271199994,37.804334180000069],[-119.20499371399995,37.81153418100007],[-119.21689371599996,37.818733181000027],[-119.21329371599995,37.825033181000038],[-119.20399371499997,37.829833182000073],[-119.20689271699996,37.83993218300003],[-119.19619471599998,37.844033184000068],[-119.20179471699998,37.847533184000042],[-119.21049471899994,37.845633183000075],[-119.21549471899999,37.847033183000065],[-119.21689471899998,37.849633183000037],[-119.21259471999997,37.856932184000073],[-119.21409572199997,37.871532185000035],[-119.20639572199997,37.883532187000071],[-119.20079572099996,37.883232187000033],[-119.20079572199995,37.887432188000048],[-119.20769572299997,37.889831188000073],[-119.21069572399995,37.893931188000067],[-119.21079572399998,37.89943118900004],[-119.21989572499996,37.898631188000024],[-119.22669672799998,37.906631187000073],[-119.23449672999999,37.910331188000043],[-119.26389773499994,37.912230185000055],[-119.26569873599999,37.915130186000056],[-119.26399873599996,37.926530187000026],[-119.28059973999996,37.933830187000069],[-119.28789974099999,37.933029186000056],[-119.29590074299995,37.942729186000065],[-119.30840174599996,37.946829186000059],[-119.31310174699996,37.953029186000037],[-119.31460274899996,37.964128187000028],[-119.32260275099998,37.971028187000059],[-119.31470275099997,37.981128188000071],[-119.31840375199999,37.986428189000037],[-119.30990975299994,38.001168191000033],[-119.30704675399994,38.012327192000043],[-119.30816475399996,38.019497193000063],[-119.30460275399997,38.023896193000041],[-119.30887875599996,38.033172194000031],[-119.31396475699995,38.034540193000055],[-119.31063675699994,38.040253195000048],[-119.31120275699999,38.044761194000046],[-119.32265775999997,38.04987019400005],[-119.32422576199997,38.060942196000042],[-119.32793976299996,38.06570819500007],[-119.33585176399998,38.066288194000037],[-119.34593476799995,38.083118195000054],[-119.34985776899998,38.085571196000046],[-119.35713976999995,38.082982195000056],[-119.36507777199995,38.090206195000064],[-119.37106777299999,38.088600194000037],[-119.37456977399995,38.093529195000031],[-119.38023477499996,38.092551194000066],[-119.38286177599997,38.097708194000063],[-119.38989177699995,38.099135194000041],[-119.39703677899996,38.106826194000064],[-119.40251977999998,38.10555619400003],[-119.41263978199999,38.107862193000074],[-119.42396978399995,38.107443192000062],[-119.43055878599995,38.116274192000049],[-119.44157078599994,38.102688191000027],[-119.44048078499998,38.095683190000045],[-119.44588778599996,38.093064189000074],[-119.44935778699994,38.09956819000007],[-119.45439078699997,38.096073189000037],[-119.45981778899994,38.096282188000032],[-119.46370478899996,38.098340189000055],[-119.46451278999996,38.103594189000034],[-119.45746078999997,38.11055519100006],[-119.46209578999998,38.109113190000073],[-119.47285479299995,38.116971190000072],[-119.46946879399997,38.128288191000024],[-119.48853179699995,38.132180190000042],[-119.48913979799994,38.143444191000071],[-119.49697979999996,38.149302191000061],[-119.49650280199995,38.156658192000066],[-119.50294180199995,38.159032192000041],[-119.50779580299996,38.152642190000051],[-119.50518680099998,38.142164190000074],[-119.50650280099995,38.137118189000034],[-119.51553980199998,38.137359188000062],[-119.53117480599997,38.144491188000075],[-119.54683180799998,38.143273187000034],[-119.54796480899995,38.148120187000075],[-119.54551380899994,38.153061188000038],[-119.54695980899999,38.154425188000062],[-119.56385081199994,38.154003187000058],[-119.56666281299999,38.157210186000043],[-119.57650881499995,38.157666186000029],[-119.58136081699996,38.172508187000062],[-119.57860781699998,38.17685818800004],[-119.58563981899999,38.184380188000034],[-119.59227881999999,38.185057187000041],[-119.59833282099999,38.181608186000062],[-119.60565982299994,38.188415186000043],[-119.61949882599998,38.191067186000055],[-119.63268382899997,38.19886318500005],[-119.63093982899994,38.203945186000055],[-119.62636682899995,38.204670187000033],[-119.62503482899996,38.206886187000066],[-119.62711382899994,38.213204187000031],[-119.62543382899997,38.215141188000075],[-119.62668082999994,38.219362188000048],[-119.62351682999997,38.220401188000039],[-119.62443483099997,38.22867818800006],[-119.60419482799995,38.234966191000069],[-119.60490782899996,38.239203191000058],[-119.61402983099998,38.242809191000049],[-119.62170783299996,38.251946191000059],[-119.62042383299996,38.254946192000034],[-119.61294883299996,38.259112193000078],[-119.61321383299997,38.261421193000047],[-119.63020683699995,38.268708192000076],[-119.63777583899997,38.278391192000072],[-119.64283983999997,38.278456192000078],[-119.65152184299995,38.286467192000032],[-119.64249084199997,38.293845194000028],[-119.64436484299995,38.299607194000032],[-119.64236784399998,38.315613196000072],[-119.64477784399998,38.31687519500008],[-119.64518984499995,38.32058319600003],[-119.63921784499996,38.326885197000024]]]},"properties":{"STATE_COUNTY_FIPS_CD":"06109","COUNTY_NM":"Tuolumne","MMG_PCT_OVERALL_FI_RATE":13,"MMG_YEAR":"2020"}},{"type":"Feature","geometry":{"type":"MultiPolygon","coordinates":[[[[-119.44236445799999,34.901278876000049],[-119.44159441799997,34.451871830000073],[-119.44330341899996,34.449529830000074],[-119.44042641699997,34.441846829000042],[-119.44472941599997,34.429514827000048],[-119.45315341799994,34.428949827000054],[-119.45457941699999,34.421747826000058],[-119.45443441799995,34.418338826000024],[-119.44542341499999,34.408885825000027],[-119.44565241499998,34.404261825000049],[-119.45181741499999,34.396994824000046],[-119.46873941699999,34.388408822000031],[-119.46842641699999,34.386611822000077],[-119.47269941699994,34.383666821000077],[-119.47302741699997,34.37949382000005],[-119.47762841799999,34.379745820000039],[-119.47666619899996,34.373203790000048],[-119.47118181799999,34.376009091000071],[-119.46103636299995,34.374063636000074],[-119.44285454499999,34.355300000000057],[-119.43355454499999,34.355900000000076],[-119.42775454499997,34.353009091000047],[-119.41295454499999,34.338381818000073],[-119.40115454499994,34.331154545000061],[-119.39044545399997,34.318200000000047],[-119.37578181799995,34.321118182000077],[-119.36909090899996,34.318881818000079],[-119.34919090899996,34.304381818000024],[-119.33747272699998,34.290581818000078],[-119.32110909099998,34.283363636000047],[-119.31085454499998,34.275018182000053],[-119.30490909099996,34.272990909000043],[-119.29094545399994,34.274900000000059],[-119.28566363599998,34.272409091000043],[-119.27284545399999,34.259000000000071],[-119.26964545399994,34.250463636000063],[-119.27138181799995,34.247472727000059],[-119.26814545399998,34.250509091000026],[-119.26874545399994,34.25322727300005],[-119.26562727199996,34.253918182000064],[-119.26769999999999,34.259881818000053],[-119.26552727199999,34.254909091000059],[-119.26383636299994,34.255200000000059],[-119.26551818199999,34.260772727000074],[-119.26204545399997,34.25440909100007],[-119.26713636299996,34.25204545400004],[-119.26674545399999,34.250409091000051],[-119.26265454499998,34.249309091000043],[-119.26354545399994,34.245618182000044],[-119.25796363599994,34.246227273000045],[-119.25772727199995,34.244609091000029],[-119.26164545399996,34.243327273000034],[-119.26174545399999,34.240536364000036],[-119.26424545399999,34.241027273000043],[-119.26634545399997,34.248809091000055],[-119.26914545399995,34.248800000000074],[-119.26863636299998,34.245809091000069],[-119.27031818199998,34.246109091000051],[-119.25703636299994,34.213309091000042],[-119.23720909099995,34.175845454000068],[-119.21629090899995,34.145600000000059],[-119.20314545399998,34.144509091000032],[-119.18865454499996,34.138990909000029],[-119.13017272699994,34.100100000000054],[-119.10978181799999,34.094563636000032],[-119.09821818199998,34.099336364000067],[-119.08619999999996,34.097890909000057],[-119.06123636299998,34.085390909000068],[-119.03749090899998,34.08310909100004],[-119.00728181799997,34.066090909000025],[-118.99696363599998,34.06594545400003],[-118.97773636299996,34.059818182000072],[-118.96453636299998,34.052209091000066],[-118.94492907099999,34.04510853000005],[-118.94081330499995,34.074971819000041],[-118.78890128799998,34.16821883800003],[-118.66816426799994,34.168199845000061],[-118.66772527299997,34.24040885200003],[-118.63250726699999,34.240430854000067],[-118.63256026999994,34.263433857000052],[-118.63680127199996,34.291808859000071],[-118.88137635599998,34.790633899000056],[-118.97673537099996,34.790664893000042],[-118.97673337299995,34.812203896000028],[-119.24365741699995,34.814182879000043],[-119.24365742099997,34.857580884000072],[-119.27835842699994,34.857280882000055],[-119.27695842799994,34.87967988500003],[-119.38246344599997,34.879679878000047],[-119.38216644799996,34.900940880000064],[-119.44236445799999,34.901278876000049]]],[[[-119.53434545399995,33.284827273000076],[-119.53914545399999,33.280827273000057],[-119.55074545399998,33.280527273000075],[-119.55474545399994,33.273627273000045],[-119.56204545399999,33.271127273000047],[-119.57894545399995,33.278627273000041],[-119.57314545399998,33.267727273000048],[-119.57294545399998,33.258627273000059],[-119.56454545399998,33.252427273000023],[-119.56576363599999,33.246918182000059],[-119.55957272699999,33.24490000000003],[-119.56055454499995,33.243618182000034],[-119.54475454499999,33.231845454000052],[-119.52089090899995,33.22896363600006],[-119.51309999999995,33.222909091000076],[-119.49819999999994,33.21841818200005],[-119.48627272699997,33.219063636000044],[-119.47019999999998,33.214218182000025],[-119.43895454499994,33.219463636000057],[-119.43577272699997,33.225690909000036],[-119.42154545399995,33.228509091000035],[-119.43708181799997,33.23354545400008],[-119.44339999999994,33.241609091000043],[-119.46522727199999,33.259372727000027],[-119.47410909099995,33.260500000000036],[-119.48578181799996,33.265436364000038],[-119.48640909099998,33.26751818200006],[-119.49839999999995,33.266327273000059],[-119.50504545399997,33.272827273000075],[-119.50974545399998,33.273627273000045],[-119.52444545399999,33.28322727300008],[-119.53434545399995,33.284827273000076]]],[[[-119.43269999999995,34.016018182000039],[-119.44402727199997,34.013545454000052],[-119.43773636299994,34.010000000000048],[-119.42539090899999,34.007736364000039],[-119.42256363599995,34.005145454000058],[-119.41202727199999,34.006700000000023],[-119.39218181799998,34.002418182000042],[-119.37909999999999,34.010354545000041],[-119.38269999999994,34.011154545000068],[-119.39014545399999,34.005890909000072],[-119.40719090899995,34.006245454000066],[-119.42137272699995,34.015009091000024],[-119.43269999999995,34.016018182000039]]],[[[-119.36414545399998,34.017263636000052],[-119.37019090899997,34.014472727000054],[-119.37249999999995,34.015936364000027],[-119.37804545399996,34.011909091000064],[-119.35743636299998,34.015645454000037],[-119.36414545399998,34.017263636000052]]]]},"properties":{"STATE_COUNTY_FIPS_CD":"06111","COUNTY_NM":"Ventura","MMG_PCT_OVERALL_FI_RATE":8.5,"MMG_YEAR":"2020"}},{"type":"Feature","geometry":{"type":"Polygon","coordinates":[[[-121.83550126599999,38.924486082000044],[-122.02381729599995,38.925935068000058],[-122.34018534299997,38.924251043000027],[-122.40404535199997,38.92529403900005],[-122.41239735199997,38.912542036000048],[-122.41652535199995,38.909567036000055],[-122.41583735199998,38.907359036000059],[-122.42191735299997,38.903775035000081],[-122.42206135299995,38.900895035000076],[-122.41556535099994,38.897103035000043],[-122.40527734699998,38.883407034000072],[-122.40567734699999,38.879871035000065],[-122.39121134299995,38.868718035000029],[-122.39506934399998,38.864250034000065],[-122.38519734099998,38.852480034000052],[-122.34998133399995,38.835761036000065],[-122.34209333299998,38.842081037000071],[-122.32977233099996,38.842369038000072],[-122.32406033099994,38.846257038000033],[-122.31537232799997,38.839473038000051],[-122.30302032699996,38.842401039000038],[-122.30186832699997,38.839617039000075],[-122.28801132399997,38.839936041000044],[-122.28266832199995,38.826481039000043],[-122.27662031999995,38.81862503900004],[-122.27399631799994,38.809442039000032],[-122.25927631399998,38.789522039000076],[-122.26007631399995,38.786834038000052],[-122.25609231199996,38.78221103900006],[-122.25306831099999,38.772691038000062],[-122.25012430799995,38.755267036000077],[-122.24150030499999,38.743156036000073],[-122.23514830399995,38.740228036000076],[-122.23082830199996,38.730788036000035],[-122.22654030099994,38.727012036000076],[-122.22503529999994,38.721540036000079],[-122.22842830099995,38.720628035000061],[-122.22305129699998,38.70451603500004],[-122.22421929699999,38.699989034000055],[-122.22060329599998,38.695365034000076],[-122.21383529499997,38.693413034000059],[-122.21258729499999,38.69595703400006],[-122.20839529399996,38.695589035000069],[-122.20455529299994,38.691477035000048],[-122.19973929199995,38.683317035000073],[-122.20343529099995,38.677189034000037],[-122.19194628699995,38.663317033000055],[-122.18325828599995,38.657141034000063],[-122.17613728499998,38.658741035000048],[-122.16713028299995,38.653669035000064],[-122.16231428099996,38.643845035000027],[-122.16596228099996,38.640262033000056],[-122.16119327899997,38.635382034000031],[-122.16255327999994,38.632694033000064],[-122.17039427999998,38.629830032000029],[-122.16836227899995,38.619302032000064],[-122.16597827799995,38.617686032000051],[-122.16093727699996,38.619302032000064],[-122.15148127699996,38.625254034000079],[-122.14442527399996,38.612214033000043],[-122.13940127299998,38.609174034000034],[-122.12900026899996,38.586998033000043],[-122.12909626799996,38.580903032000037],[-122.11404025999997,38.537895030000072],[-122.11519225999996,38.534391029000062],[-122.11165625899997,38.530647029000079],[-122.11274425899995,38.526632028000051],[-122.10329425599997,38.51335302800004],[-122.09502925399994,38.513063029000079],[-122.09078825399996,38.516001029000051],[-122.06847525099994,38.514112031000025],[-122.05742824899994,38.517446032000066],[-122.04158124599996,38.505718032000061],[-122.03557924299997,38.496127032000061],[-122.01339023899999,38.488726033000034],[-122.00309023799997,38.493907034000074],[-121.99594023799995,38.500426035000032],[-121.98658323699999,38.50299203600008],[-121.98543923699998,38.505662036000047],[-121.97808123599998,38.508282037000072],[-121.97471223699995,38.513658038000074],[-121.96361923499995,38.522807039000043],[-121.94746923399998,38.527101041000037],[-121.94108523399996,38.533262042000047],[-121.92533622999997,38.52971004300008],[-121.90898222799996,38.529581044000054],[-121.89379722699999,38.533434045000035],[-121.88589522599995,38.538765047000027],[-121.88063122499995,38.538031047000061],[-121.85730222099994,38.538101049000034],[-121.84407321899999,38.535243050000076],[-121.83257021599997,38.529762050000045],[-121.81334321299994,38.526028051000026],[-121.79477520999995,38.526942053000027],[-121.78582420799995,38.52307905300006],[-121.78357220799995,38.523292053000034],[-121.78304720899996,38.527015053000071],[-121.77971120899997,38.529917054000066],[-121.77169020699995,38.532306055000049],[-121.76511320499998,38.525861055000064],[-121.74666020399997,38.531833056000039],[-121.73860720399995,38.537709058000075],[-121.72221519999999,38.534875058000068],[-121.71204719899998,38.537967060000028],[-121.70074819599995,38.527432060000081],[-121.69469019599995,38.527059060000056],[-121.69371016899998,38.31373704300006],[-121.59328615299995,38.313094050000075],[-121.58982915499996,38.322696051000037],[-121.58523415399998,38.325517052000066],[-121.58396715399999,38.331657052000025],[-121.57519115199995,38.327181052000071],[-121.55936615199994,38.342572055000062],[-121.53723814899996,38.347596057000032],[-121.52165414799998,38.360109059000024],[-121.52106214899999,38.366893060000052],[-121.52427115099999,38.378986061000035],[-121.51483814999995,38.387195062000046],[-121.51327015099997,38.398827064000045],[-121.51747815399995,38.40893806400004],[-121.53261315799995,38.431465065000054],[-121.52845815899997,38.434553065000046],[-121.51536515599997,38.434523066000054],[-121.50659815499995,38.437291067000046],[-121.50234215499995,38.44189706800006],[-121.50104615599997,38.45013706900005],[-121.50518115899996,38.469812070000046],[-121.50888015999999,38.472814070000027],[-121.53877916399995,38.474712067000041],[-121.54748016699995,38.481212068000048],[-121.55918017099998,38.498012068000037],[-121.55676017099995,38.506535069000051],[-121.55187917199999,38.513811070000031],[-121.52519116799999,38.518967072000066],[-121.52557916899997,38.523111073000052],[-121.53078016999996,38.527911072000052],[-121.52982416999998,38.529831073000025],[-121.51263116899997,38.541671075000068],[-121.51130316899997,38.546295076000035],[-121.52097817299995,38.566210077000051],[-121.50827917299995,38.580510079000078],[-121.50628217399998,38.586310080000032],[-121.50868117499999,38.596808081000063],[-121.51577917699996,38.602709080000068],[-121.52768017899996,38.604609080000046],[-121.53908018099997,38.601909078000062],[-121.54458018099996,38.597709077000047],[-121.54988218199998,38.599410077000073],[-121.55828118399995,38.608209077000026],[-121.56688118999995,38.645109080000054],[-121.57608119199995,38.648609079000039],[-121.58718219299999,38.64271007800005],[-121.59408219399995,38.644111078000037],[-121.60958219899999,38.661113078000028],[-121.62802720299999,38.674762077000025],[-121.63193120499994,38.680649077000055],[-121.63417120599996,38.689848079000058],[-121.63245920699995,38.69504807900006],[-121.60762720499997,38.715573083000038],[-121.60529120499996,38.719524083000067],[-121.60290720699999,38.735843084000066],[-121.59341920699995,38.753990087000034],[-121.59322720899996,38.764321088000031],[-121.60487521299996,38.77936108800003],[-121.62412621599998,38.785179087000074],[-121.63159421699999,38.782669086000055],[-121.62803421599995,38.778011086000049],[-121.63243521599998,38.77426308500003],[-121.63484521499998,38.766917085000046],[-121.64040921699996,38.772766085000058],[-121.64617021899994,38.774078085000042],[-121.64860321899999,38.77282908400008],[-121.63889221699998,38.767107084000031],[-121.65289321799997,38.764227083000037],[-121.65670121799997,38.765667083000039],[-121.65807121899996,38.768841083000041],[-121.66397022099994,38.768161083000052],[-121.65820721799997,38.754927082000052],[-121.66767621899999,38.75394108100005],[-121.66848821799999,38.746053081000071],[-121.67368721799994,38.743172079000033],[-121.67721121999995,38.750181080000061],[-121.67003121999994,38.759315082000057],[-121.67666722199999,38.760195080000074],[-121.68091622299994,38.763627080000049],[-121.68726122299995,38.763695080000048],[-121.69257522499998,38.767715080000073],[-121.68645222499998,38.775365082000064],[-121.69338122799996,38.78982108200006],[-121.69068422799995,38.795632082000054],[-121.69585222899997,38.796711082000058],[-121.70126422999999,38.803033083000059],[-121.70906323099996,38.801030082000068],[-121.72335923399999,38.803764081000054],[-121.72342723699995,38.825622083000042],[-121.73096623899994,38.835258083000042],[-121.72969723899996,38.839585084000078],[-121.72598423899996,38.841259084000058],[-121.72870923999994,38.846632084000078],[-121.72355323999994,38.852297085000032],[-121.72817724099997,38.853413084000067],[-121.73046824199997,38.859091085000045],[-121.74481624499998,38.864160084000048],[-121.74863724599999,38.871323084000039],[-121.75932824799997,38.868376083000044],[-121.75843324699997,38.862360083000056],[-121.76530924799999,38.864192083000034],[-121.77003624799994,38.861542082000028],[-121.77675324899997,38.861345082000071],[-121.78389424999995,38.856450081000048],[-121.78448725099997,38.861314081000046],[-121.78732725099997,38.863985081000067],[-121.79303325199999,38.862977080000064],[-121.79599025299996,38.866664080000078],[-121.80238625399994,38.864587079000046],[-121.80390925499995,38.870028080000054],[-121.81163125599994,38.873375080000073],[-121.81725025799994,38.882879081000056],[-121.80678625699994,38.890320082000073],[-121.80310625799996,38.897424083000033],[-121.80400225799997,38.901725083000031],[-121.79360225699997,38.900720084000056],[-121.79152225699994,38.905407084000046],[-121.81018025999998,38.90794608300007],[-121.81526726199996,38.911215083000059],[-121.80585625999998,38.910798083000032],[-121.80553825999999,38.915070084000035],[-121.82893126499999,38.918478082000036],[-121.83550126599999,38.924486082000044]]]},"properties":{"STATE_COUNTY_FIPS_CD":"06113","COUNTY_NM":"Yolo","MMG_PCT_OVERALL_FI_RATE":10.6000004,"MMG_YEAR":"2020"}},{"type":"Feature","geometry":{"type":"Polygon","coordinates":[[[-121.02209820099995,39.391563184000063],[-121.03441921899997,39.514514193000025],[-121.04484321999996,39.514178192000031],[-121.04875622099996,39.517025192000062],[-121.04974122199997,39.521102193000047],[-121.05372722299995,39.522243192000076],[-121.05121322299999,39.524534193000079],[-121.05821622499997,39.537048193000032],[-121.05705722499999,39.540403193000031],[-121.05132722499997,39.542077194000058],[-121.04832922499997,39.548266195000053],[-121.03901222399998,39.550393196000073],[-121.03210122399997,39.555705196000076],[-121.03178722399997,39.558240197000032],[-121.02439622299994,39.559054198000069],[-121.00949023099997,39.639464206000071],[-121.07670823599994,39.59726919600007],[-121.07955623499998,39.585268196000072],[-121.10747823899999,39.585280193000074],[-121.10698323699995,39.56719619200004],[-121.11632723799994,39.567103191000058],[-121.11646423799999,39.563548190000063],[-121.14122624099997,39.562283188000038],[-121.14089824099995,39.555555188000028],[-121.14991124199997,39.555294188000062],[-121.14992023799999,39.526451185000042],[-121.15899123899999,39.526136185000041],[-121.15930923899998,39.519600184000069],[-121.18541224299997,39.519733182000039],[-121.18518624399996,39.52670018200007],[-121.21003524799994,39.527225180000073],[-121.24049625299995,39.526618178000035],[-121.24025524999996,39.513096176000033],[-121.27709025599995,39.512817174000077],[-121.27680225699999,39.52027617400006],[-121.30513526099998,39.519590172000051],[-121.30543825799998,39.497821171000055],[-121.31021325999995,39.497766170000034],[-121.31017725699996,39.486836169000071],[-121.31499325899995,39.486966168000038],[-121.31480025699994,39.475904168000056],[-121.32408025899997,39.475718167000025],[-121.32415425799996,39.468613166000068],[-121.33344025899999,39.468734166000047],[-121.33345125899996,39.465095166000026],[-121.33827725999998,39.465036165000072],[-121.33843325799995,39.454386164000027],[-121.34515225899997,39.45257216400006],[-121.34662525899995,39.445223163000037],[-121.34372525699996,39.440679163000027],[-121.34535125699995,39.438928163000071],[-121.34062925499995,39.431610162000027],[-121.33530625399999,39.430408162000049],[-121.33408425399995,39.425807162000069],[-121.35122925499996,39.41593916000005],[-121.36308025499994,39.404182158000026],[-121.35997525399995,39.399042158000043],[-121.36716425199995,39.378176156000052],[-121.37258625199996,39.37358415500006],[-121.37243425099996,39.364917154000068],[-121.38233925299994,39.36302515400007],[-121.38786825299997,39.356000152000036],[-121.40323125399999,39.349572151000075],[-121.40324325399996,39.345457151000062],[-121.40700925399995,39.344435150000038],[-121.40598125399998,39.340574150000066],[-121.41567325499994,39.340069149000044],[-121.42627125599995,39.334978148000062],[-121.43482625799999,39.337487147000047],[-121.44702725899998,39.330573146000063],[-121.45759126099995,39.335516145000042],[-121.46360126099995,39.330862144000037],[-121.46865926299995,39.333768144000032],[-121.47456426299999,39.333529143000078],[-121.47801126299998,39.328769143000045],[-121.48410026399995,39.326130143000057],[-121.48491826299994,39.32150714200003],[-121.48264126299995,39.320137142000078],[-121.48414026299997,39.317999142000076],[-121.49533026399996,39.319046141000058],[-121.49778326399996,39.314200140000025],[-121.50442326599995,39.318033140000068],[-121.53055826999997,39.318261138000025],[-121.53642626999999,39.314215138000066],[-121.54712227099998,39.31218713700008],[-121.54874627099997,39.308778135000068],[-121.56371327399995,39.304943134000041],[-121.57570627599995,39.31084213400004],[-121.58528127799997,39.311576133000074],[-121.59419627899996,39.307840132000081],[-121.60226727999998,39.311434132000045],[-121.60420928099995,39.318025132000059],[-121.61119028199994,39.319285132000061],[-121.62075128199996,39.303257129000031],[-121.61823028099997,39.30103912900006],[-121.62377328199995,39.295626129000027],[-121.62557228199995,39.292483128000072],[-121.63166728199997,39.291538127000081],[-121.62724127999996,39.279719127000078],[-121.62195127799998,39.273576127000069],[-121.62512027899999,39.27167412700004],[-121.63023227999997,39.273697126000059],[-121.63254327899995,39.270914126000037],[-121.62845127799994,39.266518126000051],[-121.62142527699996,39.26371212600003],[-121.62721627699995,39.259370126000078],[-121.63565727899999,39.262007125000025],[-121.63638127699994,39.246081123000067],[-121.63501127599994,39.240524123000057],[-121.62773627399997,39.235511123000038],[-121.62772527299995,39.228605123000079],[-121.61436927099999,39.228896124000073],[-121.61813627099997,39.220651123000039],[-121.61364326899997,39.213865123000062],[-121.62029726999998,39.213492122000048],[-121.62113426899998,39.206157122000036],[-121.62491626999997,39.206926121000038],[-121.62910227099997,39.204683121000073],[-121.62370926799997,39.19574212100008],[-121.61515026699999,39.193301121000047],[-121.61305026599996,39.190484121000054],[-121.61846526599999,39.183074120000072],[-121.61649726499996,39.178679120000027],[-121.61117226399995,39.175711120000074],[-121.61562726399995,39.167829119000032],[-121.60552025999999,39.148464118000049],[-121.60758825899995,39.140900118000047],[-121.59768925599997,39.127797117000057],[-121.60462825499997,39.113855116000025],[-121.60143025399998,39.104986115000031],[-121.60269125299999,39.100163115000043],[-121.59564425099995,39.099452115000076],[-121.59124025099999,39.102632116000052],[-121.58730525099998,39.101723116000073],[-121.58612124899997,39.089121115000069],[-121.61027024799995,39.056814111000051],[-121.60564724399995,39.032633108000027],[-121.59436224199999,39.023306109000032],[-121.60004924099997,39.012111108000056],[-121.58332823799998,39.009473109000055],[-121.57910823699996,39.006697108000026],[-121.58941223699998,38.990349107000043],[-121.58656123499998,38.979981106000025],[-121.58738323399996,38.973378105000052],[-121.58146023299997,38.965295105000052],[-121.58049723199997,38.960619105000035],[-121.58260523099995,38.955700104000073],[-121.57797422899995,38.946776104000037],[-121.58219622899998,38.935655102000055],[-121.57893322599995,38.921695102000058],[-121.57542822599999,38.918353101000037],[-121.57131022699997,38.938923104000025],[-121.56148322799999,38.953442106000068],[-121.55353122699995,38.953760106000061],[-121.54331922699998,38.972409109000068],[-121.52466622399999,38.971478110000078],[-121.50904222299999,38.982796112000074],[-121.49370322199997,38.984307114000046],[-121.48965922199994,38.992055114000038],[-121.48721822099998,38.990647114000069],[-121.48206322099998,38.993505115000062],[-121.47442121899996,38.992178116000048],[-121.45947621799996,38.997844117000056],[-121.44904321599995,38.997207118000063],[-121.44383921499997,38.993330118000074],[-121.41479221099996,38.996457120000059],[-121.41480021099994,38.99842312100003],[-121.40790720999996,38.999055121000026],[-121.39767220899995,39.005893123000078],[-121.39523320899997,39.010459123000032],[-121.38456120799998,39.014500124000051],[-121.38510220799998,39.017723125000032],[-121.37708520799998,39.021019126000056],[-121.37239320799995,39.027735127000028],[-121.36565620799996,39.031748127000071],[-121.35387820599999,39.031308128000035],[-121.33576220399999,39.038797130000034],[-121.32913020399997,39.04390413200008],[-121.32302520299999,39.043010131000074],[-121.31960920299997,39.048674132000031],[-121.31156520099995,39.051998133000041],[-121.30450919999998,39.052470134000032],[-121.30235719899997,39.047834134000027],[-121.29334519799994,39.043974134000052],[-121.29022619699998,39.03687513400007],[-121.27954619399998,39.034623134000071],[-121.27954321899995,39.230542150000076],[-121.27608921899997,39.231423151000058],[-121.26880021899996,39.240255152000032],[-121.26931422099995,39.252128153000058],[-121.25919521999998,39.256426154000053],[-121.26238922099998,39.264557155000034],[-121.26645022299999,39.268590155000027],[-121.26614522299997,39.272722155000054],[-121.24258421999997,39.283500158000038],[-121.22389221799995,39.282446159000074],[-121.21839121699998,39.284188159000053],[-121.21490421799996,39.29288616000008],[-121.20015921699996,39.302380162000077],[-121.20499021799998,39.307894163000071],[-121.20636521999995,39.316474164000056],[-121.19923921899999,39.322698165000077],[-121.19563221899995,39.329587165000078],[-121.18454121799999,39.330850167000051],[-121.18346121799999,39.335976167000069],[-121.17799521699999,39.338707168000042],[-121.16503321599998,39.338643168000033],[-121.16253221399995,39.33262116800006],[-121.15754621399998,39.332472168000038],[-121.15771721499999,39.340137169000059],[-121.15477921499996,39.348610170000029],[-121.14381221399998,39.349660171000039],[-121.14514821499995,39.355787171000031],[-121.13708421399997,39.363320173000034],[-121.13686021499996,39.368079173000069],[-121.13369321499999,39.371637173000067],[-121.12714921399999,39.372573174000024],[-121.12586321499998,39.377254175000076],[-121.12790121499995,39.380049175000067],[-121.11621521299998,39.37850917600008],[-121.11199521299994,39.381160176000037],[-121.10156821099997,39.381026177000081],[-121.09638021199999,39.387699177000059],[-121.08691020999998,39.386391179000043],[-121.08401521099995,39.394629179000049],[-121.06310420699998,39.390953181000043],[-121.05941320599999,39.395041181000067],[-121.04980820499998,39.395450182000047],[-121.04712320399994,39.393519182000034],[-121.04754220399997,39.389746182000067],[-121.04189320199998,39.388161182000033],[-121.03459020299999,39.395530183000062],[-121.03124220199999,39.39533218400004],[-121.02565019999997,39.389410184000042],[-121.02209820099995,39.391563184000063]]]},"properties":{"STATE_COUNTY_FIPS_CD":"06115","COUNTY_NM":"Yuba","MMG_PCT_OVERALL_FI_RATE":13.1999998,"MMG_YEAR":"2020"}}]}